sym,country,state,fiscal_end,sic,sic_desc,exchange
A,United States,DE,1031.0,3826.0,Laboratory Analytical Instruments,NYSE
AA,United States,DE,1231.0,3334.0,Primary Production of  Aluminum,NYSE
AAAU,United States,NY,1231.0,6221.0,Commodity Contracts Brokers & Dealers,CBOE
AACG,Foreign,E9,1231.0,8200.0,Services-Educational Services,Nasdaq
AACI,United States,E9,930.0,6770.0,Blank Checks,"Nasdaq,Nasdaq,Nasdaq"
AACP,United States,E9,1231.0,6770.0,Blank Checks,"Nasdaq,Nasdaq,Nasdaq,Nas"
AADX,United States,DE,1231.0,3728.0,"Aircraft Parts & Auxiliary Equipment, NE",NYSE
AAL,United States,DE,1231.0,4512.0,"Air Transportation, Scheduled",Nasdaq
AAME,United States,GA,1231.0,6311.0,Life Insurance,Nasdaq
AAMI,United States,DE,1231.0,6282.0,Investment Advice,NYSE
AAOI,United States,DE,1231.0,3674.0,Semiconductors & Related Devices,Nasdaq
AAON,United States,NV,1231.0,3585.0,Air-Cond & Warm Air Heatg Equip & Comm &,Nasdaq
AAP,United States,DE,102.0,5531.0,Retail-Auto & Home Supply Stores,NYSE
AAPG,Foreign,E9,1231.0,2834.0,Pharmaceutical Preparations,Nasdaq
AAPI,United States,NV,1231.0,6411.0,"Insurance Agents, Brokers & Service",OTC
AAPL,United States,CA,926.0,3571.0,Electronic Computers,Nasdaq
AAQL,United States,NY,331.0,7331.0,Services-Direct Mail Advertising Service,OTC
AARD,United States,DE,1231.0,2834.0,Pharmaceutical Preparations,Nasdaq
AASP,United States,NV,1231.0,5900.0,Retail-Miscellaneous Retail,OTC
AAT,United States,MD,1231.0,6798.0,Real Estate Investment Trusts,NYSE
AATC,United States,MN,1231.0,3829.0,"Measuring & Controlling Devices, NEC",OTC
AAUAF,Foreign,,1231.0,1000.0,Metal Mining,OTC
AAUC,Foreign,A6,1231.0,1040.0,Gold and Silver Ores,NYSE
AAWH,United States,DE,1231.0,2833.0,Medicinal Chemicals & Botanical Products,OTC
AB,United States,DE,1231.0,6282.0,Investment Advice,NYSE
ABAT,United States,NV,630.0,1400.0,Mining & Quarrying of  Nonmetallic Miner,Nasdaq
ABBNY,Foreign,,1231.0,3613.0,Switchgear & Switchboard Apparatus,"OTC,OTC"
ABBV,United States,DE,1231.0,2834.0,Pharmaceutical Preparations,NYSE
ABCB,United States,GA,1231.0,6022.0,State Commercial Banks,NYSE
ABCL,United States,A1,1231.0,2834.0,Pharmaceutical Preparations,Nasdaq
ABCP,United States,,1231.0,6512.0,Opeators of  Nonresidential Buildings,OTC
ABEO,United States,DE,1231.0,2834.0,Pharmaceutical Preparations,Nasdaq
ABEV,Foreign,D5,1231.0,2080.0,Beverages,NYSE
ABG,United States,DE,1231.0,5500.0,Retail-Auto Dealers & Gasoline Stations,NYSE
ABIT,United States,NV,1231.0,6199.0,Finance Services,OTC
ABM,United States,DE,1031.0,7340.0,Services-To Dwellings & Other Buildings,NYSE
ABNB,United States,DE,1231.0,7340.0,Services-To Dwellings & Other Buildings,Nasdaq
ABOS,United States,DE,1231.0,2836.0,"Biological Products, (No Diagnostic Subs",Nasdaq
ABPO,United States,DE,1231.0,2836.0,"Biological Products, (No Diagnostic Subs","OTC,OTC"
ABR,United States,MD,1231.0,6798.0,Real Estate Investment Trusts,"NYSE,NYSE,NYSE,NYSE"
ABSI,United States,,1231.0,8731.0,Services-Commercial Physical & Biologica,Nasdaq
ABT,United States,IL,1231.0,2834.0,Pharmaceutical Preparations,NYSE
ABTC,United States,DE,1231.0,6199.0,Finance Services,Nasdaq
ABTS,Foreign,D8,1231.0,6199.0,Finance Services,Nasdaq
ABUS,Foreign,A1,1231.0,2834.0,Pharmaceutical Preparations,Nasdaq
ABVC,United States,NV,1231.0,2834.0,Pharmaceutical Preparations,Nasdaq
ABVX,Foreign,I0,1231.0,2834.0,Pharmaceutical Preparations,"Nasdaq,OTC"
ABX,United States,DE,1231.0,6282.0,Investment Advice,"NYSE,NYSE"
ACA,United States,DE,1231.0,3440.0,Fabricated Structural Metal Products,NYSE
ACAD,United States,DE,1231.0,2834.0,Pharmaceutical Preparations,Nasdaq
ACAT,United States,NV,1231.0,8200.0,Services-Educational Services,
ACB,Foreign,A1,331.0,2833.0,Medicinal Chemicals & Botanical Products,Nasdaq
ACBM,United States,NV,1231.0,7900.0,Services-Amusement & Recreation Services,OTC
ACCL,Foreign,,,8742.0,Services-Management Consulting Services,Nasdaq
ACCO,United States,DE,1231.0,2780.0,"Blankbooks, Looseleaf Binders & Bookbind",NYSE
ACCS,United States,,1231.0,8742.0,Services-Management Consulting Services,NYSE
ACDC,United States,DE,1231.0,1389.0,"Oil & Gas Field Services, NEC",Nasdaq
ACEL,United States,DE,1231.0,7900.0,Services-Amusement & Recreation Services,NYSE
ACET,United States,DE,1226.0,2834.0,Pharmaceutical Preparations,Nasdaq
ACFN,United States,DE,1231.0,8711.0,Services-Engineering Services,Nasdaq
ACGL,United States,,1231.0,6331.0,"Fire, Marine & Casualty Insurance","Nasdaq,Nasdaq,Nasdaq"
ACGP,United States,DE,1231.0,6211.0,"Security Brokers, Dealers & Flotation Co",
ACH,United States,VA,1231.0,5047.0,"Wholesale-Medical, Dental & Hospital Equ",NYSE
ACHC,United States,DE,1231.0,8093.0,Services-Specialty Outpatient Facilities,Nasdaq
ACHR,United States,,1231.0,3721.0,Aircraft,"NYSE,NYSE"
ACHV,United States,DE,1231.0,2835.0,In Vitro & In Vivo Diagnostic Substances,Nasdaq
ACI,United States,DE,227.0,5411.0,Retail-Grocery Stores,NYSE
ACIC,United States,DE,1231.0,6331.0,"Fire, Marine & Casualty Insurance",Nasdaq
ACIU,Foreign,V8,1231.0,2834.0,Pharmaceutical Preparations,Nasdaq
ACIW,United States,DE,1231.0,7372.0,Services-Prepackaged Software,Nasdaq
ACLS,United States,DE,1231.0,3559.0,"Special Industry Machinery, NEC",Nasdaq
ACM,United States,DE,930.0,8711.0,Services-Engineering Services,NYSE
ACMR,United States,CA,1231.0,3559.0,"Special Industry Machinery, NEC",Nasdaq
ACN,United States,L2,831.0,7389.0,"Services-Business Services, NEC",NYSE
ACNB,United States,PA,1231.0,6022.0,State Commercial Banks,Nasdaq
ACNT,United States,DE,1231.0,2800.0,Chemicals & Allied Products,Nasdaq
ACOG,United States,A1,1231.0,2836.0,"Biological Products, (No Diagnostic Subs",Nasdaq
ACON,United States,DE,1231.0,8071.0,Services-Medical Laboratories,"Nasdaq,Nasdaq"
ACQC,United States,DE,1231.0,6770.0,Blank Checks,OTC
ACR,United States,MD,1231.0,6798.0,Real Estate Investment Trusts,"NYSE,NYSE,NYSE"
ACRE,United States,MD,,6798.0,Real Estate Investment Trusts,NYSE
ACRG,United States,NV,1231.0,1400.0,Mining & Quarrying of  Nonmetallic Miner,OTC
ACRL,United States,FL,1231.0,1000.0,Metal Mining,OTC
ACRS,United States,DE,1231.0,2834.0,Pharmaceutical Preparations,Nasdaq
ACRV,United States,,1231.0,2834.0,Pharmaceutical Preparations,Nasdaq
ACT,United States,DE,1231.0,6411.0,"Insurance Agents, Brokers & Service",Nasdaq
ACTG,United States,DE,1231.0,6794.0,Patent Owners & Lessors,Nasdaq
ACTU,United States,DE,1231.0,2834.0,Pharmaceutical Preparations,Nasdaq
ACU,United States,CT,1231.0,3420.0,"Cutlery, Handtools & General Hardware",NYSE
ACUT,United States,DE,1231.0,2834.0,Pharmaceutical Preparations,OTC
ACVA,United States,DE,1231.0,7389.0,"Services-Business Services, NEC",NYSE
ACXP,United States,DE,1231.0,2834.0,Pharmaceutical Preparations,Nasdaq
AD,United States,DE,1231.0,4812.0,Radiotelephone Communications,"NYSE,NYSE,NYSE,NYSE"
ADAG,Foreign,E9,1231.0,2834.0,Pharmaceutical Preparations,Nasdaq
ADAM,United States,MD,1231.0,6798.0,Real Estate Investment Trusts,"Nasdaq,Nasdaq,Nasdaq,Nas"
ADAPY,Foreign,X0,1231.0,2836.0,"Biological Products, (No Diagnostic Subs",
ADBE,United States,DE,1127.0,7372.0,Services-Prepackaged Software,Nasdaq
ADBT,United States,DE,331.0,7372.0,Services-Prepackaged Software,
ADC,United States,DE,1231.0,6798.0,Real Estate Investment Trusts,"NYSE,NYSE"
ADCT,Foreign,V8,1231.0,2834.0,Pharmaceutical Preparations,NYSE
ADEA,United States,DE,1231.0,4841.0,Cable & Other Pay Television Services,Nasdaq
ADGM,United States,DE,1231.0,3841.0,Surgical & Medical Instruments & Apparat,Nasdaq
ADI,United States,MA,1101.0,3674.0,Semiconductors & Related Devices,Nasdaq
ADIA,United States,NV,1231.0,2833.0,Medicinal Chemicals & Botanical Products,OTC
ADIG,United States,DE,1231.0,5072.0,Wholesale-Hardware,NYSE
ADIL,United States,DE,1231.0,2834.0,Pharmaceutical Preparations,Nasdaq
ADM,United States,DE,1231.0,2070.0,Fats & Oils,NYSE
ADMA,United States,DE,1231.0,2836.0,"Biological Products, (No Diagnostic Subs",Nasdaq
ADMG,United States,NV,1231.0,1000.0,Metal Mining,
ADMQ,United States,NV,1231.0,7310.0,Services-Advertising,OTC
ADMT,United States,DE,331.0,3845.0,Electromedical & Electrotherapeutic Appa,OTC
ADNH,United States,DE,1231.0,3690.0,"Miscellaneous Electrical Machinery, Equi",
ADNT,United States,L2,930.0,3714.0,Motor Vehicle Parts & Accessories,NYSE
ADP,United States,DE,630.0,7374.0,Services-Computer Processing & Data Prep,Nasdaq
ADPT,United States,WA,1231.0,2836.0,"Biological Products, (No Diagnostic Subs",Nasdaq
ADSE,Foreign,L2,1231.0,3690.0,"Miscellaneous Electrical Machinery, Equi","Nasdaq,Nasdaq"
ADSK,United States,DE,131.0,7372.0,Services-Prepackaged Software,Nasdaq
ADT,United States,DE,1231.0,7381.0,"Services-Detective, Guard & Armored Car ",NYSE
ADTI,United States,NV,331.0,7900.0,Services-Amusement & Recreation Services,OTC
ADTN,United States,,1231.0,3661.0,Telephone & Telegraph Apparatus,Nasdaq
ADTX,United States,DE,1231.0,2834.0,Pharmaceutical Preparations,OTC
ADUR,Foreign,A1,531.0,2800.0,Chemicals & Allied Products,Nasdaq
ADUS,United States,DE,1231.0,8082.0,Services-Home Health Care Services,Nasdaq
ADV,United States,,1231.0,7389.0,"Services-Business Services, NEC",Nasdaq
ADVB,United States,NV,630.0,8071.0,Services-Medical Laboratories,Nasdaq
ADXN,Foreign,V8,1231.0,2834.0,Pharmaceutical Preparations,Nasdaq
AEAE,United States,DE,1231.0,3714.0,Motor Vehicle Parts & Accessories,"OTC,OTC,OTC"
AEBI,United States,V8,1231.0,3531.0,Construction Machinery & Equip,Nasdaq
AEE,United States,MO,1231.0,4931.0,Electric & Other Services Combined,NYSE
AEHL,Foreign,D8,930.0,4899.0,"Communications Services, NEC",Nasdaq
AEHR,United States,CA,1231.0,3825.0,Instruments For Meas & Testing of  Elect,Nasdaq
AEI,United States,TX,1231.0,6500.0,Real Estate,Nasdaq
AEIS,United States,DE,1231.0,3679.0,"Electronic Components, NEC",Nasdaq
AEM,Foreign,A6,1231.0,1040.0,Gold and Silver Ores,NYSE
AEMD,United States,NV,331.0,3841.0,Surgical & Medical Instruments & Apparat,Nasdaq
AENT,United States,DE,630.0,5099.0,"Wholesale-Durable Goods, NEC","Nasdaq,Nasdaq"
AEO,United States,DE,130.0,5651.0,Retail-Family Clothing Stores,NYSE
AEON,United States,DE,1231.0,2834.0,Pharmaceutical Preparations,NYSE
AEP,United States,NY,1231.0,4911.0,Electric Services,Nasdaq
AER,Foreign,P7,1231.0,7359.0,"Services-Equipment Rental & Leasing, NEC",NYSE
AERA,United States,NV,831.0,6794.0,Patent Owners & Lessors,OTC
AERG,United States,DE,1231.0,3812.0,"Search, Detection, Navigation, Guidance,","OTC,OTC"
AERO,Foreign,O5,1231.0,4512.0,"Air Transportation, Scheduled",NYSE
AERT,United States,,331.0,8742.0,Services-Management Consulting Services,"Nasdaq,Nasdaq"
AES,United States,DE,1231.0,4991.0,Cogeneration Services & Small Power Prod,NYSE
AESI,United States,DE,1231.0,1311.0,Crude Petroleum & Natural Gas,NYSE
AESP,United States,E9,1231.0,6770.0,Blank Checks,"Nasdaq,Nasdaq,Nasdaq,Nas"
AETN,United States,DE,1231.0,3690.0,"Miscellaneous Electrical Machinery, Equi",OTC
AEVA,United States,DE,1231.0,3714.0,Motor Vehicle Parts & Accessories,Nasdaq
AEYE,United States,DE,1231.0,7372.0,Services-Prepackaged Software,Nasdaq
AFBI,United States,MD,1231.0,6036.0,"Savings Institutions, Not Federally Char",Nasdaq
AFCG,United States,MD,1231.0,0.0,,Nasdaq
AFG,United States,OH,1231.0,6331.0,"Fire, Marine & Casualty Insurance","NYSE,NYSE,NYSE,NYSE,NYSE"
AFJK,United States,,1231.0,6770.0,Blank Checks,"Nasdaq,Nasdaq,Nasdaq"
AFL,United States,GA,1231.0,6321.0,Accident & Health Insurance,NYSE
AFRI,Foreign,J1,1231.0,2040.0,Grain Mill Products,"Nasdaq,Nasdaq"
AFRM,United States,NV,630.0,6141.0,Personal Credit Institutions,Nasdaq
AG,Foreign,A1,1231.0,1040.0,Gold and Silver Ores,NYSE
AGCO,United States,DE,1231.0,3523.0,Farm Machinery & Equipment,NYSE
AGEN,United States,DE,1231.0,2836.0,"Biological Products, (No Diagnostic Subs",Nasdaq
AGGI,United States,FL,1231.0,5960.0,Retail-Nonstore Retailers,"None,OTC"
AGI,Foreign,A6,1231.0,1040.0,Gold and Silver Ores,NYSE
AGIG,United States,DE,1231.0,1311.0,Crude Petroleum & Natural Gas,NYSE
AGIO,United States,DE,1231.0,2834.0,Pharmaceutical Preparations,Nasdaq
AGL,United States,DE,1231.0,8090.0,"Services-Misc Health & Allied Services, ",NYSE
AGLY,United States,NV,1231.0,8742.0,Services-Management Consulting Services,OTC
AGM,United States,,1231.0,6111.0,Federal & Federally-Sponsored Credit Age,"NYSE,NYSE,NYSE,NYSE,NYSE"
AGMB,Foreign,C9,1231.0,2836.0,"Biological Products, (No Diagnostic Subs",Nasdaq
AGNC,United States,,1231.0,6798.0,Real Estate Investment Trusts,"Nasdaq,Nasdaq,Nasdaq,Nas"
AGNT,United States,TX,1231.0,6531.0,Real Estate Agents & Managers (For Other,Nasdaq
AGO,United States,D0,1231.0,6351.0,Surety Insurance,NYSE
AGPU,United States,DE,1231.0,6199.0,Finance Services,Nasdaq
AGQ,United States,DE,1231.0,6221.0,Commodity Contracts Brokers & Dealers,"NYSE,NYSE,NYSE,NYSE,NYSE"
AGRO,Foreign,,1231.0,100.0,Agricultural Production-Crops,NYSE
AGRZ,Foreign,E9,1231.0,100.0,Agricultural Production-Crops,Nasdaq
AGSS,United States,NV,1231.0,7381.0,"Services-Detective, Guard & Armored Car ",OTC
AGTX,United States,NV,331.0,2836.0,"Biological Products, (No Diagnostic Subs",OTC
AGX,United States,DE,131.0,1700.0,Construction - Special Trade Contractors,NYSE
AGYS,United States,DE,331.0,7373.0,Services-Computer Integrated Systems Des,Nasdaq
AHCO,United States,DE,1231.0,8082.0,Services-Home Health Care Services,Nasdaq
AHG,Foreign,E9,331.0,7389.0,"Services-Business Services, NEC",Nasdaq
AHL-PD,Foreign,D0,1231.0,6331.0,"Fire, Marine & Casualty Insurance","NYSE,NYSE,NYSE"
AHNRF,Foreign,A1,1231.0,1040.0,Gold and Silver Ores,OTC
AHR,United States,MD,1231.0,6798.0,Real Estate Investment Trusts,NYSE
AHRO,United States,NV,1231.0,5130.0,"Wholesale-Apparel, Piece Goods & Notions",OTC
AHRT,United States,MD,1231.0,6500.0,Real Estate,"NYSE,NYSE"
AHT,United States,MD,1231.0,6798.0,Real Estate Investment Trusts,"NYSE,NYSE,NYSE,NYSE,NYSE"
AI,United States,DE,430.0,7372.0,Services-Prepackaged Software,NYSE
AIAI,United States,DE,1231.0,7374.0,Services-Computer Processing & Data Prep,Nasdaq
AIB,United States,DE,1231.0,6221.0,Commodity Contracts Brokers & Dealers,NYSE
AIBT,United States,NV,1231.0,2833.0,Medicinal Chemicals & Botanical Products,OTC
AIDX,United States,DE,1231.0,8734.0,Services-Testing Laboratories,Nasdaq
AIEV,United States,DE,1231.0,3711.0,Motor Vehicles & Passenger Car Bodies,OTC
AIFA,United States,DE,1231.0,7900.0,Services-Amusement & Recreation Services,Nasdaq
AIFC,United States,NV,1226.0,6221.0,Commodity Contracts Brokers & Dealers,Nasdaq
AIFF,United States,DE,1231.0,7372.0,Services-Prepackaged Software,Nasdaq
AIFU,Foreign,E9,1231.0,6411.0,"Insurance Agents, Brokers & Service",Nasdaq
AIG,United States,DE,1231.0,6331.0,"Fire, Marine & Casualty Insurance",NYSE
AIHS,United States,NV,331.0,7510.0,Services-Auto Rental & Leasing (No Drive,Nasdaq
AII,United States,,1231.0,6331.0,"Fire, Marine & Casualty Insurance",NYSE
AIJTY,Foreign,,,7370.0,"Services-Computer Programming, Data Proc",OTC
AIM,United States,DE,1231.0,2836.0,"Biological Products, (No Diagnostic Subs",NYSE
AIMD,United States,TX,1231.0,3577.0,"Computer Peripheral Equipment, NEC","Nasdaq,Nasdaq"
AIN,United States,DE,1231.0,2221.0,"Broadwoven Fabric Mills, Man Made Fiber ",NYSE
AIOS,Foreign,D8,1231.0,3490.0,Miscellaneous Fabricated Metal Products,Nasdaq
AIOT,United States,DE,331.0,3669.0,"Communications Equipment, NEC",Nasdaq
AIP,United States,DE,1231.0,3674.0,Semiconductors & Related Devices,Nasdaq
AIR,United States,DE,531.0,3720.0,Aircraft & Parts,NYSE
AIRE,United States,DE,1231.0,6500.0,Real Estate,Nasdaq
AIRG,United States,,1231.0,3663.0,Radio & Tv Broadcasting & Communications,Nasdaq
AIRI,United States,NV,1231.0,3728.0,"Aircraft Parts & Auxiliary Equipment, NE",NYSE
AIRJ,United States,DE,1231.0,3585.0,Air-Cond & Warm Air Heatg Equip & Comm &,"Nasdaq,Nasdaq"
AIRO,United States,DE,1231.0,3721.0,Aircraft,Nasdaq
AIRS,United States,,1231.0,8011.0,Services-Offices & Clinics of  Doctors o,Nasdaq
AIRT,United States,DE,331.0,4513.0,Air Courier Services,"Nasdaq,Nasdaq"
AISP,United States,DE,1231.0,7372.0,Services-Prepackaged Software,"Nasdaq,Nasdaq"
AIT,United States,OH,630.0,5080.0,"Wholesale-Machinery, Equipment & Supplie",NYSE
AITX,United States,NV,228.0,7372.0,Services-Prepackaged Software,OTC
AIV,United States,MD,1231.0,6798.0,Real Estate Investment Trusts,NYSE
AIXC,United States,DE,1231.0,6199.0,Finance Services,Nasdaq
AIXI,Foreign,E9,1231.0,7372.0,Services-Prepackaged Software,Nasdaq
AIXN,United States,CO,1231.0,5912.0,Retail-Drug Stores and Proprietary Store,OTC
AIZ,United States,DE,1231.0,6399.0,"Insurance Carriers, NEC","NYSE,NYSE"
AJG,United States,DE,1231.0,6411.0,"Insurance Agents, Brokers & Service",NYSE
AKA,United States,,1231.0,5961.0,Retail-Catalog & Mail-Order Houses,NYSE
AKAM,United States,DE,1231.0,7389.0,"Services-Business Services, NEC",Nasdaq
AKAN,Foreign,A6,1231.0,2833.0,Medicinal Chemicals & Botanical Products,Nasdaq
AKBA,United States,DE,1231.0,2834.0,Pharmaceutical Preparations,Nasdaq
AKR,United States,MD,1231.0,6798.0,Real Estate Investment Trusts,NYSE
AKTS,United States,DE,1231.0,2834.0,Pharmaceutical Preparations,Nasdaq
AKTX,Foreign,X0,1231.0,2834.0,Pharmaceutical Preparations,Nasdaq
ALAB,United States,DE,1231.0,3674.0,Semiconductors & Related Devices,Nasdaq
ALAR,Foreign,L3,1231.0,7372.0,Services-Prepackaged Software,Nasdaq
ALB,United States,VA,1231.0,2821.0,"Plastic Materials, Synth Resins & Nonvul","NYSE,NYSE"
ALBT,United States,DE,1231.0,7371.0,Services-Computer Programming Services,Nasdaq
ALC,Foreign,V8,1231.0,3851.0,Ophthalmic Goods,NYSE
ALCO,United States,FL,901.0,100.0,Agricultural Production-Crops,Nasdaq
ALCYF,United States,E9,1231.0,6770.0,Blank Checks,"OTC,OTC,OTC"
ALDA,United States,UT,1231.0,6770.0,Blank Checks,OTC
ALDF,United States,,1231.0,6770.0,Blank Checks,"Nasdaq,Nasdaq,Nasdaq"
ALDS,United States,NV,630.0,5531.0,Retail-Auto & Home Supply Stores,OTC
ALDX,United States,DE,1231.0,2834.0,Pharmaceutical Preparations,Nasdaq
ALEC,United States,,1231.0,2836.0,"Biological Products, (No Diagnostic Subs",Nasdaq
ALF,United States,E9,1231.0,6770.0,Blank Checks,"Nasdaq,Nasdaq,Nasdaq"
ALG,United States,DE,1231.0,3523.0,Farm Machinery & Equipment,NYSE
ALGM,United States,,331.0,3674.0,Semiconductors & Related Devices,Nasdaq
ALGN,United States,DE,1231.0,3842.0,"Orthopedic, Prosthetic & Surgical Applia",Nasdaq
ALGS,United States,DE,1231.0,2836.0,"Biological Products, (No Diagnostic Subs",Nasdaq
ALGT,United States,NV,1231.0,4512.0,"Air Transportation, Scheduled",Nasdaq
ALH,United States,DE,1231.0,3580.0,Refrigeration & Service Industry Machine,NYSE
ALHC,United States,DE,1231.0,6324.0,Hospital & Medical Service Plans,Nasdaq
ALIS,United States,E9,1231.0,7374.0,Services-Computer Processing & Data Prep,"Nasdaq,Nasdaq,Nasdaq"
ALIT,United States,DE,1231.0,7389.0,"Services-Business Services, NEC",NYSE
ALK,United States,DE,1231.0,4512.0,"Air Transportation, Scheduled",NYSE
ALKS,United States,,1231.0,2834.0,Pharmaceutical Preparations,Nasdaq
ALKT,United States,DE,1231.0,7372.0,Services-Prepackaged Software,Nasdaq
ALL,United States,DE,1231.0,6331.0,"Fire, Marine & Casualty Insurance","NYSE,NYSE,NYSE,NYSE,NYSE"
ALLE,United States,L2,1231.0,7381.0,"Services-Detective, Guard & Armored Car ",NYSE
ALLO,United States,,1231.0,2836.0,"Biological Products, (No Diagnostic Subs",Nasdaq
ALLR,United States,DE,1231.0,2834.0,Pharmaceutical Preparations,Nasdaq
ALLT,Foreign,L3,1231.0,3576.0,Computer Communications Equipment,Nasdaq
ALLY,United States,DE,1231.0,6022.0,State Commercial Banks,NYSE
ALM,Foreign,Z4,1231.0,1000.0,Metal Mining,Nasdaq
ALMR,United States,DE,1231.0,3826.0,Laboratory Analytical Instruments,Nasdaq
ALMS,United States,DE,1231.0,2834.0,Pharmaceutical Preparations,Nasdaq
ALMU,United States,DE,630.0,3674.0,Semiconductors & Related Devices,Nasdaq
ALNT,United States,CO,1231.0,3825.0,Instruments For Meas & Testing of  Elect,Nasdaq
ALNY,United States,,1231.0,2834.0,Pharmaceutical Preparations,Nasdaq
ALOT,United States,RI,131.0,3577.0,"Computer Peripheral Equipment, NEC",Nasdaq
ALOY,United States,NV,1231.0,1000.0,Metal Mining,Nasdaq
ALP,Foreign,D8,331.0,6199.0,Finance Services,Nasdaq
ALPS,Foreign,E9,331.0,8000.0,Services-Health Services,"Nasdaq,OTC"
ALRM,United States,DE,1231.0,7372.0,Services-Prepackaged Software,Nasdaq
ALRS,United States,DE,1231.0,6021.0,National Commercial Banks,Nasdaq
ALRTF,Foreign,,,3841.0,Surgical & Medical Instruments & Apparat,OTC
ALSAF,United States,,1231.0,7372.0,Services-Prepackaged Software,"OTC,OTC,OTC,OTC"
ALSN,United States,DE,1231.0,3714.0,Motor Vehicle Parts & Accessories,NYSE
ALT,United States,DE,1231.0,2834.0,Pharmaceutical Preparations,Nasdaq
ALTB,United States,NY,1231.0,5990.0,"Retail-Retail Stores, NEC",
ALTG,United States,DE,1231.0,5084.0,Wholesale-Industrial Machinery & Equipme,"NYSE,NYSE"
ALTI,United States,DE,1231.0,6282.0,Investment Advice,Nasdaq
ALTO,United States,DE,1231.0,2860.0,Industrial Organic Chemicals,Nasdaq
ALTX,United States,DE,930.0,1311.0,Crude Petroleum & Natural Gas,OTC
ALUB,United States,E9,1231.0,6770.0,Blank Checks,"NYSE,NYSE,NYSE"
ALUR,United States,DE,1231.0,3841.0,Surgical & Medical Instruments & Apparat,"None,OTC,OTC"
ALV,United States,DE,1231.0,3714.0,Motor Vehicle Parts & Accessories,NYSE
ALVO,Foreign,N4,1231.0,2836.0,"Biological Products, (No Diagnostic Subs","Nasdaq,Nasdaq"
ALX,United States,DE,1231.0,6798.0,Real Estate Investment Trusts,NYSE
ALXO,United States,DE,1231.0,2834.0,Pharmaceutical Preparations,Nasdaq
ALZN,United States,DE,430.0,2834.0,Pharmaceutical Preparations,Nasdaq
AM,United States,,1231.0,4922.0,Natural Gas Transmission,NYSE
AMAL,United States,DE,1231.0,6022.0,State Commercial Banks,Nasdaq
AMAT,United States,DC,1026.0,3674.0,Semiconductors & Related Devices,Nasdaq
AMBA,United States,,131.0,3674.0,Semiconductors & Related Devices,Nasdaq
AMBO,Foreign,E9,1231.0,8200.0,Services-Educational Services,NYSE
AMBP,Foreign,N4,1231.0,3411.0,Metal Cans,"NYSE,OTC"
AMBQ,United States,DE,1231.0,3674.0,Semiconductors & Related Devices,NYSE
AMBR,Foreign,,,6199.0,Finance Services,Nasdaq
AMC,United States,DE,1231.0,7830.0,Services-Motion Picture Theaters,NYSE
AMCI,United States,E9,1231.0,5700.0,"Retail-Home Furniture, Furnishings & Equ",Nasdaq
AMCR,United States,Y9,630.0,3990.0,Miscellaneous Manufacturing Industries,"NYSE,OTC"
AMCX,United States,NV,1231.0,4841.0,Cable & Other Pay Television Services,Nasdaq
AMD,United States,DE,1226.0,3674.0,Semiconductors & Related Devices,Nasdaq
AME,United States,DE,1231.0,3823.0,"Industrial Instruments For Measurement, ",NYSE
AMFN,United States,TX,1231.0,4911.0,Electric Services,OTC
AMG,United States,DE,1231.0,6282.0,Investment Advice,"NYSE,NYSE,NYSE,NYSE,NYSE"
AMGN,United States,DE,1231.0,2836.0,"Biological Products, (No Diagnostic Subs",Nasdaq
AMH,United States,MD,1231.0,6798.0,Real Estate Investment Trusts,"NYSE,NYSE,NYSE"
AMIX,United States,DE,331.0,3841.0,Surgical & Medical Instruments & Apparat,Nasdaq
AMKR,United States,DE,1231.0,3674.0,Semiconductors & Related Devices,Nasdaq
AMLIF,Foreign,A1,229.0,1000.0,Metal Mining,OTC
AMLX,United States,DE,1231.0,2834.0,Pharmaceutical Preparations,Nasdaq
AMN,United States,DE,1231.0,7363.0,Services-Help Supply Services,NYSE
AMOD,United States,DE,1231.0,6794.0,Patent Owners & Lessors,"Nasdaq,Nasdaq"
AMP,United States,DE,1231.0,6282.0,Investment Advice,NYSE
AMPG,United States,NV,1231.0,3669.0,"Communications Equipment, NEC","Nasdaq,Nasdaq"
AMPH,United States,,1231.0,2834.0,Pharmaceutical Preparations,Nasdaq
AMPL,United States,DE,1231.0,7372.0,Services-Prepackaged Software,Nasdaq
AMPX,United States,DE,1231.0,3690.0,"Miscellaneous Electrical Machinery, Equi","NYSE,NYSE"
AMPY,United States,,1231.0,1311.0,Crude Petroleum & Natural Gas,NYSE
AMR,United States,DE,1231.0,1221.0,Bituminous Coal & Lignite Surface Mining,NYSE
AMRC,United States,DE,1231.0,1700.0,Construction - Special Trade Contractors,NYSE
AMRN,United States,X0,1231.0,2834.0,Pharmaceutical Preparations,Nasdaq
AMRX,United States,,1231.0,2834.0,Pharmaceutical Preparations,Nasdaq
AMRZ,United States,V8,1231.0,3241.0,"Cement, Hydraulic",NYSE
AMS,United States,CA,1231.0,8071.0,Services-Medical Laboratories,NYSE
AMSC,United States,DE,331.0,3621.0,Motors & Generators,Nasdaq
AMSF,United States,TX,1231.0,6331.0,"Fire, Marine & Casualty Insurance",Nasdaq
AMSS,United States,DE,1231.0,2080.0,Beverages,Nasdaq
AMST,United States,DE,630.0,7372.0,Services-Prepackaged Software,Nasdaq
AMT,United States,DE,1231.0,6798.0,Real Estate Investment Trusts,NYSE
AMTB,United States,FL,1231.0,6021.0,National Commercial Banks,NYSE
AMTM,United States,DE,1002.0,7389.0,"Services-Business Services, NEC",NYSE
AMTX,United States,NV,1231.0,2860.0,Industrial Organic Chemicals,Nasdaq
AMUB,Foreign,V8,1231.0,6021.0,National Commercial Banks,"NYSE,NYSE,NYSE,NYSE,NYSE"
AMWL,United States,DE,1231.0,7389.0,"Services-Business Services, NEC",NYSE
AMX,Foreign,O5,1231.0,4813.0,Telephone Communications (No Radioteleph,"NYSE,OTC"
AMZE,United States,NV,1231.0,5961.0,Retail-Catalog & Mail-Order Houses,NYSE
AMZN,United States,DE,1231.0,5961.0,Retail-Catalog & Mail-Order Houses,Nasdaq
AN,United States,DE,1231.0,5500.0,Retail-Auto Dealers & Gasoline Stations,NYSE
ANAB,United States,DE,1231.0,2834.0,Pharmaceutical Preparations,Nasdaq
ANDE,United States,OH,1231.0,5150.0,Wholesale-Farm Product Raw Materials,Nasdaq
ANDG,United States,DE,1231.0,7389.0,"Services-Business Services, NEC",NYSE
ANEB,United States,DE,630.0,2834.0,Pharmaceutical Preparations,OTC
ANET,United States,DE,1231.0,3576.0,Computer Communications Equipment,NYSE
ANF,United States,OH,130.0,5651.0,Retail-Family Clothing Stores,NYSE
ANG-PD,United States,DE,1231.0,6311.0,Life Insurance,NYSE
ANGH,Foreign,E9,1231.0,4899.0,"Communications Services, NEC","Nasdaq,Nasdaq"
ANGI,United States,DE,1231.0,7310.0,Services-Advertising,Nasdaq
ANGO,United States,DE,531.0,3841.0,Surgical & Medical Instruments & Apparat,Nasdaq
ANGX,United States,DE,1231.0,7812.0,Services-Motion Picture & Video Tape Pro,NYSE
ANIK,United States,DE,1231.0,3841.0,Surgical & Medical Instruments & Apparat,Nasdaq
ANIP,United States,DE,1231.0,2834.0,Pharmaceutical Preparations,Nasdaq
ANIX,United States,DE,1031.0,2834.0,Pharmaceutical Preparations,Nasdaq
ANKM,United States,NV,1130.0,7371.0,Services-Computer Programming Services,OTC
ANNA,United States,DE,1231.0,1311.0,Crude Petroleum & Natural Gas,"Nasdaq,Nasdaq"
ANNX,United States,DE,1231.0,2834.0,Pharmaceutical Preparations,Nasdaq
ANPA,Foreign,,,7380.0,Services-Miscellaneous Business Services,Nasdaq
ANRO,United States,DE,1231.0,2834.0,Pharmaceutical Preparations,NYSE
ANSC,United States,E9,1231.0,6770.0,Blank Checks,"Nasdaq,Nasdaq,Nasdaq"
ANTA,Foreign,E9,1231.0,6221.0,Commodity Contracts Brokers & Dealers,Nasdaq
ANTX,United States,DE,1231.0,2834.0,Pharmaceutical Preparations,Nasdaq
ANVI,United States,NV,228.0,5400.0,Retail-Food Stores,OTC
ANVS,United States,DE,1231.0,2834.0,Pharmaceutical Preparations,NYSE
ANY,Foreign,,1231.0,6199.0,Finance Services,Nasdaq
AOMR,United States,MD,1231.0,6500.0,Real Estate,"NYSE,NYSE,NYSE"
AON,United States,L2,1231.0,6411.0,"Insurance Agents, Brokers & Service",NYSE
AORT,United States,DE,1231.0,3841.0,Surgical & Medical Instruments & Apparat,NYSE
AOS,United States,DE,1231.0,3630.0,Household Appliances,NYSE
AOSL,Foreign,,630.0,3674.0,Semiconductors & Related Devices,Nasdaq
AOUT,United States,DE,430.0,3949.0,"Sporting & Athletic Goods, NEC",Nasdaq
AOXY,United States,DE,630.0,6500.0,Real Estate,OTC
AP,United States,PA,1231.0,3561.0,Pumps & Pumping Equipment,NYSE
APA,United States,DE,1231.0,1311.0,Crude Petroleum & Natural Gas,Nasdaq
APAM,United States,DE,1231.0,6282.0,Investment Advice,NYSE
APC,United States,DE,1231.0,5172.0,Wholesale-Petroleum & Petroleum Products,Nasdaq
APCX,United States,DE,1231.0,7372.0,Services-Prepackaged Software,"OTC,OTC"
APD,United States,DE,930.0,2810.0,Industrial Inorganic Chemicals,NYSE
APEI,United States,DE,1231.0,8200.0,Services-Educational Services,Nasdaq
APG,United States,DE,1231.0,7340.0,Services-To Dwellings & Other Buildings,NYSE
APGE,United States,,1231.0,2836.0,"Biological Products, (No Diagnostic Subs",Nasdaq
APH,United States,DE,1231.0,3678.0,Electronic Connectors,NYSE
APHD,United States,NV,430.0,1311.0,Crude Petroleum & Natural Gas,
APHP,United States,WY,1231.0,7900.0,Services-Amusement & Recreation Services,OTC
API,Foreign,E9,1231.0,7372.0,Services-Prepackaged Software,Nasdaq
APLD,United States,NV,531.0,7374.0,Services-Computer Processing & Data Prep,Nasdaq
APLE,United States,VA,1231.0,6798.0,Real Estate Investment Trusts,NYSE
APLM,Foreign,,1231.0,2834.0,Pharmaceutical Preparations,"Nasdaq,Nasdaq"
APMC,United States,E9,1130.0,6770.0,Blank Checks,"Nasdaq,Nasdaq,Nasdaq"
APO,United States,DE,1231.0,6282.0,Investment Advice,"NYSE,NYSE,NYSE"
APOG,United States,MN,301.0,3231.0,"Glass Products, Made of  Purchased Glass",Nasdaq
APP,United States,DE,1231.0,7370.0,"Services-Computer Programming, Data Proc",Nasdaq
APPF,United States,,1231.0,7372.0,Services-Prepackaged Software,Nasdaq
APPN,United States,,1231.0,7372.0,Services-Prepackaged Software,Nasdaq
APPS,United States,DE,331.0,6794.0,Patent Owners & Lessors,Nasdaq
APRE,United States,DE,1231.0,2834.0,Pharmaceutical Preparations,Nasdaq
APSI,United States,NV,1231.0,4911.0,Electric Services,OTC
APT,United States,DE,1231.0,3842.0,"Orthopedic, Prosthetic & Surgical Applia",NYSE
APTN,United States,DE,1231.0,2836.0,"Biological Products, (No Diagnostic Subs",OTC
APTOF,Foreign,A6,1231.0,2836.0,"Biological Products, (No Diagnostic Subs",OTC
APTV,United States,Y9,1231.0,3714.0,Motor Vehicle Parts & Accessories,NYSE
APUR,United States,E9,1231.0,6770.0,Blank Checks,"Nasdaq,Nasdaq"
APUS,United States,DE,1231.0,2834.0,Pharmaceutical Preparations,NYSE
APVO,United States,DE,1231.0,2834.0,Pharmaceutical Preparations,Nasdaq
APWC,Foreign,D0,1231.0,3357.0,Drawing & Insulating of  Nonferrous Wire,Nasdaq
APXT,United States,E9,1231.0,6770.0,Blank Checks,"Nasdaq,Nasdaq,Nasdaq"
APYX,United States,DE,1231.0,3841.0,Surgical & Medical Instruments & Apparat,Nasdaq
AQB,United States,DE,1231.0,900.0,"Fishing, Hunting and Trapping",Nasdaq
AQMS,United States,DE,1231.0,3341.0,Secondary Smelting & Refining of  Nonfer,Nasdaq
AQN,Foreign,A6,1231.0,4911.0,Electric Services,"NYSE,OTC,NYSE"
AQST,United States,DE,1231.0,2834.0,Pharmaceutical Preparations,Nasdaq
AR,United States,,1231.0,1311.0,Crude Petroleum & Natural Gas,NYSE
ARAI,United States,DE,1231.0,7340.0,Services-To Dwellings & Other Buildings,Nasdaq
ARAY,United States,DE,630.0,3841.0,Surgical & Medical Instruments & Apparat,Nasdaq
ARBB,Foreign,E9,630.0,7373.0,Services-Computer Integrated Systems Des,Nasdaq
ARBE,Foreign,L3,1231.0,7373.0,Services-Computer Integrated Systems Des,"Nasdaq,Nasdaq"
ARBK,Foreign,X0,1231.0,6199.0,Finance Services,Nasdaq
ARCB,United States,TX,1231.0,4213.0,Trucking (No Local),Nasdaq
ARCC,United States,MD,1231.0,,,Nasdaq
ARCI,United States,E9,1231.0,6770.0,Blank Checks,"Nasdaq,Nasdaq,Nasdaq"
ARCL,United States,DE,1231.0,6770.0,Blank Checks,"Nasdaq,Nasdaq,Nasdaq,Nas"
ARCO,Foreign,,1231.0,5812.0,Retail-Eating  Places,NYSE
ARCT,United States,DE,1231.0,2834.0,Pharmaceutical Preparations,Nasdaq
ARDT,United States,DE,1231.0,8062.0,Services-General Medical & Surgical Hosp,NYSE
ARDX,United States,DE,1231.0,2834.0,Pharmaceutical Preparations,Nasdaq
ARE,United States,MD,1231.0,6798.0,Real Estate Investment Trusts,NYSE
AREB,United States,NV,1231.0,3490.0,Miscellaneous Fabricated Metal Products,"OTC,OTC"
AREC,United States,FL,1231.0,1220.0,Silver Ores,Nasdaq
AREN,United States,DE,1231.0,4841.0,Cable & Other Pay Television Services,NYSE
ARES,United States,DE,1231.0,6282.0,Investment Advice,"NYSE,NYSE"
ARGX,Foreign,P7,1231.0,2836.0,"Biological Products, (No Diagnostic Subs",Nasdaq
ARHS,United States,DE,1231.0,5712.0,Retail-Furniture Stores,Nasdaq
ARI,United States,MD,1231.0,6798.0,Real Estate Investment Trusts,NYSE
ARIS,Foreign,A1,1231.0,1040.0,Gold and Silver Ores,NYSE
ARKB,United States,DE,1231.0,6221.0,Commodity Contracts Brokers & Dealers,CBOE
ARKO,United States,DE,1231.0,5412.0,Retail-Convenience Stores,Nasdaq
ARKR,United States,NY,928.0,5812.0,Retail-Eating  Places,Nasdaq
ARL,United States,NV,1231.0,6510.0,Real Estate Operators (No Developers) & ,NYSE
ARLO,United States,DE,1231.0,7381.0,"Services-Detective, Guard & Armored Car ",NYSE
ARLP,United States,DE,1231.0,1221.0,Bituminous Coal & Lignite Surface Mining,Nasdaq
ARM,Foreign,X0,331.0,3674.0,Semiconductors & Related Devices,Nasdaq
ARMK,United States,DE,1002.0,5812.0,Retail-Eating  Places,NYSE
ARMP,United States,WA,1231.0,2836.0,"Biological Products, (No Diagnostic Subs",NYSE
AROC,United States,,1231.0,4922.0,Natural Gas Transmission,NYSE
AROW,United States,NY,1231.0,6021.0,National Commercial Banks,Nasdaq
ARQ,United States,,1231.0,2890.0,Miscellaneous Chemical Products,Nasdaq
ARQQ,Foreign,E9,930.0,7372.0,Services-Prepackaged Software,"Nasdaq,Nasdaq"
ARQT,United States,DE,1231.0,2834.0,Pharmaceutical Preparations,Nasdaq
ARR,United States,,1231.0,6798.0,Real Estate Investment Trusts,"NYSE,NYSE"
ARRKF,Foreign,A1,1031.0,1000.0,Metal Mining,OTC
ARRT,United States,,630.0,1000.0,Metal Mining,OTC
ARRY,United States,DE,1231.0,3674.0,Semiconductors & Related Devices,Nasdaq
ARTL,United States,NV,1231.0,2834.0,Pharmaceutical Preparations,Nasdaq
ARTNA,United States,DE,1231.0,4941.0,Water Supply,"Nasdaq,OTC"
ARTV,United States,DE,1231.0,2836.0,"Biological Products, (No Diagnostic Subs",Nasdaq
ARTW,United States,NC,1130.0,3523.0,Farm Machinery & Equipment,Nasdaq
ARVN,United States,DE,1231.0,2834.0,Pharmaceutical Preparations,Nasdaq
ARW,United States,NY,1231.0,5065.0,"Wholesale-Electronic Parts & Equipment, ",NYSE
ARWR,United States,DE,930.0,2834.0,Pharmaceutical Preparations,Nasdaq
ARX,United States,E9,1231.0,6411.0,"Insurance Agents, Brokers & Service",NYSE
ARXS,United States,DE,1231.0,3728.0,"Aircraft Parts & Auxiliary Equipment, NE",Nasdaq
AS,Foreign,E9,1231.0,2300.0,Apparel & Other Finishd Prods of  Fabric,NYSE
ASAIY,Foreign,D5,,5411.0,Retail-Grocery Stores,
ASAN,United States,DE,131.0,7372.0,Services-Prepackaged Software,NYSE
ASB,United States,WI,1231.0,6022.0,State Commercial Banks,"NYSE,NYSE,NYSE,NYSE"
ASBP,United States,E9,1231.0,2834.0,Pharmaceutical Preparations,"Nasdaq,Nasdaq"
ASC,Foreign,1T,1231.0,4412.0,Deep Sea Foreign Transportation of  Frei,NYSE
ASCBF,United States,D8,1231.0,6770.0,Blank Checks,"OTC,OTC,OTC,OTC"
ASFH,United States,NV,1231.0,7389.0,"Services-Business Services, NEC",OTC
ASFT,United States,NV,1231.0,7372.0,Services-Prepackaged Software,OTC
ASH,United States,DE,930.0,5160.0,Wholesale-Chemicals & Allied Products,NYSE
ASIC,United States,DE,1231.0,6331.0,"Fire, Marine & Casualty Insurance",NYSE
ASII,United States,NV,1231.0,2080.0,Beverages,
ASIX,United States,DE,1231.0,2821.0,"Plastic Materials, Synth Resins & Nonvul",NYSE
ASLE,United States,DE,1231.0,5080.0,"Wholesale-Machinery, Equipment & Supplie",Nasdaq
ASM,Foreign,,1231.0,1000.0,Metal Mining,NYSE
ASMB,United States,DE,1231.0,2834.0,Pharmaceutical Preparations,Nasdaq
ASML,Foreign,,1231.0,3559.0,"Special Industry Machinery, NEC","Nasdaq,OTC"
ASND,Foreign,G7,1231.0,2834.0,Pharmaceutical Preparations,Nasdaq
ASNS,United States,DE,1231.0,3669.0,"Communications Equipment, NEC",OTC
ASO,United States,DE,131.0,5940.0,Retail-Miscellaneous Shopping Goods Stor,Nasdaq
ASPC,United States,D8,1231.0,6770.0,Blank Checks,"Nasdaq,Nasdaq,Nasdaq"
ASPI,United States,DE,1231.0,2890.0,Miscellaneous Chemical Products,Nasdaq
ASPN,United States,DE,1231.0,5030.0,Wholesale-Lumber & Other Construction Ma,NYSE
ASPS,United States,N4,1231.0,7380.0,Services-Miscellaneous Business Services,"Nasdaq,Nasdaq,Nasdaq"
ASR,Foreign,,,4581.0,"Airports, Flying Fields & Airport Termin","NYSE,OTC"
ASRV,United States,PA,1231.0,6021.0,National Commercial Banks,Nasdaq
ASST,United States,NV,1231.0,6199.0,Finance Services,"Nasdaq,Nasdaq"
ASTC,United States,DE,630.0,3826.0,Laboratory Analytical Instruments,Nasdaq
ASTE,United States,TN,1231.0,3531.0,Construction Machinery & Equip,Nasdaq
ASTH,United States,DE,1231.0,8742.0,Services-Management Consulting Services,Nasdaq
ASTI,United States,DE,1231.0,3674.0,Semiconductors & Related Devices,Nasdaq
ASTL,Foreign,A1,331.0,3312.0,"Steel Works, Blast Furnaces & Rolling Mi","Nasdaq,Nasdaq"
ASTS,United States,DE,1231.0,4899.0,"Communications Services, NEC",Nasdaq
ASUR,United States,DE,1231.0,7373.0,Services-Computer Integrated Systems Des,Nasdaq
ASX,Foreign,F5,1231.0,3674.0,Semiconductors & Related Devices,NYSE
ASYS,United States,AZ,930.0,3559.0,"Special Industry Machinery, NEC",Nasdaq
ATAI,United States,DE,1231.0,2834.0,Pharmaceutical Preparations,Nasdaq
ATAT,Foreign,E9,1231.0,7011.0,Hotels & Motels,Nasdaq
ATCH,United States,DE,630.0,6199.0,Finance Services,"NYSE,OTC"
ATCX,Foreign,1T,1231.0,1040.0,Gold and Silver Ores,Nasdaq
ATDS,United States,NV,1231.0,7372.0,Services-Prepackaged Software,OTC
ATEC,United States,DE,1231.0,3841.0,Surgical & Medical Instruments & Apparat,Nasdaq
ATEN,United States,DE,1231.0,3576.0,Computer Communications Equipment,NYSE
ATER,United States,DE,1231.0,3634.0,Electric Housewares & Fans,Nasdaq
ATEX,United States,DE,331.0,4813.0,Telephone Communications (No Radioteleph,Nasdaq
ATGL,Foreign,K3,930.0,7371.0,Services-Computer Programming Services,Nasdaq
ATHE,Foreign,C3,630.0,2834.0,Pharmaceutical Preparations,"Nasdaq,OTC"
ATHM,Foreign,,,7374.0,Services-Computer Processing & Data Prep,NYSE
ATHR,United States,DE,930.0,7372.0,Services-Prepackaged Software,Nasdaq
ATHS,United States,DE,1231.0,6311.0,Life Insurance,"NYSE,NYSE,NYSE,NYSE,NYSE"
ATI,United States,DE,1228.0,3317.0,Steel Pipe & Tubes,NYSE
ATII,United States,,1231.0,6770.0,Blank Checks,"Nasdaq,Nasdaq,Nasdaq"
ATKR,United States,DE,930.0,3690.0,"Miscellaneous Electrical Machinery, Equi",NYSE
ATLC,United States,GA,1231.0,6141.0,Personal Credit Institutions,"Nasdaq,Nasdaq,Nasdaq,Nas"
ATLN,United States,DE,1231.0,7363.0,Services-Help Supply Services,"Nasdaq,OTC"
ATLO,United States,X1,1231.0,6021.0,National Commercial Banks,Nasdaq
ATLX,United States,NV,1231.0,1400.0,Mining & Quarrying of  Nonmetallic Miner,Nasdaq
ATMU,United States,,1231.0,3714.0,Motor Vehicle Parts & Accessories,NYSE
ATNI,United States,DE,1231.0,4813.0,Telephone Communications (No Radioteleph,Nasdaq
ATNM,United States,DE,1231.0,2834.0,Pharmaceutical Preparations,NYSE
ATO,United States,TX,930.0,4924.0,Natural Gas Distribution,NYSE
ATOM,United States,DE,1231.0,3674.0,Semiconductors & Related Devices,Nasdaq
ATOS,United States,DE,1231.0,2834.0,Pharmaceutical Preparations,Nasdaq
ATPC,United States,NV,1231.0,8000.0,Services-Health Services,Nasdaq
ATR,United States,DE,1231.0,3089.0,"Plastics Products, NEC",NYSE
ATRA,United States,DE,1231.0,2836.0,"Biological Products, (No Diagnostic Subs",Nasdaq
ATRC,United States,DE,1231.0,3841.0,Surgical & Medical Instruments & Apparat,Nasdaq
ATRO,United States,NY,1231.0,3728.0,"Aircraft Parts & Auxiliary Equipment, NE","Nasdaq,OTC"
ATS,Foreign,A6,331.0,3569.0,General Industrial Machinery & Equipment,NYSE
ATVK,United States,,1231.0,3714.0,Motor Vehicle Parts & Accessories,OTC
ATXG,United States,NV,331.0,7330.0,"Services-Mailing, Reproduction, Commerci",Nasdaq
ATXI,United States,DE,1231.0,2834.0,Pharmaceutical Preparations,OTC
ATYR,United States,DE,1231.0,2836.0,"Biological Products, (No Diagnostic Subs",Nasdaq
AU,Foreign,X0,1231.0,1040.0,Gold and Silver Ores,NYSE
AUB,United States,VA,1231.0,6022.0,State Commercial Banks,"NYSE,NYSE"
AUBN,United States,DE,1231.0,6022.0,State Commercial Banks,Nasdaq
AUC,Foreign,D8,731.0,8742.0,Services-Management Consulting Services,Nasdaq
AUDC,Foreign,L3,1231.0,3661.0,Telephone & Telegraph Apparatus,Nasdaq
AUGO,Foreign,D8,1231.0,1000.0,Metal Mining,Nasdaq
AUID,United States,DE,1231.0,7372.0,Services-Prepackaged Software,Nasdaq
AUMN,United States,DE,1231.0,1040.0,Gold and Silver Ores,OTC
AUPH,Foreign,,1231.0,2834.0,Pharmaceutical Preparations,Nasdaq
AUR,United States,DE,1231.0,7373.0,Services-Computer Integrated Systems Des,"Nasdaq,Nasdaq"
AURA,United States,DE,1231.0,2836.0,"Biological Products, (No Diagnostic Subs",Nasdaq
AURE,Foreign,E9,930.0,6199.0,Finance Services,Nasdaq
AURX,United States,DE,1231.0,3841.0,Surgical & Medical Instruments & Apparat,OTC
AUSI,United States,DE,228.0,3690.0,"Miscellaneous Electrical Machinery, Equi",OTC
AUST,Foreign,A1,1231.0,1040.0,Gold and Silver Ores,NYSE
AUTL,Foreign,X0,1231.0,2836.0,"Biological Products, (No Diagnostic Subs",Nasdaq
AUUD,United States,DE,1231.0,7374.0,Services-Computer Processing & Data Prep,Nasdaq
AVA,United States,WA,1231.0,4931.0,Electric & Other Services Combined,NYSE
AVAH,United States,DE,101.0,8082.0,Services-Home Health Care Services,Nasdaq
AVAI,United States,NV,331.0,7374.0,Services-Computer Processing & Data Prep,OTC
AVAL,Foreign,,1231.0,6029.0,"Commercial Banks, NEC",NYSE
AVAT,United States,DE,1231.0,6199.0,Finance Services,Nasdaq
AVAV,United States,DE,430.0,3721.0,Aircraft,Nasdaq
AVB,United States,MD,1231.0,6798.0,Real Estate Investment Trusts,NYSE
AVBC,United States,,1231.0,6036.0,"Savings Institutions, Not Federally Char",NYSE
AVBH,United States,CA,1231.0,6022.0,State Commercial Banks,Nasdaq
AVBP,United States,DE,1231.0,2834.0,Pharmaceutical Preparations,Nasdaq
AVCRF,Foreign,A1,1231.0,2834.0,Pharmaceutical Preparations,OTC
AVD,United States,DE,1231.0,2870.0,Agricultural Chemicals,NYSE
AVEX,United States,DE,1231.0,3721.0,Aircraft,NYSE
AVGO,United States,,1101.0,3674.0,Semiconductors & Related Devices,Nasdaq
AVIR,United States,MA,1231.0,2834.0,Pharmaceutical Preparations,Nasdaq
AVLN,United States,DE,1231.0,2834.0,Pharmaceutical Preparations,Nasdaq
AVLNF,Foreign,Z4,831.0,1000.0,Metal Mining,OTC
AVNI,United States,NV,1231.0,6770.0,Blank Checks,OTC
AVNS,United States,DE,1231.0,3842.0,"Orthopedic, Prosthetic & Surgical Applia",NYSE
AVNT,United States,,1231.0,2821.0,"Plastic Materials, Synth Resins & Nonvul",NYSE
AVNW,United States,DE,630.0,3663.0,Radio & Tv Broadcasting & Communications,Nasdaq
AVO,United States,DE,1031.0,700.0,Agricultural Services,Nasdaq
AVPMF,Foreign,A1,1231.0,1090.0,Miscellaneous Metal Ores,OTC
AVPT,United States,DE,1231.0,7372.0,Services-Prepackaged Software,Nasdaq
AVR,United States,DE,1231.0,3842.0,"Orthopedic, Prosthetic & Surgical Applia",Nasdaq
AVT,United States,NY,627.0,5065.0,"Wholesale-Electronic Parts & Equipment, ",Nasdaq
AVTR,United States,,1231.0,3826.0,Laboratory Analytical Instruments,NYSE
AVTX,United States,DE,1231.0,2834.0,Pharmaceutical Preparations,Nasdaq
AVX,United States,A1,1231.0,6199.0,Finance Services,Nasdaq
AVXL,United States,,930.0,2836.0,"Biological Products, (No Diagnostic Subs",Nasdaq
AVY,United States,DE,1231.0,2670.0,Converted Paper & Paperboard Prods (No C,NYSE
AWCA,United States,DE,630.0,6512.0,Opeators of  Nonresidential Buildings,OTC
AWHL,United States,DE,1231.0,2835.0,In Vitro & In Vivo Diagnostic Substances,OTC
AWI,United States,PA,1231.0,3089.0,"Plastics Products, NEC",NYSE
AWK,United States,DE,1231.0,4941.0,Water Supply,NYSE
AWR,United States,CA,1231.0,4941.0,Water Supply,NYSE
AWRE,United States,MA,1231.0,7372.0,Services-Prepackaged Software,Nasdaq
AWX,United States,OH,1231.0,4953.0,Refuse Systems,NYSE
AX,United States,DE,630.0,6035.0,"Savings Institution, Federally Chartered",NYSE
AXG,Foreign,E9,331.0,6211.0,"Security Brokers, Dealers & Flotation Co",Nasdaq
AXGN,United States,MN,1231.0,3845.0,Electromedical & Electrotherapeutic Appa,Nasdaq
AXIL,United States,DE,531.0,2844.0,"Perfumes, Cosmetics & Other Toilet Prepa",NYSE
AXIM,United States,NV,1231.0,2834.0,Pharmaceutical Preparations,OTC
AXON,United States,DE,1231.0,3480.0,"Ordnance & Accessories, (No Vehicles/Gui",Nasdaq
AXP,United States,NY,1231.0,6199.0,Finance Services,NYSE
AXR,United States,OK,430.0,6552.0,Land Subdividers & Developers (No Cemete,NYSE
AXREF,Foreign,,,1040.0,Gold and Silver Ores,OTC
AXS,United States,,1231.0,6331.0,"Fire, Marine & Casualty Insurance","NYSE,NYSE"
AXSM,United States,DE,1231.0,2834.0,Pharmaceutical Preparations,Nasdaq
AXTA,United States,D0,1231.0,2851.0,"Paints, Varnishes, Lacquers, Enamels & A",NYSE
AXTI,United States,DE,1231.0,3674.0,Semiconductors & Related Devices,Nasdaq
AYI,United States,DE,831.0,3640.0,Electric Lighting & Wiring Equipment,NYSE
AYR,United States,D0,228.0,7359.0,"Services-Equipment Rental & Leasing, NEC",
AYRWF,Foreign,A1,1231.0,2833.0,Medicinal Chemicals & Botanical Products,OTC
AYTU,United States,DE,630.0,2834.0,Pharmaceutical Preparations,Nasdaq
AZ,Foreign,A1,1231.0,3569.0,General Industrial Machinery & Equipment,Nasdaq
AZI,Foreign,E9,,7500.0,"Services-Automotive Repair, Services & P",Nasdaq
AZO,United States,NV,829.0,5531.0,Retail-Auto & Home Supply Stores,NYSE
AZTA,United States,DE,930.0,3559.0,"Special Industry Machinery, NEC",Nasdaq
AZTR,United States,DE,1231.0,2834.0,Pharmaceutical Preparations,NYSE
AZUL,Foreign,D5,1231.0,4512.0,"Air Transportation, Scheduled","NYSE,OTC"
AZZ,United States,TX,228.0,3470.0,"Coating, Engraving & Allied Services",NYSE
B,Foreign,A1,1231.0,1040.0,Gold and Silver Ores,NYSE
BA,United States,DE,1231.0,3721.0,Aircraft,"NYSE,NYSE"
BABA,Foreign,K3,,7389.0,"Services-Business Services, NEC","NYSE,OTC,OTC"
BABB,United States,DE,1130.0,5812.0,Retail-Eating  Places,OTC
BAC,United States,DE,1231.0,6021.0,National Commercial Banks,"NYSE,NYSE,NYSE,NYSE,NYSE"
BACK,United States,DE,1231.0,8093.0,Services-Specialty Outpatient Facilities,OTC
BAER,United States,DE,1231.0,7389.0,"Services-Business Services, NEC","Nasdaq,Nasdaq"
BAFN,United States,FL,1231.0,6022.0,State Commercial Banks,Nasdaq
BAH,United States,DE,331.0,8742.0,Services-Management Consulting Services,NYSE
BAK,Foreign,,1231.0,2860.0,Industrial Organic Chemicals,NYSE
BALL,United States,IN,1231.0,3411.0,Metal Cans,NYSE
BALY,United States,DE,1231.0,7011.0,Hotels & Motels,NYSE
BAM,Foreign,A1,1231.0,6282.0,Investment Advice,NYSE
BANC,United States,MD,1231.0,6021.0,National Commercial Banks,"NYSE,NYSE"
BAND,United States,DE,1231.0,7372.0,Services-Prepackaged Software,Nasdaq
BANF,United States,OK,1231.0,6021.0,National Commercial Banks,"Nasdaq,Nasdaq"
BANL,Foreign,E9,1231.0,5172.0,Wholesale-Petroleum & Petroleum Products,Nasdaq
BANR,United States,WA,1231.0,6022.0,State Commercial Banks,Nasdaq
BAOS,Foreign,E9,1231.0,7389.0,"Services-Business Services, NEC",Nasdaq
BAP,Foreign,,1231.0,6029.0,"Commercial Banks, NEC",NYSE
BAR,United States,DE,630.0,6221.0,Commodity Contracts Brokers & Dealers,NYSE
BARK,United States,,331.0,5990.0,"Retail-Retail Stores, NEC",NYSE
BASA,United States,NV,1231.0,3990.0,Miscellaneous Manufacturing Industries,OTC
BATL,United States,DE,1231.0,1311.0,Crude Petroleum & Natural Gas,NYSE
BATRA,United States,NV,1231.0,7900.0,Services-Amusement & Recreation Services,"Nasdaq,Nasdaq,OTC"
BAVA,United States,DE,1231.0,6221.0,Commodity Contracts Brokers & Dealers,NYSE
BAX,United States,DE,1231.0,3841.0,Surgical & Medical Instruments & Apparat,NYSE
BAYA,United States,E9,1231.0,6770.0,Blank Checks,
BB,Foreign,,228.0,7372.0,Services-Prepackaged Software,NYSE
BBAI,United States,DE,1231.0,7372.0,Services-Prepackaged Software,"NYSE,NYSE"
BBAR,Foreign,,1231.0,6029.0,"Commercial Banks, NEC",NYSE
BBBY,United States,DE,1231.0,5961.0,Retail-Catalog & Mail-Order Houses,"NYSE,NYSE"
BBCP,United States,DE,1031.0,1700.0,Construction - Special Trade Contractors,Nasdaq
BBCQ,United States,E9,1231.0,6770.0,Blank Checks,"Nasdaq,Nasdaq,Nasdaq"
BBDC,United States,NC,1231.0,,,NYSE
BBGI,United States,DE,1231.0,4832.0,Radio Broadcasting Stations,Nasdaq
BBIO,United States,DE,1231.0,2834.0,Pharmaceutical Preparations,Nasdaq
BBLG,United States,DE,1231.0,3842.0,"Orthopedic, Prosthetic & Surgical Applia","Nasdaq,Nasdaq"
BBLR,United States,WY,1231.0,7370.0,"Services-Computer Programming, Data Proc",OTC
BBNX,United States,DE,1231.0,3841.0,Surgical & Medical Instruments & Apparat,Nasdaq
BBOT,United States,DE,1231.0,2834.0,Pharmaceutical Preparations,Nasdaq
BBSI,United States,MD,1231.0,7363.0,Services-Help Supply Services,Nasdaq
BBT,United States,DE,1231.0,6036.0,"Savings Institutions, Not Federally Char",NYSE
BBUC,Foreign,A1,1231.0,1700.0,Construction - Special Trade Contractors,NYSE
BBVA,Foreign,,1231.0,6029.0,"Commercial Banks, NEC","NYSE,OTC"
BBW,United States,DE,130.0,5945.0,"Retail-Hobby, Toy & Game Shops",NYSE
BBWI,United States,DE,130.0,5990.0,"Retail-Retail Stores, NEC",NYSE
BBXIB,United States,,1231.0,5400.0,Retail-Food Stores,
BBY,United States,MN,130.0,5731.0,"Retail-Radio, Tv & Consumer Electronics ",NYSE
BC,United States,DE,1231.0,3510.0,Engines & Turbines,"NYSE,NYSE"
BCAB,United States,DE,1231.0,2836.0,"Biological Products, (No Diagnostic Subs",Nasdaq
BCAL,United States,CA,1231.0,6021.0,National Commercial Banks,Nasdaq
BCAR,United States,,1231.0,7372.0,Services-Prepackaged Software,"Nasdaq,Nasdaq,Nasdaq"
BCAX,United States,DE,1231.0,2834.0,Pharmaceutical Preparations,Nasdaq
BCBP,United States,NJ,1231.0,6035.0,"Savings Institution, Federally Chartered",Nasdaq
BCC,United States,ID,1231.0,5030.0,Wholesale-Lumber & Other Construction Ma,NYSE
BCDA,United States,DE,1231.0,2836.0,"Biological Products, (No Diagnostic Subs",Nasdaq
BCE,Foreign,,1231.0,4813.0,Telephone Communications (No Radioteleph,"NYSE,OTC,OTC,OTC,OTC,OTC"
BCG,United States,,1231.0,6199.0,Finance Services,"Nasdaq,Nasdaq"
BCH,Foreign,,,6029.0,"Commercial Banks, NEC",NYSE
BCHG,United States,DE,630.0,6221.0,Commodity Contracts Brokers & Dealers,OTC
BCHT,United States,DE,1231.0,3829.0,"Measuring & Controlling Devices, NEC",NYSE
BCIC,United States,DE,1231.0,,,Nasdaq
BCLI,United States,DE,1231.0,2836.0,"Biological Products, (No Diagnostic Subs",OTC
BCML,United States,,,6022.0,State Commercial Banks,Nasdaq
BCO,United States,VA,1231.0,4731.0,Arrangement of  Transportation of  Freig,NYSE
BCOW,United States,MD,1231.0,6036.0,"Savings Institutions, Not Federally Char",OTC
BCPC,United States,MD,1231.0,2800.0,Chemicals & Allied Products,Nasdaq
BCRD,United States,NV,331.0,7389.0,"Services-Business Services, NEC",OTC
BCRX,United States,DE,1231.0,2836.0,"Biological Products, (No Diagnostic Subs",Nasdaq
BCS,Foreign,X0,1231.0,6029.0,"Commercial Banks, NEC","NYSE,OTC"
BCSF,United States,DE,1231.0,,,NYSE
BCTF,United States,MD,1231.0,6035.0,"Savings Institution, Federally Chartered",
BCTX,Foreign,A1,731.0,2834.0,Pharmaceutical Preparations,"Nasdaq,Nasdaq,Nasdaq"
BCYC,United States,X0,1231.0,2834.0,Pharmaceutical Preparations,Nasdaq
BDC,United States,DE,1231.0,3357.0,Drawing & Insulating of  Nonferrous Wire,NYSE
BDCI,United States,E9,1231.0,6770.0,Blank Checks,"Nasdaq,Nasdaq,Nasdaq"
BDCO,United States,DE,1231.0,1311.0,Crude Petroleum & Natural Gas,OTC
BDL,United States,FL,1003.0,5812.0,Retail-Eating  Places,NYSE
BDMD,Foreign,E9,1231.0,3841.0,Surgical & Medical Instruments & Apparat,"Nasdaq,Nasdaq"
BDN,United States,MD,1231.0,6798.0,Real Estate Investment Trusts,NYSE
BDPT,United States,DE,1231.0,2834.0,Pharmaceutical Preparations,OTC
BDRX,Foreign,X0,1231.0,2834.0,Pharmaceutical Preparations,Nasdaq
BDRY,United States,DE,630.0,6221.0,Commodity Contracts Brokers & Dealers,"NYSE,NYSE"
BDSX,United States,DE,1231.0,8071.0,Services-Medical Laboratories,Nasdaq
BDTB,United States,DE,930.0,8742.0,Services-Management Consulting Services,OTC
BDTX,United States,,1231.0,2836.0,"Biological Products, (No Diagnostic Subs",Nasdaq
BDX,United States,NJ,930.0,3841.0,Surgical & Medical Instruments & Apparat,NYSE
BE,United States,DE,1231.0,3620.0,Electrical Industrial Apparatus,NYSE
BEAG,United States,E9,1231.0,6770.0,Blank Checks,"Nasdaq,Nasdaq,Nasdaq"
BEAM,United States,DE,1231.0,2836.0,"Biological Products, (No Diagnostic Subs",Nasdaq
BEAT,United States,DE,1231.0,3841.0,Surgical & Medical Instruments & Apparat,"Nasdaq,Nasdaq"
BEEM,United States,NV,1231.0,3690.0,"Miscellaneous Electrical Machinery, Equi",Nasdaq
BEEP,United States,,1231.0,6500.0,Real Estate,Nasdaq
BELFB,United States,NJ,1231.0,3677.0,"Electronic Coils, Transformers & Other I","Nasdaq,Nasdaq"
BEN,United States,DE,930.0,6282.0,Investment Advice,NYSE
BENF,United States,NV,331.0,6199.0,Finance Services,"Nasdaq,Nasdaq"
BEP,Foreign,D0,1231.0,4911.0,Electric Services,"NYSE,NYSE,NYSE,NYSE,NYSE"
BEPC,Foreign,A1,1231.0,4911.0,Electric Services,NYSE
BESS,United States,DE,1231.0,4911.0,Electric Services,"NYSE,NYSE"
BETA,United States,DE,1231.0,3721.0,Aircraft,NYSE
BETR,United States,,1231.0,6163.0,Loan Brokers,"Nasdaq,Nasdaq"
BETRF,Foreign,A1,131.0,2834.0,Pharmaceutical Preparations,OTC
BF-A,United States,DE,430.0,2080.0,Beverages,"NYSE,NYSE"
BFAM,United States,,1231.0,8351.0,Services-Child Day Care Services,NYSE
BFC,United States,WI,1231.0,6021.0,National Commercial Banks,Nasdaq
BFH,United States,DE,1231.0,6141.0,Personal Credit Institutions,"NYSE,NYSE,NYSE"
BFLY,United States,DE,1231.0,3844.0,X-Ray Apparatus & Tubes & Related Irradi,NYSE
BFNH,United States,,1231.0,3826.0,Laboratory Analytical Instruments,OTC
BFRG,United States,NV,1231.0,2834.0,Pharmaceutical Preparations,"Nasdaq,Nasdaq"
BFRI,United States,DE,1231.0,2834.0,Pharmaceutical Preparations,"Nasdaq,Nasdaq"
BFS,United States,MD,1231.0,6798.0,Real Estate Investment Trusts,"NYSE,NYSE,NYSE"
BFST,United States,LA,1231.0,6022.0,State Commercial Banks,Nasdaq
BG,United States,V8,1231.0,2070.0,Fats & Oils,NYSE
BGC,United States,,1231.0,6200.0,"Security & Commodity Brokers, Dealers, E",Nasdaq
BGDE,United States,DE,1231.0,6199.0,Finance Services,Nasdaq
BGFR,United States,,1130.0,7200.0,Services-Personal Services,OTC
BGI,Foreign,,330.0,5944.0,Retail-Jewelry Stores,NYSE
BGIN,Foreign,E9,1231.0,6199.0,Finance Services,Nasdaq
BGL,Foreign,E9,,1000.0,Metal Mining,"Nasdaq,Nasdaq"
BGLC,United States,WY,1231.0,8071.0,Services-Medical Laboratories,Nasdaq
BGM,Foreign,E9,930.0,2834.0,Pharmaceutical Preparations,Nasdaq
BGMS,United States,DE,1231.0,5099.0,"Wholesale-Durable Goods, NEC","Nasdaq,OTC"
BGS,United States,DE,102.0,2000.0,Food and Kindred Products,NYSE
BGSF,United States,DE,1228.0,7363.0,Services-Help Supply Services,NYSE
BGSI,Foreign,A2,1231.0,7500.0,"Services-Automotive Repair, Services & P",NYSE
BH,United States,IN,1231.0,5812.0,Retail-Eating  Places,"NYSE,NYSE"
BHATF,Foreign,E9,1231.0,5160.0,Wholesale-Chemicals & Allied Products,OTC
BHB,United States,ME,1231.0,6022.0,State Commercial Banks,NYSE
BHC,United States,NJ,1231.0,2834.0,Pharmaceutical Preparations,NYSE
BHE,United States,TX,1231.0,3672.0,Printed Circuit Boards,NYSE
BHF,United States,DE,1231.0,6311.0,Life Insurance,"Nasdaq,Nasdaq,Nasdaq,Nas"
BHIC,United States,NV,1231.0,7374.0,Services-Computer Processing & Data Prep,OTC
BHLL,United States,NV,1231.0,1000.0,Metal Mining,OTC
BHM,United States,MD,1231.0,6798.0,Real Estate Investment Trusts,NYSE
BHP,Foreign,C3,630.0,1000.0,Metal Mining,"NYSE,OTC"
BHR,United States,MD,1231.0,6798.0,Real Estate Investment Trusts,"NYSE,NYSE,NYSE"
BHRB,United States,VA,1231.0,6021.0,National Commercial Banks,Nasdaq
BHST,Foreign,A1,1231.0,2834.0,Pharmaceutical Preparations,Nasdaq
BHVN,United States,D8,1231.0,2834.0,Pharmaceutical Preparations,NYSE
BHYP,United States,DE,1231.0,6221.0,Commodity Contracts Brokers & Dealers,NYSE
BIAF,United States,DE,1231.0,8731.0,Services-Commercial Physical & Biologica,"Nasdaq,Nasdaq"
BICX,United States,,1231.0,8093.0,Services-Specialty Outpatient Facilities,OTC
BIIB,United States,DE,1231.0,2836.0,"Biological Products, (No Diagnostic Subs",Nasdaq
BILL,United States,,630.0,7372.0,Services-Prepackaged Software,NYSE
BINI,United States,DE,930.0,3711.0,Motor Vehicles & Passenger Car Bodies,OTC
BIO,United States,DE,1231.0,3826.0,Laboratory Analytical Instruments,"NYSE,NYSE"
BIOA,United States,DE,1231.0,2834.0,Pharmaceutical Preparations,Nasdaq
BIOE,United States,CA,1231.0,2834.0,Pharmaceutical Preparations,OTC
BIOF,United States,NV,1231.0,2860.0,Industrial Organic Chemicals,OTC
BIOX,Foreign,E9,630.0,2870.0,Agricultural Chemicals,Nasdaq
BIP,Foreign,D0,1231.0,4400.0,Water Transportation,"NYSE,NYSE,NYSE,NYSE,NYSE"
BIPC,Foreign,A1,1231.0,4923.0,Natural Gas Transmisison & Distribution,NYSE
BIRD,United States,,1231.0,2300.0,Apparel & Other Finishd Prods of  Fabric,Nasdaq
BIRK,Foreign,Y9,930.0,3140.0,"Footwear, (No Rubber)",NYSE
BITA,United States,DE,1231.0,6221.0,Commodity Contracts Brokers & Dealers,Nasdaq
BITB,United States,DE,1231.0,6221.0,Commodity Contracts Brokers & Dealers,NYSE
BITW,United States,DE,1231.0,6221.0,Commodity Contracts Brokers & Dealers,NYSE
BIVI,United States,NV,630.0,2834.0,Pharmaceutical Preparations,"Nasdaq,Nasdaq"
BIXT,United States,NV,1231.0,2834.0,Pharmaceutical Preparations,OTC
BIYA,Foreign,,,7361.0,Services-Employment Agencies,Nasdaq
BJ,United States,DE,130.0,5331.0,Retail-Variety Stores,NYSE
BJDX,United States,DE,1231.0,3841.0,Surgical & Medical Instruments & Apparat,Nasdaq
BJRI,United States,CA,103.0,5812.0,Retail-Eating  Places,Nasdaq
BKD,United States,DE,1231.0,8050.0,Services-Nursing & Personal Care Facilit,NYSE
BKE,United States,NE,130.0,5651.0,Retail-Family Clothing Stores,NYSE
BKH,United States,SD,1231.0,4911.0,Electric Services,NYSE
BKHA,United States,,1130.0,2836.0,"Biological Products, (No Diagnostic Subs","Nasdaq,Nasdaq,Nasdaq"
BKKT,United States,,1231.0,6199.0,Finance Services,"NYSE,NYSE"
BKNG,United States,DE,1231.0,4700.0,Transportation Services,Nasdaq
BKR,United States,DE,1231.0,3533.0,Oil & Gas Field Machinery & Equipment,Nasdaq
BKSC,United States,SC,1231.0,6022.0,State Commercial Banks,OTC
BKSY,United States,DE,1231.0,3663.0,Radio & Tv Broadcasting & Communications,"NYSE,NYSE"
BKTI,United States,NV,1231.0,3663.0,Radio & Tv Broadcasting & Communications,NYSE
BKU,United States,DE,1231.0,6035.0,"Savings Institution, Federally Chartered",NYSE
BKV,United States,DE,1231.0,1311.0,Crude Petroleum & Natural Gas,NYSE
BKYI,United States,DE,1231.0,7372.0,Services-Prepackaged Software,Nasdaq
BL,United States,DE,1231.0,7372.0,Services-Prepackaged Software,Nasdaq
BLBD,United States,,1003.0,3713.0,Truck & Bus Bodies,Nasdaq
BLCO,United States,,1231.0,3851.0,Ophthalmic Goods,NYSE
BLD,United States,,1231.0,1700.0,Construction - Special Trade Contractors,
BLDP,Foreign,,1231.0,3620.0,Electrical Industrial Apparatus,Nasdaq
BLDR,United States,DE,1231.0,5211.0,Retail-Lumber & Other Building Materials,NYSE
BLFS,United States,DE,1231.0,3845.0,Electromedical & Electrotherapeutic Appa,Nasdaq
BLGO,United States,DE,1231.0,2800.0,Chemicals & Allied Products,OTC
BLIN,United States,DE,930.0,7372.0,Services-Prepackaged Software,Nasdaq
BLIS,United States,NV,430.0,7310.0,Services-Advertising,OTC
BLIV,Foreign,E9,1231.0,7373.0,Services-Computer Integrated Systems Des,Nasdaq
BLK,United States,DE,1231.0,6211.0,"Security Brokers, Dealers & Flotation Co",NYSE
BLKB,United States,DE,1231.0,7372.0,Services-Prepackaged Software,Nasdaq
BLLN,United States,DE,1231.0,8071.0,Services-Medical Laboratories,Nasdaq
BLMH,United States,,1231.0,5900.0,Retail-Miscellaneous Retail,
BLMN,United States,DE,1227.0,5812.0,Retail-Eating  Places,Nasdaq
BLMZF,Foreign,E9,930.0,7819.0,Services-Allied To Motion Picture Produc,
BLNC,United States,DE,1231.0,8742.0,Services-Management Consulting Services,OTC
BLND,United States,DE,1231.0,7370.0,"Services-Computer Programming, Data Proc",NYSE
BLNE,United States,NV,1231.0,6162.0,Mortgage Bankers & Loan Correspondents,Nasdaq
BLNH,United States,CO,630.0,2086.0,Bottled & Canned Soft Drinks & Carbonate,OTC
BLNK,United States,NV,1231.0,3690.0,"Miscellaneous Electrical Machinery, Equi",Nasdaq
BLPG,United States,NV,1231.0,5900.0,Retail-Miscellaneous Retail,
BLRX,Foreign,L3,1231.0,2834.0,Pharmaceutical Preparations,Nasdaq
BLSH,Foreign,E9,1231.0,6199.0,Finance Services,NYSE
BLTE,Foreign,E9,1231.0,2834.0,Pharmaceutical Preparations,Nasdaq
BLTH,United States,DE,1231.0,1400.0,Mining & Quarrying of  Nonmetallic Miner,OTC
BLX,Foreign,,1231.0,6029.0,"Commercial Banks, NEC",NYSE
BLZE,United States,DE,1231.0,7372.0,Services-Prepackaged Software,Nasdaq
BMA,Foreign,C1,1231.0,6029.0,"Commercial Banks, NEC",NYSE
BMBL,United States,,1231.0,7370.0,"Services-Computer Programming, Data Proc",Nasdaq
BMEA,United States,DE,1231.0,2834.0,Pharmaceutical Preparations,Nasdaq
BMGL,Foreign,D8,630.0,8011.0,Services-Offices & Clinics of  Doctors o,Nasdaq
BMHL,Foreign,E9,331.0,6199.0,Finance Services,Nasdaq
BMI,United States,WI,1231.0,3824.0,Totalizing Fluid Meters & Counting Devic,NYSE
BMNM,United States,MD,1231.0,6798.0,Real Estate Investment Trusts,OTC
BMNR,United States,DE,831.0,6199.0,Finance Services,"NYSE,NYSE"
BMO,Foreign,A6,1031.0,6029.0,"Commercial Banks, NEC","NYSE,NYSE,NYSE,NYSE,NYSE"
BMOK,United States,E9,1231.0,6770.0,Blank Checks,
BMPA,United States,NV,1231.0,7812.0,Services-Motion Picture & Video Tape Pro,OTC
BMR,Foreign,L3,1231.0,7372.0,Services-Prepackaged Software,Nasdaq
BMRA,United States,DE,531.0,2835.0,In Vitro & In Vivo Diagnostic Substances,Nasdaq
BMRC,United States,CA,1231.0,6022.0,State Commercial Banks,Nasdaq
BMRN,United States,DE,1231.0,2834.0,Pharmaceutical Preparations,Nasdaq
BMTM,United States,FL,1231.0,7371.0,Services-Computer Programming Services,OTC
BMY,United States,DE,1231.0,2834.0,Pharmaceutical Preparations,"NYSE,NYSE"
BNAI,United States,DE,1231.0,7373.0,Services-Computer Integrated Systems Des,"Nasdaq,Nasdaq"
BNBX,United States,DE,930.0,6199.0,Finance Services,OTC
BNC,United States,NV,430.0,700.0,Agricultural Services,"Nasdaq,Nasdaq,Nasdaq"
BNED,United States,DE,503.0,5940.0,Retail-Miscellaneous Shopping Goods Stor,NYSE
BNET,United States,CO,630.0,2870.0,Agricultural Chemicals,OTC
BNGO,United States,DE,1231.0,3826.0,Laboratory Analytical Instruments,Nasdaq
BNKK,United States,DE,1231.0,2844.0,"Perfumes, Cosmetics & Other Toilet Prepa",Nasdaq
BNL,United States,,1231.0,6798.0,Real Estate Investment Trusts,NYSE
BNO,United States,DE,1231.0,6221.0,Commodity Contracts Brokers & Dealers,NYSE
BNR,Foreign,,,8071.0,Services-Medical Laboratories,Nasdaq
BNRG,Foreign,L3,1231.0,3433.0,"Heating Equipment, Except Electric & War",Nasdaq
BNS,Foreign,Z4,1031.0,6022.0,State Commercial Banks,NYSE
BNT,Foreign,D0,1231.0,6399.0,"Insurance Carriers, NEC",NYSE
BNTC,United States,DE,630.0,2834.0,Pharmaceutical Preparations,Nasdaq
BNTX,Foreign,2M,1231.0,2836.0,"Biological Products, (No Diagnostic Subs",Nasdaq
BNY,United States,DE,1231.0,6022.0,State Commercial Banks,"NYSE,NYSE"
BNZI,United States,DE,1231.0,7372.0,Services-Prepackaged Software,"Nasdaq,Nasdaq"
BOBS,United States,DE,103.0,5712.0,Retail-Furniture Stores,NYSE
BOC,United States,DE,1231.0,6510.0,Real Estate Operators (No Developers) & ,NYSE
BODI,United States,DE,1231.0,5960.0,Retail-Nonstore Retailers,"Nasdaq,OTC"
BOF,United States,NV,1231.0,2000.0,Food and Kindred Products,Nasdaq
BOH,United States,DE,1231.0,6022.0,State Commercial Banks,"NYSE,NYSE,NYSE"
BOKF,United States,OK,1231.0,6021.0,National Commercial Banks,Nasdaq
BOLD,United States,DE,1231.0,2834.0,Pharmaceutical Preparations,Nasdaq
BOLT,United States,DE,1231.0,2834.0,Pharmaceutical Preparations,Nasdaq
BON,Foreign,E9,930.0,2833.0,Medicinal Chemicals & Botanical Products,Nasdaq
BOOM,United States,CO,1231.0,3390.0,Miscellaneous Primary Metal Products,Nasdaq
BOOT,United States,DE,327.0,5661.0,Retail-Shoe Stores,NYSE
BORR,Foreign,D0,1231.0,1381.0,Drilling Oil & Gas Wells,NYSE
BOSC,Foreign,L3,1231.0,3576.0,Computer Communications Equipment,Nasdaq
BOTJ,United States,VA,1231.0,6022.0,State Commercial Banks,Nasdaq
BOTX,United States,NV,1231.0,8742.0,Services-Management Consulting Services,OTC
BOTY,United States,NV,1231.0,7900.0,Services-Amusement & Recreation Services,OTC
BOW,United States,DE,1231.0,6331.0,"Fire, Marine & Casualty Insurance",NYSE
BOX,United States,DE,131.0,7372.0,Services-Prepackaged Software,"NYSE,OTC"
BOXL,United States,NV,1231.0,8200.0,Services-Educational Services,Nasdaq
BPAC,United States,,1231.0,6770.0,Blank Checks,"Nasdaq,Nasdaq,Nasdaq"
BPOP,United States,,1231.0,6022.0,State Commercial Banks,"Nasdaq,OTC,Nasdaq"
BPRN,United States,PA,1231.0,6022.0,State Commercial Banks,Nasdaq
BPTH,United States,WY,1231.0,2834.0,Pharmaceutical Preparations,OTC
BPYPP,Foreign,D0,1231.0,6500.0,Real Estate,"Nasdaq,Nasdaq,Nasdaq,Nas"
BQ,Foreign,E9,331.0,5990.0,"Retail-Retail Stores, NEC",NYSE
BQST,United States,NV,430.0,2834.0,Pharmaceutical Preparations,
BR,United States,DE,630.0,7389.0,"Services-Business Services, NEC",NYSE
BRAG,Foreign,Z4,1231.0,7377.0,Services-Computer Rental & Leasing,Nasdaq
BRBF,United States,DE,1231.0,2000.0,Food and Kindred Products,
BRBI,Foreign,D5,1231.0,6199.0,Finance Services,Nasdaq
BRBR,United States,,930.0,2000.0,Food and Kindred Products,NYSE
BRBS,United States,VA,1231.0,6022.0,State Commercial Banks,NYSE
BRC,United States,WI,731.0,3990.0,Miscellaneous Manufacturing Industries,NYSE
BRCB,United States,DE,1231.0,5810.0,Retail-Eating & Drinking Places,Nasdaq
BRCC,United States,DE,1231.0,2080.0,Beverages,NYSE
BRCNF,Foreign,A1,331.0,2020.0,Dairy Products,OTC
BRFH,United States,DE,1231.0,2030.0,"Canned, Frozen & Preservd Fruit, Veg & F",Nasdaq
BRGX,United States,NV,1231.0,7370.0,"Services-Computer Programming, Data Proc",OTC
BRIA,Foreign,,,2300.0,Apparel & Other Finishd Prods of  Fabric,NYSE
BRID,United States,CA,1030.0,2013.0,Sausages & Other Prepared Meat Products,Nasdaq
BRK-B,United States,DE,1231.0,6331.0,"Fire, Marine & Casualty Insurance","NYSE,NYSE"
BRKR,United States,DE,1231.0,3826.0,Laboratory Analytical Instruments,"Nasdaq,Nasdaq"
BRLL,United States,NV,1231.0,1311.0,Crude Petroleum & Natural Gas,OTC
BRLS,United States,E9,1231.0,2000.0,Food and Kindred Products,"Nasdaq,Nasdaq"
BRLT,United States,NV,1231.0,3910.0,"Jewelry, Silverware & Plated Ware",Nasdaq
BRN,United States,DE,930.0,1311.0,Crude Petroleum & Natural Gas,NYSE
BRNS,United States,X0,1231.0,2834.0,Pharmaceutical Preparations,Nasdaq
BRO,United States,FL,119.0,6411.0,"Insurance Agents, Brokers & Service",NYSE
BROS,United States,DE,1231.0,5810.0,Retail-Eating & Drinking Places,NYSE
BRQL,United States,NV,1231.0,3721.0,Aircraft,OTC
BRQSF,Foreign,D8,1231.0,7373.0,Services-Computer Integrated Systems Des,OTC
BRR,United States,DE,1231.0,6199.0,Finance Services,"Nasdaq,Nasdaq"
BRRN,United States,NV,1231.0,8741.0,Services-Management Services,OTC
BRRR,United States,DE,1231.0,6221.0,Commodity Contracts Brokers & Dealers,Nasdaq
BRSL,Foreign,X0,1231.0,7990.0,Services-Miscellaneous Amusement & Recre,NYSE
BRSP,United States,MD,1231.0,6798.0,Real Estate Investment Trusts,NYSE
BRT,United States,NY,1231.0,6798.0,Real Estate Investment Trusts,NYSE
BRTX,United States,NV,1231.0,8090.0,"Services-Misc Health & Allied Services, ",Nasdaq
BRUN,United States,DE,1231.0,7374.0,Services-Computer Processing & Data Prep,"Nasdaq,Nasdaq"
BRVO,United States,WY,1231.0,7990.0,Services-Miscellaneous Amusement & Recre,OTC
BRWC,United States,NV,731.0,8200.0,Services-Educational Services,OTC
BRX,United States,DE,1231.0,6798.0,Real Estate Investment Trusts,NYSE
BRZE,United States,DE,131.0,7372.0,Services-Prepackaged Software,Nasdaq
BSAC,Foreign,F3,1231.0,6029.0,"Commercial Banks, NEC",NYSE
BSAI,United States,NV,1231.0,1040.0,Gold and Silver Ores,OTC
BSBK,United States,,1231.0,6036.0,"Savings Institutions, Not Federally Char",Nasdaq
BSEM,United States,FL,1231.0,2836.0,"Biological Products, (No Diagnostic Subs",OTC
BSET,United States,VA,1128.0,2511.0,"Wood Household Furniture, (No Upholstere",Nasdaq
BSFC,United States,DE,1231.0,2092.0,Prepared Fresh or  Frozen Fish & Seafood,OTC
BSIN,United States,DE,1231.0,1311.0,Crude Petroleum & Natural Gas,Nasdaq
BSLK,United States,DE,1231.0,2860.0,Industrial Organic Chemicals,OTC
BSOL,United States,DE,1231.0,6221.0,Commodity Contracts Brokers & Dealers,NYSE
BSPA,United States,NY,1231.0,6022.0,State Commercial Banks,OTC
BSPK,United States,NV,1231.0,2834.0,Pharmaceutical Preparations,OTC
BSRR,United States,CA,1231.0,6022.0,State Commercial Banks,Nasdaq
BSTT,United States,MD,1231.0,6798.0,Real Estate Investment Trusts,OTC
BSVN,United States,,1231.0,6022.0,State Commercial Banks,Nasdaq
BSX,United States,DE,1231.0,3841.0,Surgical & Medical Instruments & Apparat,NYSE
BSY,United States,DE,1231.0,7372.0,Services-Prepackaged Software,Nasdaq
BTAI,United States,DE,1231.0,2834.0,Pharmaceutical Preparations,Nasdaq
BTBD,United States,WY,1231.0,5812.0,Retail-Eating  Places,"Nasdaq,Nasdaq"
BTBT,Foreign,E9,1231.0,6199.0,Finance Services,Nasdaq
BTC,United States,,1231.0,6221.0,Commodity Contracts Brokers & Dealers,NYSE
BTCO,United States,DE,1231.0,6221.0,Commodity Contracts Brokers & Dealers,CBOE
BTCS,United States,NV,1231.0,6199.0,Finance Services,Nasdaq
BTCT,Foreign,E9,1231.0,6199.0,Finance Services,Nasdaq
BTCW,United States,,1231.0,6221.0,Commodity Contracts Brokers & Dealers,CBOE
BTCY,United States,NV,331.0,3841.0,Surgical & Medical Instruments & Apparat,OTC
BTDR,Foreign,E9,1231.0,6199.0,Finance Services,Nasdaq
BTE,Foreign,,,1381.0,Drilling Oil & Gas Wells,NYSE
BTG,Foreign,A1,1231.0,1040.0,Gold and Silver Ores,NYSE
BTI,Foreign,,,2111.0,Cigarettes,"NYSE,OTC"
BTMCQ,United States,,1231.0,6199.0,Finance Services,
BTMD,United States,,1231.0,2833.0,Medicinal Chemicals & Botanical Products,Nasdaq
BTOC,United States,NV,630.0,4220.0,Public Warehousing & Storage,Nasdaq
BTOG,Foreign,E9,630.0,6199.0,Finance Services,Nasdaq
BTSG,United States,DE,1231.0,8082.0,Services-Home Health Care Services,"Nasdaq,Nasdaq"
BTTC,Foreign,,,7371.0,Services-Computer Programming Services,Nasdaq
BTU,United States,DE,1231.0,1221.0,Bituminous Coal & Lignite Surface Mining,NYSE
BUD,Foreign,C9,1231.0,2082.0,Malt Beverages,"NYSE,OTC"
BUDA,United States,DE,1231.0,2080.0,Beverages,NYSE
BUDZ,United States,NV,1231.0,8731.0,Services-Commercial Physical & Biologica,OTC
BUKS,United States,DE,430.0,7990.0,Services-Miscellaneous Amusement & Recre,OTC
BULL,Foreign,E9,1231.0,6211.0,"Security Brokers, Dealers & Flotation Co","Nasdaq,Nasdaq"
BUR,Foreign,Y7,1231.0,6199.0,Finance Services,NYSE
BURL,United States,DE,201.0,5311.0,Retail-Department Stores,NYSE
BURU,United States,DE,1231.0,3690.0,"Miscellaneous Electrical Machinery, Equi","OTC,OTC"
BUSE,United States,NV,1231.0,6022.0,State Commercial Banks,"Nasdaq,Nasdaq"
BV,United States,DE,930.0,700.0,Agricultural Services,NYSE
BVC,Foreign,E9,630.0,6282.0,Investment Advice,Nasdaq
BVFL,United States,MD,1231.0,6035.0,"Savings Institution, Federally Chartered",Nasdaq
BVN,Foreign,,1231.0,1000.0,Metal Mining,NYSE
BVS,United States,DE,1231.0,3841.0,Surgical & Medical Instruments & Apparat,Nasdaq
BW,United States,DE,1231.0,3433.0,"Heating Equipment, Except Electric & War","NYSE,NYSE,NYSE"
BWA,United States,DE,1231.0,3714.0,Motor Vehicle Parts & Accessories,NYSE
BWAY,Foreign,L3,,3841.0,Surgical & Medical Instruments & Apparat,"Nasdaq,OTC"
BWB,United States,MN,1231.0,6022.0,State Commercial Banks,"Nasdaq,Nasdaq"
BWEN,United States,DE,1231.0,3360.0,Nonferrous Foundries (Castings),Nasdaq
BWFG,United States,CT,1231.0,6022.0,State Commercial Banks,Nasdaq
BWIN,United States,DE,1231.0,6411.0,"Insurance Agents, Brokers & Service",Nasdaq
BWLP,Foreign,U0,1231.0,4700.0,Transportation Services,NYSE
BWMG,United States,FL,1231.0,3949.0,"Sporting & Athletic Goods, NEC",OTC
BWMN,United States,,,8742.0,Services-Management Consulting Services,Nasdaq
BWMX,Foreign,O5,1231.0,5961.0,Retail-Catalog & Mail-Order Houses,NYSE
BWOW,United States,DE,1231.0,6221.0,Commodity Contracts Brokers & Dealers,NYSE
BWXT,United States,DE,1231.0,3510.0,Engines & Turbines,NYSE
BX,United States,DE,1231.0,6282.0,Investment Advice,NYSE
BXC,United States,DE,102.0,5031.0,"Wholesale-Lumber, Plywood, Millwork & Wo",NYSE
BXDC,United States,MD,1231.0,6500.0,Real Estate,NYSE
BXMT,United States,MD,1231.0,6798.0,Real Estate Investment Trusts,NYSE
BXP,United States,DE,1231.0,6798.0,Real Estate Investment Trusts,NYSE
BXSL,United States,DE,1231.0,,,NYSE
BY,United States,DE,,6022.0,State Commercial Banks,NYSE
BYAH,Foreign,F4,1031.0,2840.0,"Soap, Detergents, Cleang Preparations, P",Nasdaq
BYD,United States,NV,1231.0,7011.0,Hotels & Motels,NYSE
BYFC,United States,DE,1231.0,6035.0,"Savings Institution, Federally Chartered",Nasdaq
BYND,United States,DE,1231.0,2000.0,Food and Kindred Products,Nasdaq
BYRN,United States,DE,1130.0,3690.0,"Miscellaneous Electrical Machinery, Equi",Nasdaq
BYSI,Foreign,,1231.0,2834.0,Pharmaceutical Preparations,Nasdaq
BZ,Foreign,E9,1231.0,7370.0,"Services-Computer Programming, Data Proc",Nasdaq
BZAI,United States,DE,1231.0,3674.0,Semiconductors & Related Devices,"Nasdaq,Nasdaq"
CNMD,United States,DE,1231.0,3845.0,Electromedical & Electrotherapeutic Appa,NYSE
CNNE,United States,DE,1231.0,5810.0,Retail-Eating & Drinking Places,NYSE
CNO,United States,DE,1231.0,6321.0,Accident & Health Insurance,"NYSE,NYSE"
CNOB,United States,NJ,1231.0,6022.0,State Commercial Banks,"Nasdaq,Nasdaq"
CNP,United States,TX,1231.0,4911.0,Electric Services,NYSE
CNQ,Foreign,A0,1231.0,1311.0,Crude Petroleum & Natural Gas,NYSE
CNR,United States,DC,1231.0,1220.0,Silver Ores,NYSE
CNS,United States,DE,1231.0,6282.0,Investment Advice,NYSE
CNSP,United States,NV,1231.0,2834.0,Pharmaceutical Preparations,Nasdaq
CNTA,United States,X0,1231.0,2834.0,Pharmaceutical Preparations,
CNTB,Foreign,E9,1231.0,2834.0,Pharmaceutical Preparations,Nasdaq
CNTM,United States,DE,1231.0,1700.0,Construction - Special Trade Contractors,OTC
CNTN,United States,DE,1231.0,6199.0,Finance Services,Nasdaq
CNTX,United States,DE,1231.0,2834.0,Pharmaceutical Preparations,Nasdaq
CNTY,United States,DE,1231.0,7011.0,Hotels & Motels,Nasdaq
CNVS,United States,DE,331.0,7841.0,Services-Video Tape Rental,Nasdaq
CNX,United States,DE,1231.0,1311.0,Crude Petroleum & Natural Gas,NYSE
CNXC,United States,DE,1130.0,7389.0,"Services-Business Services, NEC",Nasdaq
CNXN,United States,DE,1231.0,5045.0,Wholesale-Computers & Peripheral Equipme,Nasdaq
CNXU,United States,NV,1031.0,3842.0,"Orthopedic, Prosthetic & Surgical Applia",Nasdaq
COAG,United States,DE,1231.0,2836.0,"Biological Products, (No Diagnostic Subs",Nasdaq
COBA,United States,NV,1231.0,1000.0,Metal Mining,OTC
COCH,United States,,1231.0,3842.0,"Orthopedic, Prosthetic & Surgical Applia","Nasdaq,Nasdaq"
COCO,United States,DE,1231.0,2080.0,Beverages,Nasdaq
COCP,United States,DE,1231.0,2834.0,Pharmaceutical Preparations,Nasdaq
CODA,United States,DE,1031.0,3812.0,"Search, Detection, Navigation, Guidance,",Nasdaq
CODI,United States,DE,1231.0,2510.0,Household Furniture,"NYSE,NYSE,NYSE,NYSE"
CODQL,United States,DE,1231.0,1220.0,Silver Ores,OTC
CODX,United States,UT,1231.0,3841.0,Surgical & Medical Instruments & Apparat,Nasdaq
COE,Foreign,E9,1231.0,8200.0,Services-Educational Services,NYSE
COF,United States,DE,1231.0,6021.0,National Commercial Banks,"NYSE,NYSE,NYSE,NYSE,NYSE"
COFS,United States,MI,1231.0,6022.0,State Commercial Banks,Nasdaq
COGT,United States,DE,1231.0,2834.0,Pharmaceutical Preparations,Nasdaq
COHN,United States,MD,1231.0,6211.0,"Security Brokers, Dealers & Flotation Co",NYSE
COHR,United States,PA,630.0,3827.0,Optical Instruments & Lenses,NYSE
COHU,United States,DE,1226.0,3825.0,Instruments For Meas & Testing of  Elect,Nasdaq
COIN,United States,TX,1231.0,6199.0,Finance Services,Nasdaq
COKE,United States,DE,1231.0,2086.0,Bottled & Canned Soft Drinks & Carbonate,Nasdaq
COLA,United States,,1231.0,6770.0,Blank Checks,"Nasdaq,Nasdaq,Nasdaq"
COLB,United States,WA,1231.0,6022.0,State Commercial Banks,Nasdaq
COLD,United States,MD,1231.0,6798.0,Real Estate Investment Trusts,NYSE
COLL,United States,VA,1231.0,2834.0,Pharmaceutical Preparations,Nasdaq
COLM,United States,OR,1231.0,2300.0,Apparel & Other Finishd Prods of  Fabric,Nasdaq
COMP,United States,DE,1231.0,6531.0,Real Estate Agents & Managers (For Other,NYSE
CON,United States,DE,1231.0,8093.0,Services-Specialty Outpatient Facilities,NYSE
CONC,United States,CO,1231.0,3663.0,Radio & Tv Broadcasting & Communications,OTC
COO,United States,DE,1031.0,3851.0,Ophthalmic Goods,Nasdaq
COOK,United States,DE,1231.0,3630.0,Household Appliances,NYSE
COOT,Foreign,E9,630.0,2070.0,Fats & Oils,"Nasdaq,Nasdaq"
COP,United States,DE,1231.0,2911.0,Petroleum Refining,NYSE
COPR,United States,NV,131.0,1000.0,Metal Mining,"NYSE,NYSE"
COR,United States,DE,930.0,5122.0,"Wholesale-Drugs, Proprietaries & Druggis",NYSE
CORT,United States,DE,1231.0,2834.0,Pharmaceutical Preparations,Nasdaq
CORZ,United States,DE,1231.0,6199.0,Finance Services,"Nasdaq,OTC,Nasdaq,Nasdaq"
COSG,United States,NV,1231.0,6199.0,Finance Services,
COSM,United States,NV,1231.0,5122.0,"Wholesale-Drugs, Proprietaries & Druggis",Nasdaq
COSO,United States,,1231.0,6022.0,State Commercial Banks,NYSE
COST,United States,WA,830.0,5331.0,Retail-Variety Stores,Nasdaq
COTY,United States,,630.0,2844.0,"Perfumes, Cosmetics & Other Toilet Prepa",NYSE
COUR,United States,DE,1231.0,7372.0,Services-Prepackaged Software,NYSE
COYA,United States,DE,1231.0,2834.0,Pharmaceutical Preparations,Nasdaq
CP,Foreign,Z4,1231.0,4011.0,"Railroads, Line-Haul Operating",NYSE
CPA,Foreign,R1,1231.0,4512.0,"Air Transportation, Scheduled",NYSE
CPAC,Foreign,,1231.0,3241.0,"Cement, Hydraulic",NYSE
CPAY,United States,DE,1231.0,7389.0,"Services-Business Services, NEC",NYSE
CPB,United States,NJ,803.0,2000.0,Food and Kindred Products,Nasdaq
CPBI,United States,MD,331.0,6035.0,"Savings Institution, Federally Chartered",Nasdaq
CPF,United States,HI,1231.0,6022.0,State Commercial Banks,NYSE
CPHC,United States,MN,1231.0,7948.0,"Services-Racing, Including Track Operati",Nasdaq
CPHI,United States,DE,1231.0,2834.0,Pharmaceutical Preparations,NYSE
CPIX,United States,TN,1231.0,2834.0,Pharmaceutical Preparations,Nasdaq
CPK,United States,DE,1231.0,4923.0,Natural Gas Transmisison & Distribution,NYSE
CPMD,United States,DE,1231.0,2834.0,Pharmaceutical Preparations,OTC
CPMV,United States,DE,1231.0,2836.0,"Biological Products, (No Diagnostic Subs",OTC
CPNG,United States,DE,1231.0,5961.0,Retail-Catalog & Mail-Order Houses,NYSE
CPPTL,United States,NY,1231.0,6500.0,Real Estate,OTC
CPRI,Foreign,D8,329.0,3100.0,Leather & Leather Products,NYSE
CPRT,United States,DE,731.0,5500.0,Retail-Auto Dealers & Gasoline Stations,Nasdaq
CPRX,United States,DE,1231.0,2834.0,Pharmaceutical Preparations,Nasdaq
CPS,United States,DE,1231.0,3714.0,Motor Vehicle Parts & Accessories,NYSE
CPSH,United States,MA,1226.0,3260.0,Pottery & Related Products,Nasdaq
CPSS,United States,CA,1231.0,6199.0,Finance Services,Nasdaq
CPT,United States,TX,1231.0,6798.0,Real Estate Investment Trusts,NYSE
CPTP,United States,RI,1231.0,6519.0,"Lessors of  Real Property, NEC",
CPWR,United States,NV,1231.0,4931.0,Electric & Other Services Combined,OTC
CQP,United States,DE,1231.0,4924.0,Natural Gas Distribution,NYSE
CR,United States,DE,1231.0,3490.0,Miscellaneous Fabricated Metal Products,NYSE
CRAC,United States,E9,1231.0,6770.0,Blank Checks,"Nasdaq,Nasdaq,Nasdaq,Nas"
CRAI,United States,MA,102.0,8111.0,Services-Legal Services,Nasdaq
CRBG,United States,DE,1231.0,6311.0,Life Insurance,"NYSE,NYSE"
CRBP,United States,DE,1231.0,2834.0,Pharmaceutical Preparations,Nasdaq
CRBU,United States,DE,1231.0,2836.0,"Biological Products, (No Diagnostic Subs",Nasdaq
CRC,United States,DE,1231.0,1311.0,Crude Petroleum & Natural Gas,NYSE
CRCE,United States,NV,1231.0,1311.0,Crude Petroleum & Natural Gas,OTC
CRCL,United States,DE,1231.0,6199.0,Finance Services,NYSE
CRCT,United States,DE,1231.0,3559.0,"Special Industry Machinery, NEC",Nasdaq
CRCUF,Foreign,A1,1231.0,1040.0,Gold and Silver Ores,OTC
CRCW,United States,NV,1231.0,7374.0,Services-Computer Processing & Data Prep,OTC
CRDF,United States,DE,1231.0,2836.0,"Biological Products, (No Diagnostic Subs",Nasdaq
CRDL,Foreign,A6,1231.0,2836.0,"Biological Products, (No Diagnostic Subs",Nasdaq
CRDO,United States,E9,429.0,3674.0,Semiconductors & Related Devices,Nasdaq
CRDV,United States,CO,1231.0,6552.0,Land Subdividers & Developers (No Cemete,
CREG,United States,NV,1231.0,7389.0,"Services-Business Services, NEC",OTC
CRESY,Foreign,C1,630.0,6500.0,Real Estate,Nasdaq
CREX,United States,MN,1231.0,7373.0,Services-Computer Integrated Systems Des,Nasdaq
CRGO,Foreign,E9,1231.0,4731.0,Arrangement of  Transportation of  Freig,"Nasdaq,Nasdaq"
CRGY,United States,DE,1231.0,1311.0,Crude Petroleum & Natural Gas,NYSE
CRH,Foreign,L2,1231.0,3241.0,"Cement, Hydraulic",NYSE
CRI,United States,DE,102.0,2300.0,Apparel & Other Finishd Prods of  Fabric,NYSE
CRIS,United States,DE,1231.0,2836.0,"Biological Products, (No Diagnostic Subs",Nasdaq
CRK,United States,NV,1231.0,1311.0,Crude Petroleum & Natural Gas,NYSE
CRL,United States,,1227.0,8731.0,Services-Commercial Physical & Biologica,NYSE
CRM,United States,DE,131.0,7372.0,Services-Prepackaged Software,NYSE
CRMD,United States,DE,1231.0,2834.0,Pharmaceutical Preparations,Nasdaq
CRML,Foreign,D8,,1000.0,Metal Mining,"Nasdaq,Nasdaq"
CRMT,United States,TX,430.0,5500.0,Retail-Auto Dealers & Gasoline Stations,Nasdaq
CRMZ,United States,NV,1231.0,7320.0,"Services-Consumer Credit Reporting, Coll",OTC
CRNC,United States,DE,930.0,7372.0,Services-Prepackaged Software,Nasdaq
CRNT,Foreign,L3,1231.0,3663.0,Radio & Tv Broadcasting & Communications,Nasdaq
CRNX,United States,DE,1231.0,2834.0,Pharmaceutical Preparations,Nasdaq
CRON,Foreign,A1,1231.0,2833.0,Medicinal Chemicals & Botanical Products,Nasdaq
CROX,United States,,1231.0,3021.0,Rubber & Plastics Footwear,Nasdaq
CRS,United States,DE,630.0,3312.0,"Steel Works, Blast Furnaces & Rolling Mi",NYSE
CRSF,United States,DE,731.0,6199.0,Finance Services,OTC
CRSP,United States,V8,1231.0,2836.0,"Biological Products, (No Diagnostic Subs",Nasdaq
CRSR,United States,DE,1231.0,3577.0,"Computer Peripheral Equipment, NEC",Nasdaq
CRTD,United States,NV,1231.0,4522.0,"Air Transportation, Nonscheduled",OTC
CRTO,Foreign,N4,1231.0,7311.0,Services-Advertising Agencies,Nasdaq
CRUS,United States,DE,327.0,3674.0,Semiconductors & Related Devices,Nasdaq
CRVL,United States,DE,331.0,6411.0,"Insurance Agents, Brokers & Service",Nasdaq
CRVO,United States,DE,1231.0,2834.0,Pharmaceutical Preparations,Nasdaq
CRVS,United States,DE,1231.0,2834.0,Pharmaceutical Preparations,Nasdaq
CRVW,United States,NV,1231.0,3663.0,Radio & Tv Broadcasting & Communications,OTC
CRWD,United States,DE,131.0,7372.0,Services-Prepackaged Software,Nasdaq
CRWE,United States,NV,1231.0,5734.0,Retail-Computer & Computer Software Stor,OTC
CRWS,United States,DE,328.0,2211.0,"Broadwoven Fabric Mills, Cotton",Nasdaq
CRWV,United States,DE,1231.0,7372.0,Services-Prepackaged Software,Nasdaq
CSAI,United States,DE,1231.0,7370.0,"Services-Computer Programming, Data Proc",Nasdaq
CSAN,Foreign,D5,1231.0,5500.0,Retail-Auto Dealers & Gasoline Stations,NYSE
CSBB,United States,OH,1231.0,6022.0,State Commercial Banks,OTC
CSBR,United States,DE,430.0,2836.0,"Biological Products, (No Diagnostic Subs",Nasdaq
CSCIF,Foreign,A6,1231.0,2844.0,"Perfumes, Cosmetics & Other Toilet Prepa","OTC,None"
CSCO,United States,DE,725.0,3576.0,Computer Communications Equipment,Nasdaq
CSDX,United States,WY,1231.0,2842.0,"Specialty Cleaning, Polishing and Sanita",OTC
CSGP,United States,DE,1231.0,7389.0,"Services-Business Services, NEC",Nasdaq
CSHR,Foreign,Y9,1231.0,6211.0,"Security Brokers, Dealers & Flotation Co","Nasdaq,Nasdaq"
CSIQ,Foreign,A6,1231.0,3674.0,Semiconductors & Related Devices,Nasdaq
CSL,United States,DE,1231.0,3060.0,"Fabricated Rubber Products, NEC",NYSE
CSPI,United States,MA,930.0,7373.0,Services-Computer Integrated Systems Des,Nasdaq
CSQR,United States,DE,1231.0,7370.0,"Services-Computer Programming, Data Proc",NYSE
CSR,United States,ND,1231.0,6798.0,Real Estate Investment Trusts,NYSE
CSTE,Foreign,,,3281.0,Cut Stone & Stone Products,Nasdaq
CSTL,United States,DE,1231.0,8071.0,Services-Medical Laboratories,Nasdaq
CSTM,Foreign,,1231.0,3341.0,Secondary Smelting & Refining of  Nonfer,NYSE
CSUI,United States,NV,531.0,6500.0,Real Estate,OTC
CSV,United States,DE,1231.0,7200.0,Services-Personal Services,NYSE
CSW,United States,DE,331.0,2891.0,Adhesives & Sealants,NYSE
CSWC,United States,TX,331.0,,,Nasdaq
CSX,United States,VA,1231.0,4011.0,"Railroads, Line-Haul Operating",Nasdaq
CTA-PB,United States,DE,1231.0,2820.0,"Plastic Material, Synth Resin/Rubber, Ce","NYSE,NYSE"
CTAA,United States,E9,1231.0,6770.0,Blank Checks,"Nasdaq,Nasdaq,Nasdaq"
CTAS,United States,WA,531.0,2320.0,"Men's & Boys' Furnishgs, Work Clothg, & ",Nasdaq
CTBI,United States,KY,1231.0,6022.0,State Commercial Banks,Nasdaq
CTEV,United States,DE,1231.0,7389.0,"Services-Business Services, NEC",NYSE
CTGG,United States,CO,1231.0,4813.0,Telephone Communications (No Radioteleph,
CTGL,United States,,1231.0,7372.0,Services-Prepackaged Software,OTC
CTGO,United States,DE,1231.0,1040.0,Gold and Silver Ores,NYSE
CTKB,United States,DE,1231.0,3826.0,Laboratory Analytical Instruments,Nasdaq
CTM,United States,NV,1231.0,8742.0,Services-Management Consulting Services,NYSE
CTMX,United States,DE,1231.0,2834.0,Pharmaceutical Preparations,Nasdaq
CTNM,United States,DE,1231.0,2834.0,Pharmaceutical Preparations,Nasdaq
CTNT,United States,DE,1231.0,5010.0,Wholesale-Motor Vehicles & Motor Vehicle,Nasdaq
CTO,United States,MD,1231.0,6798.0,Real Estate Investment Trusts,"NYSE,NYSE"
CTOR,United States,DE,930.0,2834.0,Pharmaceutical Preparations,Nasdaq
CTOS,United States,DE,1231.0,7359.0,"Services-Equipment Rental & Leasing, NEC",NYSE
CTRE,United States,MD,1231.0,6798.0,Real Estate Investment Trusts,NYSE
CTRI,United States,DE,103.0,4923.0,Natural Gas Transmisison & Distribution,NYSE
CTRM,Foreign,1T,1231.0,4412.0,Deep Sea Foreign Transportation of  Frei,Nasdaq
CTRN,United States,DE,130.0,5600.0,Retail-Apparel & Accessory Stores,Nasdaq
CTS,United States,IN,1231.0,3672.0,Printed Circuit Boards,NYSE
CTSH,United States,,1231.0,7371.0,Services-Computer Programming Services,Nasdaq
CTSO,United States,DE,1231.0,3841.0,Surgical & Medical Instruments & Apparat,Nasdaq
CTVA,United States,DE,1231.0,100.0,Agricultural Production-Crops,NYSE
CTWO,United States,DE,1130.0,6199.0,Finance Services,NYSE
CTXR,United States,NV,930.0,2834.0,Pharmaceutical Preparations,Nasdaq
CUBE,United States,MD,1231.0,6798.0,Real Estate Investment Trusts,NYSE
CUBI,United States,PA,1231.0,6022.0,State Commercial Banks,"NYSE,NYSE"
CUE,United States,DE,1231.0,2834.0,Pharmaceutical Preparations,Nasdaq
CUEN,United States,,1231.0,5140.0,Wholesale-Groceries & Related Products,"OTC,OTC"
CULL,United States,MD,1231.0,6036.0,"Savings Institutions, Not Federally Char",OTC
CULP,United States,NC,1231.0,2211.0,"Broadwoven Fabric Mills, Cotton",Nasdaq
CUPR,Foreign,E9,1231.0,3842.0,"Orthopedic, Prosthetic & Surgical Applia",Nasdaq
CURB,United States,MD,1231.0,6500.0,Real Estate,NYSE
CURI,United States,DE,1231.0,7812.0,Services-Motion Picture & Video Tape Pro,Nasdaq
CURLF,Foreign,A1,1231.0,2833.0,Medicinal Chemicals & Botanical Products,OTC
CURR,Foreign,E9,1231.0,7389.0,"Services-Business Services, NEC",Nasdaq
CURV,United States,,131.0,5600.0,Retail-Apparel & Accessory Stores,NYSE
CURX,United States,NV,1231.0,2834.0,Pharmaceutical Preparations,Nasdaq
CUZ,United States,GA,1231.0,6798.0,Real Estate Investment Trusts,NYSE
CV,United States,DE,1231.0,3845.0,Electromedical & Electrotherapeutic Appa,Nasdaq
CVAT,United States,,630.0,700.0,Agricultural Services,OTC
CVBF,United States,CA,1231.0,6022.0,State Commercial Banks,Nasdaq
CVCO,United States,DE,328.0,2451.0,Mobile Homes,Nasdaq
CVE,Foreign,,1231.0,1311.0,Crude Petroleum & Natural Gas,NYSE
CVEO,United States,A1,1231.0,7000.0,"Hotels, Rooming Houses, Camps & Other Lo",NYSE
CVGI,United States,DE,1231.0,3714.0,Motor Vehicle Parts & Accessories,Nasdaq
CVI,United States,DE,1231.0,2911.0,Petroleum Refining,NYSE
CVKD,United States,DE,1231.0,2834.0,Pharmaceutical Preparations,Nasdaq
CVLG,United States,NV,1231.0,4213.0,Trucking (No Local),NYSE
CVLT,United States,DE,331.0,7372.0,Services-Prepackaged Software,Nasdaq
CVM,United States,CO,930.0,2836.0,"Biological Products, (No Diagnostic Subs",NYSE
CVNA,United States,DE,1231.0,5500.0,Retail-Auto Dealers & Gasoline Stations,NYSE
CVR,United States,IL,1231.0,3540.0,Metalworkg Machinery & Equipment,NYSE
CVRX,United States,DE,1231.0,3841.0,Surgical & Medical Instruments & Apparat,Nasdaq
CVS,United States,DE,1231.0,5912.0,Retail-Drug Stores and Proprietary Store,NYSE
CVSA,United States,DE,630.0,8200.0,Services-Educational Services,NYSE
CVSI,United States,DE,1231.0,2834.0,Pharmaceutical Preparations,OTC
CVU,United States,NY,1231.0,3728.0,"Aircraft Parts & Auxiliary Equipment, NE",NYSE
CVV,United States,NY,1231.0,3559.0,"Special Industry Machinery, NEC",Nasdaq
CVX,United States,DE,1231.0,2911.0,Petroleum Refining,NYSE
CW,United States,DE,1231.0,3590.0,Misc Industrial & Commercial Machinery &,NYSE
CWAN,United States,DE,1231.0,7372.0,Services-Prepackaged Software,NYSE
CWBC,United States,CA,1231.0,6022.0,State Commercial Banks,Nasdaq
CWBHF,United States,A1,1231.0,100.0,Agricultural Production-Crops,OTC
CWCO,Foreign,E9,1231.0,4941.0,Water Supply,Nasdaq
CWD,United States,DE,1231.0,6500.0,Real Estate,Nasdaq
CWEN,United States,DE,1231.0,4911.0,Electric Services,NYSE
CWGL,United States,DE,1231.0,2080.0,Beverages,OTC
CWH,United States,DE,1231.0,5500.0,Retail-Auto Dealers & Gasoline Stations,NYSE
CWK,United States,D0,1231.0,6500.0,Real Estate,NYSE
CWST,United States,DE,1231.0,4953.0,Refuse Systems,Nasdaq
CWT,United States,DE,1231.0,4941.0,Water Supply,NYSE
CX,Foreign,O5,1231.0,3241.0,"Cement, Hydraulic","NYSE,OTC"
CXAI,United States,DE,1231.0,7372.0,Services-Prepackaged Software,"Nasdaq,Nasdaq"
CXDO,United States,DE,1231.0,4813.0,Telephone Communications (No Radioteleph,Nasdaq
CXII,United States,E9,1231.0,6770.0,Blank Checks,"Nasdaq,Nasdaq,Nasdaq"
CXM,United States,DE,131.0,7372.0,Services-Prepackaged Software,NYSE
CXT,United States,DE,1231.0,3490.0,Miscellaneous Fabricated Metal Products,NYSE
CXW,United States,MD,1231.0,6798.0,Real Estate Investment Trusts,NYSE
CXXIF,Foreign,A1,331.0,2833.0,Medicinal Chemicals & Botanical Products,"OTC,OTC"
CYAB,United States,DE,1231.0,7372.0,Services-Prepackaged Software,Nasdaq
CYAN,United States,NV,331.0,2833.0,Medicinal Chemicals & Botanical Products,OTC
CYCN,United States,MA,1231.0,2834.0,Pharmaceutical Preparations,Nasdaq
CYCU,United States,DE,1231.0,7371.0,Services-Computer Programming Services,"Nasdaq,Nasdaq"
CYD,Foreign,,1231.0,3510.0,Engines & Turbines,NYSE
CYDY,United States,DE,531.0,2834.0,Pharmaceutical Preparations,OTC
CYH,United States,DE,1231.0,8062.0,Services-General Medical & Surgical Hosp,NYSE
CYN,United States,DE,1231.0,7371.0,Services-Computer Programming Services,Nasdaq
CYPH,United States,DE,1231.0,2834.0,Pharmaceutical Preparations,Nasdaq
CYRX,United States,NV,1231.0,2834.0,Pharmaceutical Preparations,Nasdaq
CYTK,United States,,1231.0,2834.0,Pharmaceutical Preparations,Nasdaq
CYTOF,Foreign,D0,1231.0,2834.0,Pharmaceutical Preparations,OTC
CZFS,United States,PA,1231.0,6022.0,State Commercial Banks,Nasdaq
CZNC,United States,PA,1231.0,6022.0,State Commercial Banks,Nasdaq
CZR,United States,DE,1231.0,7011.0,Hotels & Motels,Nasdaq
CZWI,United States,MD,1231.0,6035.0,"Savings Institution, Federally Chartered",Nasdaq
D,United States,VA,1231.0,4911.0,Electric Services,NYSE
DAAQ,United States,E9,1231.0,6022.0,State Commercial Banks,"Nasdaq,Nasdaq,Nasdaq"
DAC,Foreign,1T,1231.0,4412.0,Deep Sea Foreign Transportation of  Frei,NYSE
DAIC,United States,DE,1231.0,7373.0,Services-Computer Integrated Systems Des,"Nasdaq,Nasdaq"
DAIO,United States,WA,1211.0,3825.0,Instruments For Meas & Testing of  Elect,Nasdaq
DAKT,United States,DE,502.0,3990.0,Miscellaneous Manufacturing Industries,Nasdaq
DAL,United States,DE,1231.0,4512.0,"Air Transportation, Scheduled",NYSE
DAN,United States,DE,1231.0,3714.0,Motor Vehicle Parts & Accessories,NYSE
DAO,Foreign,E9,1231.0,8200.0,Services-Educational Services,NYSE
DAR,United States,DE,102.0,2070.0,Fats & Oils,NYSE
DARE,United States,DE,1231.0,2834.0,Pharmaceutical Preparations,Nasdaq
DASH,United States,DE,1231.0,7389.0,"Services-Business Services, NEC",Nasdaq
DAVA,Foreign,X0,630.0,7371.0,Services-Computer Programming Services,NYSE
DAVE,United States,,1231.0,6199.0,Finance Services,"Nasdaq,Nasdaq"
DAVI,Foreign,G4,1231.0,3841.0,Surgical & Medical Instruments & Apparat,
DAZSF,Foreign,E9,531.0,3690.0,"Miscellaneous Electrical Machinery, Equi",
DB,Foreign,,1231.0,6022.0,State Commercial Banks,"NYSE,OTC,OTC,NYSE,NYSE,N"
DBA,United States,DE,1231.0,6221.0,Commodity Contracts Brokers & Dealers,NYSE
DBB,United States,DE,1231.0,6221.0,Commodity Contracts Brokers & Dealers,NYSE
DBC,United States,,1231.0,6221.0,Commodity Contracts Brokers & Dealers,NYSE
DBD,United States,DE,1231.0,3578.0,Calculating & Accounting Machines (No El,NYSE
DBE,United States,DE,1231.0,6221.0,Commodity Contracts Brokers & Dealers,NYSE
DBGI,United States,DE,1231.0,5600.0,Retail-Apparel & Accessory Stores,Nasdaq
DBI,United States,OH,130.0,5661.0,Retail-Shoe Stores,NYSE
DBMM,United States,FL,831.0,7389.0,"Services-Business Services, NEC",OTC
DBO,United States,DE,1231.0,6221.0,Commodity Contracts Brokers & Dealers,NYSE
DBP,United States,DE,1231.0,6221.0,Commodity Contracts Brokers & Dealers,NYSE
DBRG,United States,MD,1231.0,6282.0,Investment Advice,"NYSE,NYSE,NYSE,NYSE"
DBVT,Foreign,I0,1231.0,2836.0,"Biological Products, (No Diagnostic Subs","Nasdaq,OTC"
DBX,United States,NV,1231.0,7372.0,Services-Prepackaged Software,Nasdaq
DC,United States,DE,1231.0,1000.0,Metal Mining,NYSE
DCBO,Foreign,A6,1231.0,7372.0,Services-Prepackaged Software,Nasdaq
DCGO,United States,DE,1231.0,8000.0,Services-Health Services,Nasdaq
DCH,United States,DE,1231.0,3714.0,Motor Vehicle Parts & Accessories,NYSE
DCI,United States,DE,731.0,3564.0,Industrial & Commercial Fans & Blowers &,NYSE
DCO,United States,DE,1231.0,3728.0,"Aircraft Parts & Auxiliary Equipment, NE",NYSE
DCOM,United States,NY,1231.0,6021.0,National Commercial Banks,"NYSE,NYSE,NYSE"
DCOY,United States,DE,1231.0,2834.0,Pharmaceutical Preparations,Nasdaq
DCTH,United States,DE,1231.0,3841.0,Surgical & Medical Instruments & Apparat,Nasdaq
DCX,Foreign,E9,1231.0,3711.0,Motor Vehicles & Passenger Car Bodies,Nasdaq
DD,United States,DE,1231.0,2821.0,"Plastic Materials, Synth Resins & Nonvul",NYSE
DDD,United States,DE,1231.0,7372.0,Services-Prepackaged Software,NYSE
DDI,Foreign,M5,1231.0,7374.0,Services-Computer Processing & Data Prep,Nasdaq
DDOG,United States,NV,1231.0,7372.0,Services-Prepackaged Software,Nasdaq
DDS,United States,TX,130.0,5311.0,Retail-Department Stores,"NYSE,NYSE"
DE,United States,DE,1101.0,3523.0,Farm Machinery & Equipment,NYSE
DEA,United States,MD,1231.0,6798.0,Real Estate Investment Trusts,NYSE
DEC,Foreign,DE,1231.0,1311.0,Crude Petroleum & Natural Gas,NYSE
DECK,United States,DE,331.0,3021.0,Rubber & Plastics Footwear,NYSE
DEFI,United States,DE,1231.0,6221.0,Commodity Contracts Brokers & Dealers,NYSE
DEFT,Foreign,DE,1231.0,6199.0,Finance Services,Nasdaq
DEI,United States,MD,1231.0,6798.0,Real Estate Investment Trusts,NYSE
DELL,United States,TX,1231.0,3571.0,Electronic Computers,NYSE
DEO,Foreign,X0,630.0,2080.0,Beverages,"NYSE,OTC"
DERM,United States,DE,1231.0,2834.0,Pharmaceutical Preparations,Nasdaq
DEVS,United States,A0,731.0,6799.0,"Investors, NEC",OTC
DFDV,United States,NV,1231.0,6199.0,Finance Services,"Nasdaq,Nasdaq,OTC"
DFH,United States,TX,1231.0,1531.0,Operative Builders,NYSE
DFIN,United States,DE,1231.0,7380.0,Services-Miscellaneous Business Services,NYSE
DFLI,United States,NV,1231.0,3690.0,"Miscellaneous Electrical Machinery, Equi","Nasdaq,Nasdaq"
DFNS,United States,DE,1231.0,8742.0,Services-Management Consulting Services,"Nasdaq,Nasdaq"
DFSC,Foreign,A1,930.0,7372.0,Services-Prepackaged Software,"Nasdaq,Nasdaq"
DFTX,Foreign,A1,1231.0,2833.0,Medicinal Chemicals & Botanical Products,Nasdaq
DG,United States,TN,129.0,5331.0,Retail-Variety Stores,NYSE
DGAC,United States,E9,1231.0,6770.0,Blank Checks,"NYSE,NYSE,NYSE"
DGII,United States,DE,930.0,3576.0,Computer Communications Equipment,Nasdaq
DGNX,Foreign,E9,331.0,7374.0,Services-Computer Processing & Data Prep,Nasdaq
DGX,United States,DE,1231.0,8071.0,Services-Medical Laboratories,NYSE
DGXX,Foreign,A1,1231.0,6199.0,Finance Services,Nasdaq
DH,United States,DE,1231.0,7372.0,Services-Prepackaged Software,Nasdaq
DHC,United States,MD,1231.0,6798.0,Real Estate Investment Trusts,"Nasdaq,Nasdaq,Nasdaq"
DHI,United States,DE,930.0,1531.0,Operative Builders,NYSE
DHR,United States,DE,1231.0,3823.0,"Industrial Instruments For Measurement, ",NYSE
DHT,Foreign,1T,1231.0,4412.0,Deep Sea Foreign Transportation of  Frei,NYSE
DHTI,United States,WY,630.0,7363.0,Services-Help Supply Services,OTC
DHX,United States,DE,1231.0,7389.0,"Services-Business Services, NEC",NYSE
DIBS,United States,DE,1231.0,5961.0,Retail-Catalog & Mail-Order Houses,Nasdaq
DIDIY,Foreign,E9,1231.0,7389.0,"Services-Business Services, NEC",OTC
DIN,United States,DE,1231.0,5812.0,Retail-Eating  Places,NYSE
DINO,United States,DE,1231.0,4610.0,Pipe Lines (No Natural Gas),NYSE
DIOD,United States,DE,1231.0,3674.0,Semiconductors & Related Devices,Nasdaq
DIS,United States,DE,1003.0,7990.0,Services-Miscellaneous Amusement & Recre,NYSE
DIT,United States,DE,930.0,5141.0,"Wholesale-Groceries, General Line",NYSE
DJCO,United States,SC,930.0,2711.0,Newspapers: Publishing or  Publishing & ,Nasdaq
DJP,Foreign,X0,1231.0,6029.0,"Commercial Banks, NEC","CBOE,OTC,NYSE,Nasdaq,NYS"
DJT,United States,FL,1231.0,7370.0,"Services-Computer Programming, Data Proc","Nasdaq,Nasdaq"
DK,United States,DE,1231.0,2911.0,Petroleum Refining,NYSE
DKL,United States,TN,1231.0,4610.0,Pipe Lines (No Natural Gas),NYSE
DKNG,United States,NV,1231.0,7990.0,Services-Miscellaneous Amusement & Recre,Nasdaq
DKS,United States,DE,130.0,5940.0,Retail-Miscellaneous Shopping Goods Stor,NYSE
DLB,United States,DE,927.0,6794.0,Patent Owners & Lessors,NYSE
DLHC,United States,NJ,930.0,7363.0,Services-Help Supply Services,Nasdaq
DLO,Foreign,E9,1231.0,7389.0,"Services-Business Services, NEC",Nasdaq
DLPN,United States,FL,1231.0,7200.0,Services-Personal Services,Nasdaq
DLR,United States,MD,1231.0,6798.0,Real Estate Investment Trusts,"NYSE,NYSE,NYSE,NYSE"
DLTH,United States,,201.0,5600.0,Retail-Apparel & Accessory Stores,Nasdaq
DLTI,United States,NV,1231.0,7200.0,Services-Personal Services,
DLTR,United States,VA,130.0,5331.0,Retail-Variety Stores,Nasdaq
DLX,United States,MN,1231.0,2780.0,"Blankbooks, Looseleaf Binders & Bookbind",NYSE
DLXY,Foreign,E9,1231.0,5172.0,Wholesale-Petroleum & Petroleum Products,Nasdaq
DMAA,United States,,1231.0,6770.0,Blank Checks,"Nasdaq,Nasdaq,Nasdaq"
DMAC,United States,Z4,1231.0,2834.0,Pharmaceutical Preparations,Nasdaq
DMC,United States,E9,1226.0,100.0,Agricultural Production-Crops,NYSE
DMII,United States,,1231.0,6770.0,Blank Checks,"Nasdaq,Nasdaq,Nasdaq"
DMLP,United States,DE,1231.0,1311.0,Crude Petroleum & Natural Gas,Nasdaq
DMRA,United States,DE,1231.0,2834.0,Pharmaceutical Preparations,Nasdaq
DMRC,United States,OR,1231.0,7373.0,Services-Computer Integrated Systems Des,Nasdaq
DNA,United States,DE,1231.0,2836.0,"Biological Products, (No Diagnostic Subs","NYSE,OTC"
DNLI,United States,DE,1231.0,2836.0,"Biological Products, (No Diagnostic Subs",Nasdaq
DNMX,United States,E9,1231.0,6770.0,Blank Checks,"Nasdaq,Nasdaq,Nasdaq"
DNN,Foreign,A6,1231.0,1090.0,Miscellaneous Metal Ores,NYSE
DNOW,United States,DE,1231.0,3533.0,Oil & Gas Field Machinery & Equipment,NYSE
DNTH,United States,DE,1231.0,2834.0,Pharmaceutical Preparations,Nasdaq
DNUT,United States,,,5400.0,Retail-Food Stores,Nasdaq
DOC,United States,MD,1231.0,6798.0,Real Estate Investment Trusts,NYSE
DOCN,United States,DE,1231.0,7370.0,"Services-Computer Programming, Data Proc",NYSE
DOCS,United States,DE,331.0,7371.0,Services-Computer Programming Services,NYSE
DOCU,United States,DE,131.0,7372.0,Services-Prepackaged Software,Nasdaq
DOGP,United States,NV,1231.0,7200.0,Services-Personal Services,OTC
DOGZ,Foreign,D8,630.0,3990.0,Miscellaneous Manufacturing Industries,Nasdaq
DOLE,Foreign,,,100.0,Agricultural Production-Crops,NYSE
DOMH,United States,DE,1231.0,6211.0,"Security Brokers, Dealers & Flotation Co",Nasdaq
DOMO,United States,DE,131.0,7372.0,Services-Prepackaged Software,Nasdaq
DORM,United States,PA,1228.0,3714.0,Motor Vehicle Parts & Accessories,Nasdaq
DOUG,United States,DE,1231.0,6531.0,Real Estate Agents & Managers (For Other,NYSE
DOV,United States,NY,1231.0,3530.0,"Construction, Mining & Materials Handlin",NYSE
DOW,United States,DE,1231.0,2821.0,"Plastic Materials, Synth Resins & Nonvul",NYSE
DOX,Foreign,X0,930.0,7371.0,Services-Computer Programming Services,Nasdaq
DOYU,Foreign,E9,1231.0,7370.0,"Services-Computer Programming, Data Proc",Nasdaq
DPC,United States,Y9,1231.0,3360.0,Nonferrous Foundries (Castings),NYSE
DPLS,United States,,1231.0,7372.0,Services-Prepackaged Software,OTC
DPRO,Foreign,A1,1231.0,3721.0,Aircraft,Nasdaq
DPZ,United States,DE,102.0,5140.0,Wholesale-Groceries & Related Products,Nasdaq
DQ,Foreign,E9,1231.0,3674.0,Semiconductors & Related Devices,NYSE
DQWS,United States,NV,1231.0,2844.0,"Perfumes, Cosmetics & Other Toilet Prepa",OTC
DRCT,United States,DE,1231.0,7310.0,Services-Advertising,Nasdaq
DRD,Foreign,,630.0,1040.0,Gold and Silver Ores,"NYSE,OTC"
DRH,United States,,1231.0,6798.0,Real Estate Investment Trusts,Nasdaq
DRI,United States,FL,531.0,5812.0,Retail-Eating  Places,NYSE
DRIO,United States,DE,1231.0,3841.0,Surgical & Medical Instruments & Apparat,Nasdaq
DRMA,United States,DE,1231.0,2834.0,Pharmaceutical Preparations,"Nasdaq,Nasdaq"
DROR,United States,DE,1231.0,3843.0,Dental Equipment & Supplies,OTC
DRS,United States,DE,1231.0,3812.0,"Search, Detection, Navigation, Guidance,",Nasdaq
DRTS,Foreign,L3,1231.0,3841.0,Surgical & Medical Instruments & Apparat,"Nasdaq,Nasdaq"
DRTTF,United States,A0,1231.0,7372.0,Services-Prepackaged Software,OTC
DRUG,Foreign,A1,930.0,2834.0,Pharmaceutical Preparations,Nasdaq
DRVN,United States,DE,1227.0,7500.0,"Services-Automotive Repair, Services & P",Nasdaq
DSGN,United States,DE,1231.0,2834.0,Pharmaceutical Preparations,Nasdaq
DSGR,United States,DE,1231.0,5080.0,"Wholesale-Machinery, Equipment & Supplie",Nasdaq
DSGT,United States,NV,1231.0,7373.0,Services-Computer Integrated Systems Des,
DSGX,Foreign,A6,131.0,7372.0,Services-Prepackaged Software,Nasdaq
DSNY,United States,NV,831.0,7372.0,Services-Prepackaged Software,OTC
DSP,United States,DE,1231.0,7370.0,"Services-Computer Programming, Data Proc",Nasdaq
DSS,United States,NY,1231.0,2650.0,Paperboard Containers & Boxes,NYSE
DSWL,Foreign,,331.0,3089.0,"Plastics Products, NEC",Nasdaq
DSX,Foreign,,,4412.0,Deep Sea Foreign Transportation of  Frei,"NYSE,NYSE,NYSE"
DSY,Foreign,E9,630.0,2670.0,Converted Paper & Paperboard Prods (No C,"Nasdaq,Nasdaq"
DT,United States,DE,331.0,7372.0,Services-Prepackaged Software,NYSE
DTCKF,Foreign,E9,1231.0,5150.0,Wholesale-Farm Product Raw Materials,OTC
DTCX,United States,NV,1231.0,7374.0,Services-Computer Processing & Data Prep,Nasdaq
DTE,United States,MI,1231.0,4911.0,Electric Services,"NYSE,NYSE,NYSE,NYSE,NYSE"
DTGI,United States,NV,731.0,7374.0,Services-Computer Processing & Data Prep,OTC
DTI,United States,DE,1231.0,3533.0,Oil & Gas Field Machinery & Equipment,Nasdaq
DTII,United States,DE,430.0,1040.0,Gold and Silver Ores,OTC
DTIL,United States,DE,521.0,2836.0,"Biological Products, (No Diagnostic Subs",Nasdaq
DTM,United States,DE,1231.0,4922.0,Natural Gas Transmission,NYSE
DTSQ,United States,,1231.0,6770.0,Blank Checks,"Nasdaq,Nasdaq,Nasdaq"
DTST,United States,NV,1231.0,7374.0,Services-Computer Processing & Data Prep,Nasdaq
DUK,United States,DE,1231.0,4931.0,Electric & Other Services Combined,"NYSE,NYSE,NYSE"
DUKR,United States,NV,1231.0,3721.0,Aircraft,"Nasdaq,Nasdaq"
DUO,Foreign,E9,1231.0,6500.0,Real Estate,Nasdaq
DUOL,United States,DE,1231.0,7372.0,Services-Prepackaged Software,Nasdaq
DUOT,United States,FL,1231.0,7372.0,Services-Prepackaged Software,Nasdaq
DV,United States,DE,1231.0,7370.0,"Services-Computer Programming, Data Proc",NYSE
DVA,United States,DE,1231.0,8090.0,"Services-Misc Health & Allied Services, ",NYSE
DVLT,United States,DE,1231.0,7389.0,"Services-Business Services, NEC",Nasdaq
DVN,United States,DE,1231.0,1311.0,Crude Petroleum & Natural Gas,NYSE
DWAY,United States,DE,930.0,8200.0,Services-Educational Services,OTC
DWSN,United States,TX,1231.0,1382.0,Oil & Gas Field Exploration Services,Nasdaq
DWTX,United States,DE,1231.0,2834.0,Pharmaceutical Preparations,Nasdaq
DX,United States,VA,1231.0,6798.0,Real Estate Investment Trusts,"NYSE,NYSE"
DXC,United States,NV,331.0,7374.0,Services-Computer Processing & Data Prep,NYSE
DXCM,United States,DE,1231.0,3841.0,Surgical & Medical Instruments & Apparat,Nasdaq
DXF,Foreign,E9,1231.0,6199.0,Finance Services,NYSE
DXLG,United States,DE,131.0,5651.0,Retail-Family Clothing Stores,Nasdaq
DXPE,United States,TX,1231.0,5084.0,Wholesale-Industrial Machinery & Equipme,Nasdaq
DXST,Foreign,,,4950.0,Sanitary Services,Nasdaq
DXYN,United States,TN,1231.0,2273.0,Carpets & Rugs,OTC
DY,United States,FL,130.0,1623.0,"Water, Sewer, Pipeline, Comm & Power Lin",NYSE
DYAI,United States,DE,1231.0,2836.0,"Biological Products, (No Diagnostic Subs",Nasdaq
DYN,United States,DE,1231.0,2834.0,Pharmaceutical Preparations,Nasdaq
DYNR,United States,DE,1231.0,1000.0,Metal Mining,OTC
E,Foreign,L6,1231.0,1311.0,Crude Petroleum & Natural Gas,"NYSE,OTC"
EA,United States,DE,331.0,7372.0,Services-Prepackaged Software,Nasdaq
EACO,United States,FL,831.0,5065.0,"Wholesale-Electronic Parts & Equipment, ",OTC
EAF,United States,DE,1231.0,3620.0,Electrical Industrial Apparatus,NYSE
EAI,United States,TX,1231.0,4911.0,Electric Services,NYSE
EARN,United States,DE,331.0,6798.0,Real Estate Investment Trusts,"NYSE,NYSE"
EAT,United States,DE,624.0,5812.0,Retail-Eating  Places,NYSE
EBAY,United States,DE,1231.0,7389.0,"Services-Business Services, NEC",Nasdaq
EBC,United States,MA,1231.0,6035.0,"Savings Institution, Federally Chartered",Nasdaq
EBF,United States,TX,1231.0,2761.0,Manifold Business Forms,NYSE
EBMT,United States,DE,1231.0,6022.0,State Commercial Banks,Nasdaq
EBON,Foreign,E9,1231.0,6200.0,"Security & Commodity Brokers, Dealers, E",Nasdaq
EBRCZ,United States,DE,1231.0,3841.0,Surgical & Medical Instruments & Apparat,"None,OTC"
EBS,United States,DE,1231.0,2834.0,Pharmaceutical Preparations,NYSE
EBZT,United States,DE,131.0,7372.0,Services-Prepackaged Software,OTC
EC,Foreign,F8,1231.0,1311.0,Crude Petroleum & Natural Gas,NYSE
ECBK,United States,MD,1231.0,6036.0,"Savings Institutions, Not Federally Char",Nasdaq
ECG,United States,DE,1231.0,1531.0,Operative Builders,NYSE
ECHO,United States,NV,1231.0,4899.0,"Communications Services, NEC",Nasdaq
ECL,United States,DE,1231.0,2840.0,"Soap, Detergents, Cleang Preparations, P",NYSE
ECO,Foreign,1T,1231.0,4412.0,Deep Sea Foreign Transportation of  Frei,NYSE
ECOR,United States,DE,1231.0,3845.0,Electromedical & Electrotherapeutic Appa,Nasdaq
ECPG,United States,DE,1231.0,6153.0,Short-Term Business Credit Institutions,Nasdaq
ECVT,United States,DE,1231.0,2800.0,Chemicals & Allied Products,NYSE
ECXJ,United States,NV,531.0,3714.0,Motor Vehicle Parts & Accessories,
ED,United States,NY,1231.0,4931.0,Electric & Other Services Combined,NYSE
EDBL,United States,DE,1231.0,100.0,Agricultural Production-Crops,"Nasdaq,Nasdaq"
EDGM,United States,NV,1231.0,8082.0,Services-Home Health Care Services,OTC
EDHL,Foreign,E9,1231.0,7310.0,Services-Advertising,Nasdaq
EDIT,United States,DE,1231.0,2836.0,"Biological Products, (No Diagnostic Subs",Nasdaq
EDN,Foreign,C1,1231.0,4911.0,Electric Services,NYSE
EDRY,Foreign,1T,1231.0,4400.0,Water Transportation,Nasdaq
EDSA,Foreign,A1,930.0,2834.0,Pharmaceutical Preparations,Nasdaq
EDTK,Foreign,E9,331.0,8200.0,Services-Educational Services,Nasdaq
EDU,Foreign,E9,531.0,8200.0,Services-Educational Services,"NYSE,OTC"
EDUC,United States,DE,228.0,5190.0,Wholesale-Miscellaneous Nondurable Goods,Nasdaq
EE,United States,DE,1231.0,4924.0,Natural Gas Distribution,NYSE
EEFT,United States,DE,1231.0,6099.0,"Functions Related To Depository Banking,",Nasdaq
EEGI,United States,WY,1231.0,1520.0,General Bldg Contractors - Residential B,OTC
EEIQ,Foreign,D8,930.0,8200.0,Services-Educational Services,Nasdaq
EESH,United States,,1231.0,4941.0,Water Supply,
EEX,United States,DE,1231.0,7389.0,"Services-Business Services, NEC",NYSE
EFC,United States,DE,1231.0,6500.0,Real Estate,"NYSE,NYSE,NYSE,NYSE"
EFOI,United States,OH,1231.0,3640.0,Electric Lighting & Wiring Equipment,Nasdaq
EFOR,United States,DE,1231.0,7363.0,Services-Help Supply Services,NYSE
EFSC,United States,DE,1231.0,6022.0,State Commercial Banks,"Nasdaq,Nasdaq"
EFSI,United States,VA,1231.0,6022.0,State Commercial Banks,Nasdaq
EFX,United States,GA,1231.0,7320.0,"Services-Consumer Credit Reporting, Coll",NYSE
EFXT,Foreign,Z4,1231.0,3560.0,General Industrial Machinery & Equipment,NYSE
EG,United States,D0,1231.0,6331.0,"Fire, Marine & Casualty Insurance",NYSE
EGAN,United States,DE,630.0,7372.0,Services-Prepackaged Software,Nasdaq
EGBN,United States,MD,1231.0,6022.0,State Commercial Banks,Nasdaq
EGG,Foreign,E9,930.0,8742.0,Services-Management Consulting Services,NYSE
EGHT,United States,DE,331.0,7374.0,Services-Computer Processing & Data Prep,Nasdaq
EGLXF,Foreign,A1,1231.0,7900.0,Services-Amusement & Recreation Services,OTC
EGMCF,Foreign,A1,1231.0,1000.0,Metal Mining,OTC
EGO,Foreign,A1,1231.0,1040.0,Gold and Silver Ores,NYSE
EGP,United States,MD,1231.0,6798.0,Real Estate Investment Trusts,NYSE
EGY,United States,DE,1231.0,1311.0,Crude Petroleum & Natural Gas,NYSE
EHC,United States,DE,1231.0,8060.0,Services-Hospitals,NYSE
EHLD,Foreign,,,4412.0,Deep Sea Foreign Transportation of  Frei,Nasdaq
EHSI,United States,DE,1231.0,8093.0,Services-Specialty Outpatient Facilities,OTC
EHTH,United States,DE,1231.0,6411.0,"Insurance Agents, Brokers & Service",Nasdaq
EHVVF,Foreign,A6,1231.0,7371.0,Services-Computer Programming Services,OTC
EIG,United States,NV,1231.0,6331.0,"Fire, Marine & Casualty Insurance",NYSE
EIKN,United States,DE,1231.0,2836.0,"Biological Products, (No Diagnostic Subs",Nasdaq
EIX,United States,CA,1231.0,4911.0,Electric Services,NYSE
EJH,Foreign,E9,630.0,7600.0,Services-Miscellaneous Repair Services,Nasdaq
EL,United States,DE,630.0,2844.0,"Perfumes, Cosmetics & Other Toilet Prepa",NYSE
ELA,United States,NV,1231.0,5944.0,Retail-Jewelry Stores,NYSE
ELAB,United States,DE,1231.0,2834.0,Pharmaceutical Preparations,Nasdaq
ELAN,United States,,1231.0,2834.0,Pharmaceutical Preparations,NYSE
ELBM,Foreign,A6,1231.0,1400.0,Mining & Quarrying of  Nonmetallic Miner,Nasdaq
ELDN,United States,DE,1231.0,2834.0,Pharmaceutical Preparations,Nasdaq
ELF,United States,DE,331.0,2844.0,"Perfumes, Cosmetics & Other Toilet Prepa",NYSE
ELLO,Foreign,L3,1231.0,4911.0,Electric Services,NYSE
ELMD,United States,MN,630.0,3845.0,Electromedical & Electrotherapeutic Appa,NYSE
ELME,United States,MD,1231.0,6798.0,Real Estate Investment Trusts,NYSE
ELMT,United States,DE,101.0,3490.0,Miscellaneous Fabricated Metal Products,Nasdaq
ELOG,Foreign,E9,331.0,4731.0,Arrangement of  Transportation of  Freig,Nasdaq
ELOX,United States,DE,1231.0,2836.0,"Biological Products, (No Diagnostic Subs",Nasdaq
ELPC,Foreign,,1231.0,4911.0,Electric Services,NYSE
ELPW,Foreign,E9,1231.0,3690.0,"Miscellaneous Electrical Machinery, Equi",Nasdaq
ELRE,United States,WY,331.0,1090.0,Miscellaneous Metal Ores,OTC
ELS,United States,MD,1231.0,6798.0,Real Estate Investment Trusts,NYSE
ELSE,United States,MN,1231.0,3823.0,"Industrial Instruments For Measurement, ",Nasdaq
ELTK,Foreign,L3,1231.0,3672.0,Printed Circuit Boards,Nasdaq
ELTP,United States,NJ,331.0,2834.0,Pharmaceutical Preparations,OTC
ELTX,United States,DE,1231.0,2834.0,Pharmaceutical Preparations,Nasdaq
ELUT,United States,DE,1231.0,2836.0,"Biological Products, (No Diagnostic Subs",Nasdaq
ELV,United States,IN,1231.0,6324.0,Hospital & Medical Service Plans,NYSE
ELVA,Foreign,A6,930.0,3690.0,"Miscellaneous Electrical Machinery, Equi",Nasdaq
ELVG,United States,NV,1231.0,8742.0,Services-Management Consulting Services,OTC
ELVN,United States,DE,1231.0,2834.0,Pharmaceutical Preparations,Nasdaq
ELVR,Foreign,C3,630.0,1400.0,Mining & Quarrying of  Nonmetallic Miner,"Nasdaq,OTC"
ELWT,United States,,1231.0,4899.0,"Communications Services, NEC",Nasdaq
EMA,Foreign,,1231.0,4911.0,Electric Services,"NYSE,OTC,OTC,OTC"
EMAT,United States,DE,1231.0,3690.0,"Miscellaneous Electrical Machinery, Equi",Nasdaq
EMBC,United States,DE,930.0,3841.0,Surgical & Medical Instruments & Apparat,Nasdaq
EMBJ,Foreign,,,3721.0,Aircraft,NYSE
EMCGF,United States,E9,1231.0,6770.0,Blank Checks,
EME,United States,DE,1231.0,1731.0,Electrical Work,NYSE
EMED,United States,DE,1231.0,3841.0,Surgical & Medical Instruments & Apparat,
EMIS,United States,E9,1231.0,6770.0,Blank Checks,"Nasdaq,Nasdaq"
EML,United States,CT,103.0,3420.0,"Cutlery, Handtools & General Hardware",Nasdaq
EMMA,United States,DE,1231.0,2834.0,Pharmaceutical Preparations,OTC
EMN,United States,DE,1231.0,2821.0,"Plastic Materials, Synth Resins & Nonvul",NYSE
EMPD,United States,DE,1231.0,6199.0,Finance Services,Nasdaq
EMR,United States,MO,930.0,3600.0,Electronic & Other Electrical Equipment ,NYSE
EMYB,United States,PA,1231.0,6022.0,State Commercial Banks,OTC
ENB,Foreign,A0,1231.0,4610.0,Pipe Lines (No Natural Gas),"NYSE,OTC,OTC,OTC,OTC,OTC"
ENBP,United States,PA,1231.0,6021.0,National Commercial Banks,OTC
ENDI,United States,DE,1231.0,6282.0,Investment Advice,
ENDV,United States,DE,1231.0,3845.0,Electromedical & Electrotherapeutic Appa,OTC
ENGN,United States,Z4,1031.0,2836.0,"Biological Products, (No Diagnostic Subs","Nasdaq,Nasdaq"
ENGS,Foreign,E9,630.0,1731.0,Electrical Work,Nasdaq
ENHA,United States,TX,1231.0,7990.0,Services-Miscellaneous Amusement & Recre,NYSE
ENIC,Foreign,F3,1231.0,4911.0,Electric Services,NYSE
ENLT,Foreign,L3,1231.0,4911.0,Electric Services,Nasdaq
ENLV,Foreign,L3,1231.0,2834.0,Pharmaceutical Preparations,Nasdaq
ENOV,United States,DE,1231.0,3842.0,"Orthopedic, Prosthetic & Surgical Applia",NYSE
ENPH,United States,DE,1231.0,3674.0,Semiconductors & Related Devices,Nasdaq
ENR,United States,MO,930.0,3690.0,"Miscellaneous Electrical Machinery, Equi",NYSE
ENRT,United States,NV,831.0,1000.0,Metal Mining,OTC
ENS,United States,DE,331.0,3690.0,"Miscellaneous Electrical Machinery, Equi",NYSE
ENSC,United States,DE,1231.0,2834.0,Pharmaceutical Preparations,Nasdaq
ENSG,United States,,1231.0,8051.0,Services-Skilled Nursing Care Facilities,Nasdaq
ENTA,United States,,930.0,2834.0,Pharmaceutical Preparations,Nasdaq
ENTG,United States,DE,1231.0,3089.0,"Plastics Products, NEC",Nasdaq
ENTX,Foreign,L3,1231.0,2836.0,"Biological Products, (No Diagnostic Subs",Nasdaq
ENVA,United States,DE,1231.0,6141.0,Personal Credit Institutions,NYSE
ENVB,United States,DE,1231.0,2834.0,Pharmaceutical Preparations,Nasdaq
ENVX,United States,,1228.0,3690.0,"Miscellaneous Electrical Machinery, Equi",Nasdaq
ENZN,United States,DE,1231.0,2836.0,"Biological Products, (No Diagnostic Subs",OTC
EOG,United States,DE,1231.0,1311.0,Crude Petroleum & Natural Gas,NYSE
EOLS,United States,DE,1231.0,2834.0,Pharmaceutical Preparations,Nasdaq
EONR,United States,DE,1231.0,1311.0,Crude Petroleum & Natural Gas,"NYSE,NYSE"
EOSE,United States,DE,1231.0,3690.0,"Miscellaneous Electrical Machinery, Equi",Nasdaq
EP,United States,DE,1231.0,1311.0,Crude Petroleum & Natural Gas,NYSE
EPAC,United States,WI,831.0,3590.0,Misc Industrial & Commercial Machinery &,NYSE
EPAM,United States,DE,1231.0,7371.0,Services-Computer Programming Services,NYSE
EPC,United States,MO,930.0,2844.0,"Perfumes, Cosmetics & Other Toilet Prepa",NYSE
EPD,United States,DE,1231.0,4922.0,Natural Gas Transmission,"NYSE,OTC"
EPM,United States,NV,630.0,1311.0,Crude Petroleum & Natural Gas,NYSE
EPOW,Foreign,F4,,3690.0,"Miscellaneous Electrical Machinery, Equi",Nasdaq
EPR,United States,MD,1231.0,6798.0,Real Estate Investment Trusts,"NYSE,NYSE,NYSE,NYSE"
EPRT,United States,MD,1231.0,6798.0,Real Estate Investment Trusts,NYSE
EPRX,Foreign,A1,1231.0,2834.0,Pharmaceutical Preparations,Nasdaq
EPSM,Foreign,D8,1231.0,5180.0,"Wholesale-Beer, Wine & Distilled Alcohol",Nasdaq
EPSN,United States,A0,1231.0,1311.0,Crude Petroleum & Natural Gas,Nasdaq
EQ,United States,DE,1231.0,2834.0,Pharmaceutical Preparations,Nasdaq
EQBK,United States,KS,1231.0,6022.0,State Commercial Banks,NYSE
EQH,United States,DE,1231.0,6411.0,"Insurance Agents, Brokers & Service","NYSE,NYSE,NYSE"
EQIX,United States,DE,1231.0,6798.0,Real Estate Investment Trusts,Nasdaq
EQNR,Foreign,,1231.0,2911.0,Petroleum Refining,"NYSE,OTC"
EQPT,United States,TX,1231.0,7359.0,"Services-Equipment Rental & Leasing, NEC",Nasdaq
EQR,United States,MD,1231.0,6798.0,Real Estate Investment Trusts,NYSE
EQS,United States,DE,1231.0,,,NYSE
EQT,United States,PA,1231.0,1311.0,Crude Petroleum & Natural Gas,NYSE
EQX,Foreign,A1,1231.0,1040.0,Gold and Silver Ores,NYSE
ERAS,United States,DE,1231.0,2834.0,Pharmaceutical Preparations,Nasdaq
ERII,United States,DE,1231.0,3559.0,"Special Industry Machinery, NEC",Nasdaq
ERLFF,Foreign,A1,1231.0,1040.0,Gold and Silver Ores,OTC
ERNA,United States,DE,1231.0,2834.0,Pharmaceutical Preparations,"Nasdaq,Nasdaq"
ERO,Foreign,A1,1231.0,1000.0,Metal Mining,NYSE
EROC,United States,DE,1231.0,3620.0,Electrical Industrial Apparatus,NYSE
ES,United States,MA,1231.0,4911.0,Electric Services,NYSE
ESAB,United States,DE,1231.0,3569.0,General Industrial Machinery & Equipment,NYSE
ESBA,United States,,1231.0,6798.0,Real Estate Investment Trusts,"NYSE,NYSE,NYSE"
ESCA,United States,IN,1231.0,3949.0,"Sporting & Athletic Goods, NEC",Nasdaq
ESE,United States,MO,930.0,3669.0,"Communications Equipment, NEC",NYSE
ESEA,Foreign,,,4412.0,Deep Sea Foreign Transportation of  Frei,Nasdaq
ESGH,United States,NV,1231.0,100.0,Agricultural Production-Crops,OTC
ESI,United States,,1231.0,2890.0,Miscellaneous Chemical Products,NYSE
ESLA,United States,,1231.0,2836.0,"Biological Products, (No Diagnostic Subs","Nasdaq,Nasdaq"
ESLT,Foreign,L3,1231.0,3728.0,"Aircraft Parts & Auxiliary Equipment, NE",Nasdaq
ESMC,United States,PA,630.0,3845.0,Electromedical & Electrotherapeutic Appa,OTC
ESMR,United States,NV,831.0,7371.0,Services-Computer Programming Services,
ESNT,United States,D0,1231.0,6351.0,Surety Insurance,NYSE
ESOA,United States,DE,930.0,1623.0,"Water, Sewer, Pipeline, Comm & Power Lin",Nasdaq
ESP,United States,NY,630.0,3679.0,"Electronic Components, NEC",NYSE
ESPR,United States,DE,1231.0,2834.0,Pharmaceutical Preparations,
ESQ,United States,MD,1231.0,6029.0,"Commercial Banks, NEC",Nasdaq
ESRT,United States,MD,1231.0,6798.0,Real Estate Investment Trusts,NYSE
ESS,United States,MD,1231.0,6798.0,Real Estate Investment Trusts,NYSE
ESSI,United States,NV,131.0,5900.0,Retail-Miscellaneous Retail,OTC
ESTA,United States,D8,1231.0,3842.0,"Orthopedic, Prosthetic & Surgical Applia",Nasdaq
ESTC,United States,,430.0,7372.0,Services-Prepackaged Software,NYSE
ET,United States,OK,1231.0,4922.0,Natural Gas Transmission,"NYSE,NYSE"
ETCG,United States,DE,1231.0,6221.0,Commodity Contracts Brokers & Dealers,OTC
ETD,United States,DE,630.0,2511.0,"Wood Household Furniture, (No Upholstere",NYSE
ETH,United States,,1231.0,6221.0,Commodity Contracts Brokers & Dealers,NYSE
ETHA,United States,DE,1231.0,6221.0,Commodity Contracts Brokers & Dealers,Nasdaq
ETHB,United States,DE,1231.0,6221.0,Commodity Contracts Brokers & Dealers,Nasdaq
ETHE,United States,DE,1231.0,6221.0,Commodity Contracts Brokers & Dealers,NYSE
ETHV,United States,DE,1231.0,6221.0,Commodity Contracts Brokers & Dealers,CBOE
ETHW,United States,DE,1231.0,6199.0,Finance Services,NYSE
ETN,United States,,1231.0,3590.0,Misc Industrial & Commercial Machinery &,NYSE
ETON,United States,DE,1231.0,2834.0,Pharmaceutical Preparations,Nasdaq
ETR,United States,DE,1231.0,4911.0,Electric Services,NYSE
ETS,United States,DE,1130.0,4210.0,Trucking & Courier Services (No Air),Nasdaq
ETST,United States,FL,331.0,2834.0,Pharmaceutical Preparations,OTC
ETSY,United States,DE,1231.0,7389.0,"Services-Business Services, NEC",NYSE
EU,Foreign,A1,1231.0,1090.0,Miscellaneous Metal Ores,Nasdaq
EUBG,United States,NV,1231.0,8742.0,Services-Management Consulting Services,OTC
EUDA,Foreign,D8,1231.0,8000.0,Services-Health Services,"Nasdaq,Nasdaq"
EVAX,Foreign,G7,1231.0,2836.0,"Biological Products, (No Diagnostic Subs",Nasdaq
EVC,United States,DE,1231.0,4833.0,Television Broadcasting Stations,NYSE
EVCM,United States,DE,1231.0,7372.0,Services-Prepackaged Software,Nasdaq
EVER,United States,DE,1231.0,7370.0,"Services-Computer Programming, Data Proc",Nasdaq
EVEX,United States,,1231.0,3721.0,Aircraft,"NYSE,NYSE"
EVFM,United States,DE,1231.0,2834.0,Pharmaceutical Preparations,OTC
EVGN,Foreign,L3,1231.0,2870.0,Agricultural Chemicals,Nasdaq
EVGO,United States,DE,1231.0,7500.0,"Services-Automotive Repair, Services & P",Nasdaq
EVH,United States,DE,1231.0,8741.0,Services-Management Services,NYSE
EVI,United States,DE,630.0,7200.0,Services-Personal Services,NYSE
EVLV,United States,,1231.0,3577.0,"Computer Peripheral Equipment, NEC",Nasdaq
EVMN,United States,DE,1231.0,2834.0,Pharmaceutical Preparations,NYSE
EVO,Foreign,2M,1231.0,2834.0,Pharmaceutical Preparations,"Nasdaq,OTC"
EVOH,United States,NV,831.0,3585.0,Air-Cond & Warm Air Heatg Equip & Comm &,OTC
EVOX,United States,E9,1231.0,6770.0,Blank Checks,"Nasdaq,Nasdaq,Nasdaq"
EVR,United States,DE,1231.0,6282.0,Investment Advice,NYSE
EVRG,United States,,1231.0,4931.0,Electric & Other Services Combined,Nasdaq
EVTC,United States,PR,1231.0,7374.0,Services-Computer Processing & Data Prep,NYSE
EVTK,United States,NV,430.0,7990.0,Services-Miscellaneous Amusement & Recre,
EVTL,Foreign,E9,1231.0,3721.0,Aircraft,"NYSE,OTC,OTC,OTC"
EVTV,United States,DE,1231.0,3714.0,Motor Vehicle Parts & Accessories,Nasdaq
EW,United States,DE,1231.0,3842.0,"Orthopedic, Prosthetic & Surgical Applia",NYSE
EWAV,United States,NV,1130.0,6770.0,Blank Checks,"None,Nasdaq"
EWBC,United States,DE,1231.0,6022.0,State Commercial Banks,Nasdaq
EWSB,United States,MD,1231.0,6036.0,"Savings Institutions, Not Federally Char",OTC
EWTX,United States,DE,1231.0,2834.0,Pharmaceutical Preparations,Nasdaq
EXC,United States,PA,1231.0,4931.0,Electric & Other Services Combined,Nasdaq
EXE,United States,OK,1231.0,1311.0,Crude Petroleum & Natural Gas,Nasdaq
EXEL,United States,DE,101.0,2836.0,"Biological Products, (No Diagnostic Subs",Nasdaq
EXFY,United States,DE,1231.0,7372.0,Services-Prepackaged Software,Nasdaq
EXK,Foreign,A1,1231.0,1040.0,Gold and Silver Ores,NYSE
EXLS,United States,DE,1231.0,7389.0,"Services-Business Services, NEC",Nasdaq
EXOD,United States,TX,1231.0,6199.0,Finance Services,NYSE
EXOZ,United States,NV,1231.0,2836.0,"Biological Products, (No Diagnostic Subs",Nasdaq
EXP,United States,DE,331.0,3241.0,"Cement, Hydraulic",NYSE
EXPD,United States,WA,1231.0,4731.0,Arrangement of  Transportation of  Freig,NYSE
EXPE,United States,DE,1231.0,4700.0,Transportation Services,Nasdaq
EXPO,United States,DE,101.0,8742.0,Services-Management Consulting Services,Nasdaq
EXR,United States,MD,1231.0,6798.0,Real Estate Investment Trusts,NYSE
EXTR,United States,DE,630.0,3576.0,Computer Communications Equipment,Nasdaq
EXYN,United States,DE,1231.0,7372.0,Services-Prepackaged Software,"Nasdaq,Nasdaq"
EYE,United States,DE,102.0,3851.0,Ophthalmic Goods,Nasdaq
EYPT,United States,DE,1231.0,3826.0,Laboratory Analytical Instruments,Nasdaq
EZBC,United States,DE,331.0,6221.0,Commodity Contracts Brokers & Dealers,CBOE
EZET,United States,DE,331.0,6221.0,Commodity Contracts Brokers & Dealers,CBOE
EZGO,Foreign,D8,930.0,3751.0,"Motorcycles, Bicycles & Parts",Nasdaq
EZPW,United States,DE,930.0,5900.0,Retail-Miscellaneous Retail,Nasdaq
EZPZ,United States,DE,1231.0,6221.0,Commodity Contracts Brokers & Dealers,CBOE
EZRA,United States,FL,1231.0,6411.0,"Insurance Agents, Brokers & Service",Nasdaq
F,United States,DE,1231.0,3711.0,Motor Vehicles & Passenger Car Bodies,"NYSE,NYSE,NYSE,NYSE"
FA,United States,,1231.0,7374.0,Services-Computer Processing & Data Prep,Nasdaq
FABC,United States,DE,1231.0,4899.0,"Communications Services, NEC",Nasdaq
FAC,United States,DE,1231.0,3690.0,"Miscellaneous Electrical Machinery, Equi","Nasdaq,Nasdaq"
FACT,United States,E9,1231.0,3728.0,"Aircraft Parts & Auxiliary Equipment, NE","Nasdaq,Nasdaq,Nasdaq"
FAF,United States,DE,1231.0,6361.0,Title Insurance,NYSE
FAMI,Foreign,E9,930.0,2033.0,"Canned, Fruits, Veg, Preserves, Jams & J",Nasdaq
FANG,United States,DE,1231.0,1311.0,Crude Petroleum & Natural Gas,Nasdaq
FAST,United States,MN,1231.0,5200.0,"Retail-Building Materials, Hardware, Gar",Nasdaq
FATAQ,United States,DE,1228.0,5812.0,Retail-Eating  Places,OTC
FATE,United States,,1231.0,2836.0,"Biological Products, (No Diagnostic Subs",Nasdaq
FATN,United States,UT,331.0,7372.0,Services-Prepackaged Software,Nasdaq
FBGL,Foreign,E9,1231.0,1520.0,General Bldg Contractors - Residential B,Nasdaq
FBIN,United States,DE,1227.0,2430.0,"Millwood, Veneer, Plywood, & Structural ",NYSE
FBIO,United States,DE,1231.0,2834.0,Pharmaceutical Preparations,"Nasdaq,Nasdaq"
FBIZ,United States,WI,1231.0,6022.0,State Commercial Banks,Nasdaq
FBK,United States,TN,1231.0,6022.0,State Commercial Banks,NYSE
FBLA,United States,MD,1231.0,6036.0,"Savings Institutions, Not Federally Char",Nasdaq
FBLG,United States,DE,1231.0,2834.0,Pharmaceutical Preparations,Nasdaq
FBNC,United States,NC,1231.0,6022.0,State Commercial Banks,Nasdaq
FBP,United States,PR,1231.0,6022.0,State Commercial Banks,NYSE
FBRT,United States,MD,1231.0,6798.0,Real Estate Investment Trusts,"NYSE,NYSE"
FBRX,United States,DE,1231.0,2834.0,Pharmaceutical Preparations,Nasdaq
FBTC,United States,DE,1231.0,6221.0,Commodity Contracts Brokers & Dealers,CBOE
FBYD,United States,DE,1231.0,7990.0,Services-Miscellaneous Amusement & Recre,"Nasdaq,Nasdaq,Nasdaq"
FC,United States,UT,831.0,8741.0,Services-Management Services,NYSE
FCAP,United States,IN,1231.0,6035.0,"Savings Institution, Federally Chartered",Nasdaq
FCBC,United States,VA,1231.0,6022.0,State Commercial Banks,Nasdaq
FCBM,United States,NC,1231.0,6022.0,State Commercial Banks,NYSE
FCCI,United States,WY,1231.0,5810.0,Retail-Eating & Drinking Places,OTC
FCCN,United States,NV,1231.0,7374.0,Services-Computer Processing & Data Prep,OTC
FCCO,United States,SC,1231.0,6022.0,State Commercial Banks,Nasdaq
FCEL,United States,DE,1031.0,3620.0,Electrical Industrial Apparatus,"Nasdaq,OTC"
FCF,United States,PA,1231.0,6021.0,National Commercial Banks,NYSE
FCFS,United States,TX,1231.0,5900.0,Retail-Miscellaneous Retail,Nasdaq
FCHL,Foreign,U0,1231.0,7990.0,Services-Miscellaneous Amusement & Recre,Nasdaq
FCHS,United States,DE,1231.0,8071.0,Services-Medical Laboratories,OTC
FCN,United States,MD,1231.0,8742.0,Services-Management Consulting Services,NYSE
FCNCA,United States,DE,1231.0,6022.0,State Commercial Banks,"Nasdaq,OTC,Nasdaq,Nasdaq"
FCPT,United States,MD,1231.0,6798.0,Real Estate Investment Trusts,NYSE
FCUV,United States,NV,1231.0,3823.0,"Industrial Instruments For Measurement, ",Nasdaq
FCX,United States,DE,1231.0,1000.0,Metal Mining,NYSE
FDBC,United States,PA,1231.0,6021.0,National Commercial Banks,Nasdaq
FDCT,United States,DE,1231.0,7372.0,Services-Prepackaged Software,OTC
FDMT,United States,DE,1231.0,2836.0,"Biological Products, (No Diagnostic Subs",Nasdaq
FDS,United States,DE,831.0,7370.0,"Services-Computer Programming, Data Proc",NYSE
FDSB,United States,MD,1231.0,6035.0,"Savings Institution, Federally Chartered",Nasdaq
FDUS,United States,MD,1231.0,,,Nasdaq
FDX,United States,DE,531.0,4513.0,Air Courier Services,NYSE
FDXF,United States,DE,531.0,4513.0,Air Courier Services,NYSE
FE,United States,OH,1231.0,4911.0,Electric Services,NYSE
FEAM,United States,,630.0,1400.0,Mining & Quarrying of  Nonmetallic Miner,"Nasdaq,OTC"
FEBO,Foreign,E9,1231.0,3634.0,Electric Housewares & Fans,Nasdaq
FECOF,Foreign,A0,1231.0,1311.0,Crude Petroleum & Natural Gas,OTC
FEDU,Foreign,F4,228.0,8200.0,Services-Educational Services,NYSE
FEED,United States,DE,1231.0,3842.0,"Orthopedic, Prosthetic & Surgical Applia",Nasdaq
FEIM,United States,DE,430.0,3825.0,Instruments For Meas & Testing of  Elect,Nasdaq
FELE,United States,IN,1231.0,3621.0,Motors & Generators,Nasdaq
FEMY,United States,DE,1231.0,3841.0,Surgical & Medical Instruments & Apparat,Nasdaq
FENC,Foreign,A1,1231.0,2836.0,"Biological Products, (No Diagnostic Subs",Nasdaq
FER,Foreign,P7,1231.0,1600.0,Heavy Construction Other Than Bldg Const,Nasdaq
FERG,United States,DE,1231.0,5070.0,Wholesale-Hardware & Plumbing & Heating ,NYSE
FET,United States,DE,1231.0,3533.0,Oil & Gas Field Machinery & Equipment,NYSE
FETH,United States,DE,1231.0,6199.0,Finance Services,CBOE
FF,United States,DE,1231.0,2860.0,Industrial Organic Chemicals,NYSE
FFAI,United States,DE,1231.0,3711.0,Motor Vehicles & Passenger Car Bodies,Nasdaq
FFBC,United States,OH,1231.0,6021.0,National Commercial Banks,Nasdaq
FFIN,United States,TX,1231.0,6022.0,State Commercial Banks,Nasdaq
FFIV,United States,WA,930.0,3576.0,Computer Communications Equipment,Nasdaq
FFLO,United States,DE,1231.0,5531.0,Retail-Auto & Home Supply Stores,OTC
FFMGF,Foreign,A1,1231.0,1040.0,Gold and Silver Ores,OTC
FG,United States,DE,1231.0,6311.0,Life Insurance,"NYSE,NYSE,NYSE"
FGBI,United States,LA,1231.0,6035.0,"Savings Institution, Federally Chartered","Nasdaq,Nasdaq"
FGCO,United States,NV,930.0,6199.0,Finance Services,OTC
FGDL,United States,DE,331.0,6221.0,Commodity Contracts Brokers & Dealers,NYSE
FGI,United States,E9,1231.0,3430.0,"Heating Equip, Except Elec & Warm Air; &","Nasdaq,Nasdaq"
FGII,United States,E9,1231.0,6770.0,Blank Checks,"Nasdaq,Nasdaq,Nasdaq"
FGL,Foreign,D8,1231.0,1700.0,Construction - Special Trade Contractors,Nasdaq
FGMC,United States,NV,1231.0,1520.0,General Bldg Contractors - Residential B,Nasdaq
FGNV,United States,NV,,6552.0,Land Subdividers & Developers (No Cemete,OTC
FGNX,United States,,1231.0,6199.0,Finance Services,"Nasdaq,Nasdaq"
FGPR,United States,DE,731.0,5900.0,Retail-Miscellaneous Retail,OTC
FHB,United States,DE,1231.0,6022.0,State Commercial Banks,Nasdaq
FHI,United States,PA,1231.0,6282.0,Investment Advice,NYSE
FHN,United States,TN,1231.0,6021.0,National Commercial Banks,"NYSE,NYSE,NYSE,NYSE"
FHTX,United States,DE,1231.0,2834.0,Pharmaceutical Preparations,Nasdaq
FIBK,United States,DE,1231.0,6022.0,State Commercial Banks,Nasdaq
FICO,United States,DE,930.0,7389.0,"Services-Business Services, NEC",NYSE
FIEE,United States,DE,1231.0,3661.0,Telephone & Telegraph Apparatus,Nasdaq
FIG,United States,DE,1231.0,7372.0,Services-Prepackaged Software,NYSE
FIGR,United States,DE,1231.0,6163.0,Loan Brokers,"Nasdaq,OTC"
FIGS,United States,DE,1231.0,2300.0,Apparel & Other Finishd Prods of  Fabric,NYSE
FIGX,United States,E9,1231.0,6770.0,Blank Checks,"Nasdaq,Nasdaq,Nasdaq"
FINW,United States,UT,1231.0,6022.0,State Commercial Banks,Nasdaq
FIP,United States,DE,1231.0,4011.0,"Railroads, Line-Haul Operating",Nasdaq
FIRY,United States,DE,1231.0,7374.0,Services-Computer Processing & Data Prep,NYSE
FIS,United States,,1231.0,7389.0,"Services-Business Services, NEC",NYSE
FISI,United States,NY,1231.0,6021.0,National Commercial Banks,"Nasdaq,OTC,OTC"
FISN,United States,DE,1231.0,4911.0,Electric Services,Nasdaq
FISV,United States,WI,1231.0,7389.0,"Services-Business Services, NEC",Nasdaq
FITB,United States,OH,1231.0,6022.0,State Commercial Banks,"NYSE,NYSE,NYSE,NYSE,NYSE"
FIVE,United States,PA,130.0,5331.0,Retail-Variety Stores,Nasdaq
FIVN,United States,DE,1231.0,7374.0,Services-Computer Processing & Data Prep,Nasdaq
FIX,United States,,1231.0,1731.0,Electrical Work,NYSE
FIZZ,United States,DE,502.0,2086.0,Bottled & Canned Soft Drinks & Carbonate,Nasdaq
FJET,United States,DE,1231.0,4512.0,"Air Transportation, Scheduled",NYSE
FKWL,United States,NV,630.0,3661.0,Telephone & Telegraph Apparatus,Nasdaq
FKYS,United States,PA,1231.0,6022.0,State Commercial Banks,OTC
FLD,United States,DE,1231.0,6199.0,Finance Services,"Nasdaq,Nasdaq"
FLEX,United States,U0,331.0,3672.0,Printed Circuit Boards,Nasdaq
FLG,United States,,1231.0,6036.0,"Savings Institutions, Not Federally Char","NYSE,NYSE,NYSE"
FLGT,United States,DE,1231.0,8071.0,Services-Medical Laboratories,Nasdaq
FLL,United States,DE,1231.0,7011.0,Hotels & Motels,Nasdaq
FLNA,United States,DE,1231.0,2834.0,Pharmaceutical Preparations,Nasdaq
FLNC,United States,,930.0,3690.0,"Miscellaneous Electrical Machinery, Equi",Nasdaq
FLNG,Foreign,D0,1231.0,4400.0,Water Transportation,NYSE
FLNT,Foreign,DE,1231.0,7310.0,Services-Advertising,Nasdaq
FLO,United States,GA,102.0,2000.0,Food and Kindred Products,NYSE
FLOC,United States,,1231.0,3533.0,Oil & Gas Field Machinery & Equipment,NYSE
FLR,United States,DE,1231.0,1600.0,Heavy Construction Other Than Bldg Const,NYSE
FLS,United States,NY,1231.0,3561.0,Pumps & Pumping Equipment,NYSE
FLUT,Foreign,L2,1231.0,7370.0,"Services-Computer Programming, Data Proc",NYSE
FLUX,United States,NV,630.0,3690.0,"Miscellaneous Electrical Machinery, Equi",Nasdaq
FLWS,United States,DE,628.0,5990.0,"Retail-Retail Stores, NEC",Nasdaq
FLX,Foreign,E9,1231.0,4210.0,Trucking & Courier Services (No Air),Nasdaq
FLXS,United States,MN,630.0,2510.0,Household Furniture,Nasdaq
FLY,United States,DE,1231.0,3760.0,Guided Missiles & Space Vehicles & Parts,Nasdaq
FLYE,United States,DE,331.0,3711.0,Motor Vehicles & Passenger Car Bodies,Nasdaq
FLYW,United States,DE,1231.0,7389.0,"Services-Business Services, NEC",Nasdaq
FLYX,United States,DE,1231.0,4522.0,"Air Transportation, Nonscheduled","NYSE,NYSE"
FLZH,United States,DE,1231.0,7900.0,Services-Amusement & Recreation Services,Nasdaq
FMAC,United States,E9,1031.0,6770.0,Blank Checks,"Nasdaq,Nasdaq,Nasdaq"
FMAO,United States,OH,1231.0,6035.0,"Savings Institution, Federally Chartered",Nasdaq
FMBH,United States,DE,1231.0,6022.0,State Commercial Banks,Nasdaq
FMBM,United States,VA,1231.0,6022.0,State Commercial Banks,OTC
FMC,United States,DE,1231.0,2800.0,Chemicals & Allied Products,NYSE
FMCB,United States,DE,1231.0,6021.0,National Commercial Banks,OTC
FMCC,United States,,1231.0,6111.0,Federal & Federally-Sponsored Credit Age,"OTC,OTC,OTC,OTC,OTC,OTC,"
FMCCT,United States,,1231.0,6111.0,Federal & Federally-Sponsored Credit Age,"OTC,OTC,OTC,OTC,OTC,OTC,"
FMFG,United States,MD,1231.0,6036.0,"Savings Institutions, Not Federally Char",OTC
FMHS,United States,NV,1231.0,7370.0,"Services-Computer Programming, Data Proc",OTC
FMNB,United States,OH,1231.0,6022.0,State Commercial Banks,Nasdaq
FMS,Foreign,,,8090.0,"Services-Misc Health & Allied Services, ","NYSE,OTC"
FMST,Foreign,A1,331.0,1090.0,Miscellaneous Metal Ores,"Nasdaq,Nasdaq"
FMTOF,Foreign,A1,1231.0,7372.0,Services-Prepackaged Software,OTC
FN,United States,E9,627.0,3661.0,Telephone & Telegraph Apparatus,NYSE
FNB,United States,PA,1231.0,6021.0,National Commercial Banks,NYSE
FNCTF,Foreign,,1231.0,4813.0,Telephone Communications (No Radioteleph,
FND,United States,DE,1231.0,5211.0,Retail-Lumber & Other Building Materials,NYSE
FNF,United States,,1231.0,6361.0,Title Insurance,NYSE
FNGR,United States,DE,228.0,7372.0,Services-Prepackaged Software,Nasdaq
FNKO,United States,DE,1231.0,3944.0,"Games, Toys & Children's Vehicles (No Do",Nasdaq
FNLC,United States,ME,1231.0,6021.0,National Commercial Banks,Nasdaq
FNMA,United States,,1231.0,6111.0,Federal & Federally-Sponsored Credit Age,"OTC,OTC,OTC,OTC,OTC,OTC,"
FNRN,United States,CA,1231.0,6035.0,"Savings Institution, Federally Chartered",Nasdaq
FNUC,Foreign,A2,630.0,1090.0,Miscellaneous Metal Ores,Nasdaq
FNV,Foreign,Z4,1231.0,1040.0,Gold and Silver Ores,NYSE
FNWB,United States,WA,1231.0,6036.0,"Savings Institutions, Not Federally Char",Nasdaq
FNWD,United States,IN,1231.0,6035.0,"Savings Institution, Federally Chartered",Nasdaq
FOA,United States,DE,1231.0,6162.0,Mortgage Bankers & Loan Correspondents,NYSE
FOCL,Foreign,,1231.0,3845.0,Electromedical & Electrotherapeutic Appa,Nasdaq
FOFA,United States,NV,1231.0,3841.0,Surgical & Medical Instruments & Apparat,OTC
FOFO,Foreign,,,8742.0,Services-Management Consulting Services,Nasdaq
FOR,United States,DE,930.0,6500.0,Real Estate,NYSE
FORM,United States,DE,1226.0,3674.0,Semiconductors & Related Devices,Nasdaq
FORR,United States,DE,1231.0,8700.0,"Services-Engineering, Accounting, Resear",Nasdaq
FORTY,Foreign,L3,1231.0,7371.0,Services-Computer Programming Services,Nasdaq
FOSL,United States,DE,1231.0,3873.0,"Watches, Clocks, Clockwork Operated Devi",Nasdaq
FOUR,United States,,1231.0,7389.0,"Services-Business Services, NEC","NYSE,NYSE"
FOX,United States,DE,630.0,4833.0,Television Broadcasting Stations,"Nasdaq,Nasdaq"
FOXF,United States,DE,102.0,3751.0,"Motorcycles, Bicycles & Parts",Nasdaq
FOXO,United States,DE,1231.0,8731.0,Services-Commercial Physical & Biologica,"OTC,OTC"
FOXX,United States,DE,630.0,3576.0,Computer Communications Equipment,"Nasdaq,Nasdaq"
FPHOY,Foreign,A1,228.0,1400.0,Mining & Quarrying of  Nonmetallic Miner,"OTC,OTC"
FPI,United States,MD,1231.0,6798.0,Real Estate Investment Trusts,NYSE
FPS,United States,DE,630.0,3620.0,Electrical Industrial Apparatus,NYSE
FR,United States,MD,1231.0,6798.0,Real Estate Investment Trusts,NYSE
FRAF,United States,PA,1231.0,6022.0,State Commercial Banks,Nasdaq
FRBP,United States,DE,1231.0,,,OTC
FRD,United States,TX,331.0,3310.0,"Steel Works, Blast Furnaces & Rolling & ",Nasdaq
FREVS,United States,NJ,1031.0,6798.0,Real Estate Investment Trusts,OTC
FRFHF,Foreign,Z4,1231.0,6331.0,"Fire, Marine & Casualty Insurance","OTC,OTC"
FRGT,Foreign,D8,1231.0,4731.0,Arrangement of  Transportation of  Freig,Nasdaq
FRHC,Foreign,NV,331.0,6211.0,"Security Brokers, Dealers & Flotation Co",Nasdaq
FRME,United States,IN,1231.0,6021.0,National Commercial Banks,"Nasdaq,Nasdaq"
FRMI,United States,TX,1231.0,6798.0,Real Estate Investment Trusts,Nasdaq
FRMM,United States,,1231.0,6199.0,Finance Services,Nasdaq
FRO,Foreign,,1231.0,4412.0,Deep Sea Foreign Transportation of  Frei,NYSE
FROG,United States,L3,1231.0,7372.0,Services-Prepackaged Software,Nasdaq
FRPH,United States,FL,1231.0,6500.0,Real Estate,Nasdaq
FRPT,United States,DE,1231.0,2040.0,Grain Mill Products,Nasdaq
FRQN,United States,NV,1231.0,7389.0,"Services-Business Services, NEC",
FRSH,United States,DE,1231.0,7372.0,Services-Prepackaged Software,Nasdaq
FRST,United States,VA,1231.0,6022.0,State Commercial Banks,Nasdaq
FRSX,Foreign,L3,1231.0,7372.0,Services-Prepackaged Software,Nasdaq
FRT,United States,MD,1231.0,6798.0,Real Estate Investment Trusts,"NYSE,NYSE"
FRVO,United States,DE,1231.0,4911.0,Electric Services,Nasdaq
FSBC,United States,CA,1231.0,6022.0,State Commercial Banks,Nasdaq
FSBW,United States,WA,1231.0,6036.0,"Savings Institutions, Not Federally Char",Nasdaq
FSEA,United States,,1231.0,6035.0,"Savings Institution, Federally Chartered",Nasdaq
FSHP,United States,,1231.0,6770.0,Blank Checks,"Nasdaq,Nasdaq,Nasdaq"
FSI,United States,NV,1231.0,2890.0,Miscellaneous Chemical Products,NYSE
FSK,United States,MD,1231.0,,,NYSE
FSLR,United States,DE,1231.0,3674.0,Semiconductors & Related Devices,Nasdaq
FSLY,United States,DE,1231.0,7372.0,Services-Prepackaged Software,Nasdaq
FSM,Foreign,A1,1231.0,1040.0,Gold and Silver Ores,NYSE
FSOL,United States,DE,1231.0,6221.0,Commodity Contracts Brokers & Dealers,NYSE
FSP,United States,MA,1231.0,6798.0,Real Estate Investment Trusts,NYSE
FSS,United States,DE,1231.0,3711.0,Motor Vehicles & Passenger Car Bodies,NYSE
FSTJ,United States,NV,1231.0,5065.0,"Wholesale-Electronic Parts & Equipment, ",OTC
FSTR,United States,PA,1231.0,5051.0,Wholesale-Metals Service Centers & of fi,Nasdaq
FSUN,United States,DE,1231.0,6021.0,National Commercial Banks,Nasdaq
FSV,Foreign,A6,1231.0,6500.0,Real Estate,Nasdaq
FTAI,United States,,1231.0,7350.0,Services-Miscellaneous Equipment Rental ,"Nasdaq,Nasdaq"
FTCI,United States,DE,1231.0,3674.0,Semiconductors & Related Devices,Nasdaq
FTCO,United States,CO,1231.0,1040.0,Gold and Silver Ores,OTC
FTDR,United States,DE,1231.0,7340.0,Services-To Dwellings & Other Buildings,Nasdaq
FTEK,United States,DE,1231.0,3564.0,Industrial & Commercial Fans & Blowers &,Nasdaq
FTFT,United States,FL,1231.0,7389.0,"Services-Business Services, NEC",Nasdaq
FTH,United States,DE,1231.0,2834.0,Pharmaceutical Preparations,Nasdaq
FTHM,United States,NC,1231.0,6531.0,Real Estate Agents & Managers (For Other,Nasdaq
FTI,United States,X0,1231.0,3533.0,Oil & Gas Field Machinery & Equipment,NYSE
FTK,United States,DE,1231.0,2890.0,Miscellaneous Chemical Products,NYSE
FTLF,United States,NV,1231.0,2833.0,Medicinal Chemicals & Botanical Products,Nasdaq
FTNT,United States,DE,1231.0,3577.0,"Computer Peripheral Equipment, NEC",Nasdaq
FTRE,United States,,1231.0,8071.0,Services-Medical Laboratories,Nasdaq
FTRK,Foreign,,,7900.0,Services-Amusement & Recreation Services,Nasdaq
FTS,Foreign,A4,1231.0,4911.0,Electric Services,"NYSE,OTC,OTC,OTC,OTC,OTC"
FTV,United States,DE,1231.0,3823.0,"Industrial Instruments For Measurement, ",NYSE
FUBO,United States,DE,930.0,7812.0,Services-Motion Picture & Video Tape Pro,NYSE
FUFU,Foreign,E9,,6199.0,Finance Services,"Nasdaq,Nasdaq"
FUL,United States,MN,1128.0,2891.0,Adhesives & Sealants,NYSE
FULC,United States,DE,1231.0,2834.0,Pharmaceutical Preparations,Nasdaq
FULO,United States,OK,1231.0,4813.0,Telephone Communications (No Radioteleph,
FULT,United States,PA,1231.0,6021.0,National Commercial Banks,"Nasdaq,Nasdaq"
FUN,United States,DE,1231.0,7900.0,Services-Amusement & Recreation Services,NYSE
FUNC,United States,MD,1231.0,6021.0,National Commercial Banks,Nasdaq
FUNI,United States,NV,930.0,8734.0,Services-Testing Laboratories,OTC
FURY,Foreign,A1,1231.0,1040.0,Gold and Silver Ores,NYSE
FUSB,United States,DE,1231.0,6022.0,State Commercial Banks,Nasdaq
FUSE,United States,,1231.0,7373.0,Services-Computer Integrated Systems Des,"Nasdaq,Nasdaq"
FUST,United States,NV,930.0,1000.0,Metal Mining,OTC
FUTU,Foreign,E9,1231.0,6211.0,"Security Brokers, Dealers & Flotation Co",Nasdaq
FVCB,United States,VA,1231.0,6022.0,State Commercial Banks,Nasdaq
FVN,United States,E9,1231.0,7373.0,Services-Computer Integrated Systems Des,"Nasdaq,Nasdaq,Nasdaq"
FVR,United States,MD,1231.0,6798.0,Real Estate Investment Trusts,NYSE
FVRR,Foreign,L3,1231.0,7389.0,"Services-Business Services, NEC",NYSE
FVTI,United States,NV,1231.0,5900.0,Retail-Miscellaneous Retail,
FWAC,United States,E9,331.0,6770.0,Blank Checks,"Nasdaq,Nasdaq,Nasdaq,Nas"
FWDI,United States,TX,930.0,6199.0,Finance Services,Nasdaq
FWFW,United States,NV,930.0,7380.0,Services-Miscellaneous Business Services,OTC
FWRD,United States,DE,1231.0,4731.0,Arrangement of  Transportation of  Freig,Nasdaq
FWRG,United States,DE,1228.0,5812.0,Retail-Eating  Places,Nasdaq
FXA,United States,NY,1231.0,6221.0,Commodity Contracts Brokers & Dealers,NYSE
FXAC,United States,E9,228.0,6770.0,Blank Checks,"Nasdaq,Nasdaq,Nasdaq"
FXB,United States,NY,1231.0,6221.0,Commodity Contracts Brokers & Dealers,NYSE
FXC,United States,NY,1231.0,6221.0,Commodity Contracts Brokers & Dealers,NYSE
FXE,United States,NY,1231.0,6221.0,Commodity Contracts Brokers & Dealers,NYSE
FXF,United States,NY,1231.0,6221.0,Commodity Contracts Brokers & Dealers,NYSE
FXNC,United States,VA,1231.0,6022.0,State Commercial Banks,Nasdaq
FXY,United States,NY,1231.0,6221.0,Commodity Contracts Brokers & Dealers,NYSE
FYNN,United States,NV,1231.0,7374.0,Services-Computer Processing & Data Prep,OTC
FZMD,United States,DE,1231.0,5047.0,"Wholesale-Medical, Dental & Hospital Equ",
G,United States,D0,1231.0,8742.0,Services-Management Consulting Services,NYSE
GABC,United States,IN,1231.0,6022.0,State Commercial Banks,Nasdaq
GAFC,United States,NV,731.0,7371.0,Services-Computer Programming Services,
GAIA,United States,CO,1231.0,7812.0,Services-Motion Picture & Video Tape Pro,Nasdaq
GAIN,United States,DE,331.0,,,"Nasdaq,Nasdaq,Nasdaq,Nas"
GALT,United States,NV,1231.0,2834.0,Pharmaceutical Preparations,Nasdaq
GAMB,Foreign,,,7990.0,Services-Miscellaneous Amusement & Recre,Nasdaq
GAME,Foreign,A6,1231.0,7900.0,Services-Amusement & Recreation Services,Nasdaq
GAMG,United States,WY,1231.0,7990.0,Services-Miscellaneous Amusement & Recre,OTC
GANX,United States,DE,1231.0,2834.0,Pharmaceutical Preparations,Nasdaq
GAP,United States,DE,201.0,5651.0,Retail-Family Clothing Stores,NYSE
GASS,Foreign,1T,1231.0,4412.0,Deep Sea Foreign Transportation of  Frei,Nasdaq
GATX,United States,NY,1231.0,4700.0,Transportation Services,NYSE
GAU,Foreign,A1,1231.0,1400.0,Mining & Quarrying of  Nonmetallic Miner,NYSE
GAUZ,Foreign,L3,1231.0,3690.0,"Miscellaneous Electrical Machinery, Equi",Nasdaq
GAVA,United States,DE,1231.0,6221.0,Commodity Contracts Brokers & Dealers,Nasdaq
GBCI,United States,MT,1231.0,6022.0,State Commercial Banks,NYSE
GBCS,United States,UT,1231.0,6798.0,Real Estate Investment Trusts,OTC
GBDC,United States,DE,930.0,,,Nasdaq
GBFH,United States,NV,1231.0,6022.0,State Commercial Banks,Nasdaq
GBLI,United States,DE,1231.0,6331.0,"Fire, Marine & Casualty Insurance",Nasdaq
GBNY,United States,,1231.0,6035.0,"Savings Institution, Federally Chartered",
GBR,United States,NV,1231.0,1311.0,Crude Petroleum & Natural Gas,NYSE
GBTC,United States,DE,1231.0,6221.0,Commodity Contracts Brokers & Dealers,NYSE
GBTG,United States,DE,1231.0,4700.0,Transportation Services,NYSE
GBUX,United States,NV,1231.0,7389.0,"Services-Business Services, NEC",OTC
GBX,United States,OR,831.0,3743.0,Railroad Equipment,NYSE
GCAN,United States,FL,1231.0,2834.0,Pharmaceutical Preparations,OTC
GCBC,United States,DE,630.0,6036.0,"Savings Institutions, Not Federally Char",Nasdaq
GCDT,Foreign,E9,331.0,3585.0,Air-Cond & Warm Air Heatg Equip & Comm &,NYSE
GCGJ,United States,NV,1231.0,7370.0,"Services-Computer Programming, Data Proc",OTC
GCL,Foreign,,,7372.0,Services-Prepackaged Software,"Nasdaq,Nasdaq"
GCMG,United States,DE,1231.0,6282.0,Investment Advice,Nasdaq
GCO,United States,TN,130.0,5661.0,Retail-Shoe Stores,NYSE
GCT,Foreign,E9,1231.0,5961.0,Retail-Catalog & Mail-Order Houses,Nasdaq
GCTK,United States,DE,1231.0,3841.0,Surgical & Medical Instruments & Apparat,Nasdaq
GCTS,United States,DE,1231.0,3674.0,Semiconductors & Related Devices,"NYSE,NYSE"
GD,United States,DE,1231.0,3730.0,Ship & Boat Building & Repairing,NYSE
GDC,United States,NV,1231.0,5050.0,Wholesale-Metals & Minerals (No Petroleu,Nasdaq
GDDY,United States,DE,1231.0,7373.0,Services-Computer Integrated Systems Des,NYSE
GDEV,Foreign,D8,1231.0,7371.0,Services-Computer Programming Services,"Nasdaq,Nasdaq"
GDLC,United States,E9,630.0,6221.0,Commodity Contracts Brokers & Dealers,NYSE
GDLG,United States,NV,131.0,7371.0,Services-Computer Programming Services,OTC
GDOG,United States,DE,1231.0,6221.0,Commodity Contracts Brokers & Dealers,NYSE
GDOT,United States,DE,1231.0,6199.0,Finance Services,NYSE
GDRX,United States,DE,1231.0,7374.0,Services-Computer Processing & Data Prep,Nasdaq
GDRZF,Foreign,D0,1231.0,1040.0,Gold and Silver Ores,OTC
GDS,Foreign,,,7370.0,"Services-Computer Programming, Data Proc","Nasdaq,OTC"
GDST,United States,,331.0,3620.0,Electrical Industrial Apparatus,OTC
GDTC,Foreign,U0,1231.0,2834.0,Pharmaceutical Preparations,Nasdaq
GDYN,United States,DE,1231.0,7372.0,Services-Prepackaged Software,Nasdaq
GE,United States,NY,1231.0,3600.0,Electronic & Other Electrical Equipment ,NYSE
GECC,United States,MD,1231.0,,,"Nasdaq,Nasdaq,Nasdaq,Nas"
GEDC,United States,NV,1231.0,6798.0,Real Estate Investment Trusts,OTC
GEG,United States,DE,630.0,7372.0,Services-Prepackaged Software,"Nasdaq,Nasdaq"
GEHC,United States,DE,1231.0,3844.0,X-Ray Apparatus & Tubes & Related Irradi,Nasdaq
GEL,United States,DE,1231.0,4610.0,Pipe Lines (No Natural Gas),NYSE
GELS,Foreign,C3,630.0,2834.0,Pharmaceutical Preparations,Nasdaq
GEMI,United States,NV,1231.0,6199.0,Finance Services,Nasdaq
GEN,United States,DE,328.0,7372.0,Services-Prepackaged Software,"Nasdaq,Nasdaq"
GENB,United States,DE,1231.0,2834.0,Pharmaceutical Preparations,Nasdaq
GENC,United States,DE,930.0,3531.0,Construction Machinery & Equip,NYSE
GENI,Foreign,Y7,1231.0,7990.0,Services-Miscellaneous Amusement & Recre,NYSE
GENK,United States,DE,1231.0,5812.0,Retail-Eating  Places,Nasdaq
GEO,United States,FL,1231.0,1520.0,General Bldg Contractors - Residential B,NYSE
GEOS,United States,TX,930.0,3829.0,"Measuring & Controlling Devices, NEC",Nasdaq
GERN,United States,DE,1231.0,2834.0,Pharmaceutical Preparations,Nasdaq
GETY,United States,DE,1231.0,7389.0,"Services-Business Services, NEC",NYSE
GEV,United States,DE,1231.0,3600.0,Electronic & Other Electrical Equipment ,NYSE
GEVO,United States,DE,1231.0,2860.0,Industrial Organic Chemicals,Nasdaq
GFAI,Foreign,E9,1231.0,7381.0,"Services-Detective, Guard & Armored Car ","Nasdaq,Nasdaq"
GFF,United States,DE,930.0,3442.0,"Metal Doors, Sash, Frames, Moldings & Tr",NYSE
GFI,Foreign,,1231.0,1040.0,Gold and Silver Ores,"NYSE,OTC"
GFLT,United States,DE,630.0,8742.0,Services-Management Consulting Services,OTC
GFMH,United States,,430.0,7822.0,Services-Motion Picture & Video Tape Dis,OTC
GFR,Foreign,A0,1231.0,1311.0,Crude Petroleum & Natural Gas,"NYSE,OTC"
GFS,Foreign,E9,1231.0,3674.0,Semiconductors & Related Devices,Nasdaq
GGB,Foreign,D5,1231.0,3310.0,"Steel Works, Blast Furnaces & Rolling & ",NYSE
GGBY,United States,DE,1231.0,6500.0,Real Estate,
GGG,United States,MN,1226.0,3561.0,Pumps & Pumping Equipment,NYSE
GGR,Foreign,F5,1231.0,3711.0,Motor Vehicles & Passenger Car Bodies,"Nasdaq,Nasdaq"
GGROU,United States,MN,1231.0,700.0,Agricultural Services,OTC
GGRP,United States,NV,630.0,7371.0,Services-Computer Programming Services,Nasdaq
GH,United States,DE,1231.0,8071.0,Services-Medical Laboratories,Nasdaq
GHC,United States,DE,1231.0,8200.0,Services-Educational Services,NYSE
GHI,United States,DE,1231.0,6199.0,Finance Services,NYSE
GHM,United States,DE,331.0,3560.0,General Industrial Machinery & Equipment,NYSE
GHRS,Foreign,L2,1231.0,2834.0,Pharmaceutical Preparations,Nasdaq
GHST,United States,DE,630.0,7372.0,Services-Prepackaged Software,OTC
GIBO,Foreign,E9,1231.0,7372.0,Services-Prepackaged Software,"Nasdaq,Nasdaq"
GIC,United States,DE,1231.0,5084.0,Wholesale-Industrial Machinery & Equipme,NYSE
GIFT,United States,DE,1231.0,5961.0,Retail-Catalog & Mail-Order Houses,Nasdaq
GIGGF,Foreign,A1,1231.0,1000.0,Metal Mining,OTC
GIGM,Foreign,,,7370.0,"Services-Computer Programming, Data Proc",Nasdaq
GIII,United States,DE,131.0,2300.0,Apparel & Other Finishd Prods of  Fabric,Nasdaq
GIL,Foreign,Z4,103.0,2300.0,Apparel & Other Finishd Prods of  Fabric,NYSE
GILD,United States,DE,1231.0,2836.0,"Biological Products, (No Diagnostic Subs",Nasdaq
GILT,Foreign,,1231.0,3663.0,Radio & Tv Broadcasting & Communications,Nasdaq
GIPL,United States,DE,930.0,3841.0,Surgical & Medical Instruments & Apparat,OTC
GIPR,United States,MD,1231.0,6798.0,Real Estate Investment Trusts,"Nasdaq,Nasdaq"
GIS,United States,DE,530.0,2040.0,Grain Mill Products,NYSE
GITS,United States,X1,1231.0,7370.0,"Services-Computer Programming, Data Proc",Nasdaq
GIX,United States,E9,1231.0,6770.0,Blank Checks,"Nasdaq,Nasdaq,Nasdaq"
GKOS,United States,DE,1231.0,3841.0,Surgical & Medical Instruments & Apparat,NYSE
GL,United States,DE,1231.0,6311.0,Life Insurance,"NYSE,NYSE"
GLAD,United States,MD,930.0,,,Nasdaq
GLAI,United States,NV,1231.0,5960.0,Retail-Nonstore Retailers,OTC
GLBE,Foreign,L3,1231.0,7372.0,Services-Prepackaged Software,Nasdaq
GLBS,Foreign,1T,,4412.0,Deep Sea Foreign Transportation of  Frei,Nasdaq
GLBZ,United States,MD,1231.0,6022.0,State Commercial Banks,
GLD,United States,,930.0,6221.0,Commodity Contracts Brokers & Dealers,NYSE
GLDG,Foreign,A1,1130.0,1040.0,Gold and Silver Ores,NYSE
GLDI,Foreign,V8,1231.0,6211.0,"Security Brokers, Dealers & Flotation Co","Nasdaq,Nasdaq,None,None,"
GLDM,United States,DE,930.0,6221.0,Commodity Contracts Brokers & Dealers,NYSE
GLE,Foreign,D8,630.0,7374.0,Services-Computer Processing & Data Prep,Nasdaq
GLED,United States,E9,1231.0,6770.0,Blank Checks,"NYSE,NYSE,NYSE"
GLEI,United States,WY,731.0,6531.0,Real Estate Agents & Managers (For Other,OTC
GLGI,United States,,531.0,3559.0,"Special Industry Machinery, NEC",OTC
GLIBA,United States,NV,1231.0,4841.0,Cable & Other Pay Television Services,"Nasdaq,OTC,Nasdaq"
GLMD,Foreign,L3,1231.0,2834.0,Pharmaceutical Preparations,Nasdaq
GLND,United States,TX,1231.0,1381.0,Drilling Oil & Gas Wells,"Nasdaq,Nasdaq"
GLNG,Foreign,D0,,4400.0,Water Transportation,Nasdaq
GLNK,United States,DE,1231.0,6221.0,Commodity Contracts Brokers & Dealers,NYSE
GLNS,United States,NV,630.0,1090.0,Miscellaneous Metal Ores,OTC
GLOB,Foreign,U3,,7374.0,Services-Computer Processing & Data Prep,NYSE
GLOO,United States,DE,131.0,7374.0,Services-Computer Processing & Data Prep,Nasdaq
GLOP-PA,Foreign,1T,1231.0,4400.0,Water Transportation,"NYSE,NYSE,NYSE"
GLP,United States,,1231.0,5171.0,Wholesale-Petroleum Bulk Stations & Term,"NYSE,NYSE"
GLPI,United States,PA,1207.0,6798.0,Real Estate Investment Trusts,Nasdaq
GLRE,United States,,1231.0,6331.0,"Fire, Marine & Casualty Insurance",Nasdaq
GLSI,United States,DE,1231.0,2834.0,Pharmaceutical Preparations,Nasdaq
GLTK,United States,NV,1231.0,4813.0,Telephone Communications (No Radioteleph,OTC
GLTR,United States,DE,1231.0,6221.0,Commodity Contracts Brokers & Dealers,NYSE
GLUC,United States,DE,1231.0,2833.0,Medicinal Chemicals & Botanical Products,OTC
GLUE,United States,DE,1231.0,2836.0,"Biological Products, (No Diagnostic Subs",Nasdaq
GLVT,United States,DE,1231.0,8742.0,Services-Management Consulting Services,OTC
GLW,United States,NY,1231.0,3357.0,Drawing & Insulating of  Nonferrous Wire,NYSE
GLXG,Foreign,D8,630.0,8700.0,"Services-Engineering, Accounting, Resear",Nasdaq
GLXY,United States,DE,1231.0,6211.0,"Security Brokers, Dealers & Flotation Co",Nasdaq
GLXZ,United States,,1231.0,7900.0,Services-Amusement & Recreation Services,OTC
GM,United States,,1231.0,3711.0,Motor Vehicles & Passenger Car Bodies,NYSE
GMBL,United States,NV,630.0,7900.0,Services-Amusement & Recreation Services,
GME,United States,DE,130.0,5734.0,Retail-Computer & Computer Software Stor,"NYSE,NYSE"
GMED,United States,DE,1231.0,3841.0,Surgical & Medical Instruments & Apparat,NYSE
GMER,United States,NV,1231.0,7372.0,Services-Prepackaged Software,OTC
GMEX,Foreign,E9,630.0,3949.0,"Sporting & Athletic Goods, NEC",Nasdaq
GMHS,Foreign,E9,630.0,7374.0,Services-Computer Processing & Data Prep,Nasdaq
GMM,Foreign,E9,930.0,7370.0,"Services-Computer Programming, Data Proc",Nasdaq
GMRS,United States,DE,1231.0,4700.0,Transportation Services,NYSE
GNE,United States,DE,1231.0,4931.0,Electric & Other Services Combined,NYSE
GNK,United States,1T,1231.0,4412.0,Deep Sea Foreign Transportation of  Frei,NYSE
GNL,United States,NY,1231.0,6798.0,Real Estate Investment Trusts,"NYSE,NYSE,NYSE,NYSE,NYSE"
GNLN,United States,DE,1231.0,5099.0,"Wholesale-Durable Goods, NEC",Nasdaq
GNLX,United States,DE,1231.0,2834.0,Pharmaceutical Preparations,Nasdaq
GNOLF,Foreign,NY,1231.0,1389.0,"Oil & Gas Field Services, NEC",OTC
GNPX,United States,TX,1231.0,2834.0,Pharmaceutical Preparations,Nasdaq
GNRC,United States,DE,1231.0,3621.0,Motors & Generators,NYSE
GNS,Foreign,U0,1231.0,7372.0,Services-Prepackaged Software,NYSE
GNSS,United States,DE,930.0,3651.0,Household Audio & Video Equipment,Nasdaq
GNTA,Foreign,L6,,2836.0,"Biological Products, (No Diagnostic Subs",Nasdaq
GNTOF,Foreign,A6,1231.0,1000.0,Metal Mining,OTC
GNTX,United States,MI,1231.0,3714.0,Motor Vehicle Parts & Accessories,Nasdaq
GNVR,United States,NV,930.0,100.0,Agricultural Production-Crops,OTC
GNW,United States,DE,1231.0,6311.0,Life Insurance,NYSE
GO,United States,DE,102.0,5411.0,Retail-Grocery Stores,Nasdaq
GOAI,United States,NV,1231.0,7370.0,"Services-Computer Programming, Data Proc",Nasdaq
GOCOQ,United States,DE,1231.0,6411.0,"Insurance Agents, Brokers & Service",OTC
GOGO,United States,DE,1231.0,4899.0,"Communications Services, NEC",Nasdaq
GOLD,United States,DE,630.0,5094.0,"Wholesale-Jewelry, Watches, Precious Sto",NYSE
GOLF,United States,DE,1231.0,3949.0,"Sporting & Athletic Goods, NEC",NYSE
GOOD,United States,MD,1231.0,6519.0,"Lessors of  Real Property, NEC","Nasdaq,Nasdaq,Nasdaq"
GOOG,United States,DE,1231.0,7370.0,"Services-Computer Programming, Data Proc","Nasdaq,Nasdaq,Nasdaq,Nas"
GORO,United States,CO,1231.0,1040.0,Gold and Silver Ores,NYSE
GOSS,United States,DE,1231.0,2834.0,Pharmaceutical Preparations,Nasdaq
GOTU,Foreign,E9,1231.0,8200.0,Services-Educational Services,NYSE
GOVB,United States,MD,930.0,6036.0,"Savings Institutions, Not Federally Char",OTC
GOVX,United States,DE,1231.0,2834.0,Pharmaceutical Preparations,Nasdaq
GP,Foreign,A1,331.0,3713.0,Truck & Bus Bodies,Nasdaq
GPAT,United States,E9,1231.0,6770.0,Blank Checks,"Nasdaq,Nasdaq,Nasdaq"
GPC,United States,GA,1231.0,5013.0,Wholesale-Motor Vehicle Supplies & New P,NYSE
GPCR,United States,E9,1231.0,2834.0,Pharmaceutical Preparations,Nasdaq
GPGI,United States,DE,1231.0,6199.0,Finance Services,NYSE
GPI,United States,DE,1231.0,5500.0,Retail-Auto Dealers & Gasoline Stations,NYSE
GPK,United States,DE,1231.0,2650.0,Paperboard Containers & Boxes,NYSE
GPLB,United States,,1231.0,2836.0,"Biological Products, (No Diagnostic Subs",OTC
GPLL,United States,NV,731.0,6770.0,Blank Checks,
GPMT,United States,MD,1231.0,6798.0,Real Estate Investment Trusts,"NYSE,NYSE"
GPN,United States,GA,1231.0,7389.0,"Services-Business Services, NEC",NYSE
GPOR,United States,,1231.0,1311.0,Crude Petroleum & Natural Gas,NYSE
GPOX,United States,NV,430.0,8900.0,"Services-Services, NEC",OTC
GPRE,United States,IA,1231.0,2860.0,Industrial Organic Chemicals,Nasdaq
GPRK,Foreign,D0,1231.0,1311.0,Crude Petroleum & Natural Gas,NYSE
GPRO,United States,DE,1231.0,3861.0,Photographic Equipment & Supplies,Nasdaq
GPUS,United States,DE,1231.0,3533.0,Oil & Gas Field Machinery & Equipment,"NYSE,NYSE"
GRAF,United States,E9,1231.0,6770.0,Blank Checks,"NYSE,NYSE,NYSE"
GRAL,United States,DE,1231.0,8071.0,Services-Medical Laboratories,Nasdaq
GRBK,United States,DE,1231.0,1531.0,Operative Builders,"NYSE,NYSE"
GRC,United States,OH,1231.0,3561.0,Pumps & Pumping Equipment,NYSE
GRCE,Foreign,DE,331.0,2834.0,Pharmaceutical Preparations,Nasdaq
GRDX,United States,DE,1231.0,4931.0,Electric & Other Services Combined,Nasdaq
GREE,United States,DE,1231.0,6199.0,Finance Services,"Nasdaq,Nasdaq"
GRFXY,Foreign,E9,1231.0,3620.0,Electrical Industrial Apparatus,OTC
GRHI,United States,NV,1231.0,7373.0,Services-Computer Integrated Systems Des,OTC
GRI,United States,DE,1231.0,2834.0,Pharmaceutical Preparations,Nasdaq
GRML,United States,,1231.0,2836.0,"Biological Products, (No Diagnostic Subs","Nasdaq,Nasdaq"
GRMN,United States,V8,1226.0,3812.0,"Search, Detection, Navigation, Guidance,",NYSE
GRND,United States,DE,1231.0,7370.0,"Services-Computer Programming, Data Proc",NYSE
GRNQ,United States,NV,1231.0,8742.0,Services-Management Consulting Services,Nasdaq
GRNT,United States,,1231.0,1311.0,Crude Petroleum & Natural Gas,NYSE
GRO,Foreign,A6,1231.0,1400.0,Mining & Quarrying of  Nonmetallic Miner,NYSE
GROV,United States,DE,1231.0,5961.0,Retail-Catalog & Mail-Order Houses,"NYSE,OTC"
GROW,United States,TX,630.0,6282.0,Investment Advice,Nasdaq
GROY,Foreign,Z4,1231.0,1040.0,Gold and Silver Ores,"NYSE,NYSE"
GRPN,United States,DE,1231.0,7311.0,Services-Advertising Agencies,Nasdaq
GRPS,United States,CO,1231.0,200.0,Agricultural Prod-Livestock & Animal Spe,OTC
GRRR,Foreign,E9,1231.0,7372.0,Services-Prepackaged Software,"Nasdaq,Nasdaq"
GRTUF,Foreign,A6,1231.0,6798.0,Real Estate Investment Trusts,
GRTX,United States,DE,1231.0,2834.0,Pharmaceutical Preparations,"None,OTC"
GRUSF,Foreign,A6,,100.0,Agricultural Production-Crops,OTC
GRVE,United States,CO,331.0,1311.0,Crude Petroleum & Natural Gas,OTC
GRVT,Foreign,E9,331.0,3241.0,"Cement, Hydraulic",
GRVY,Foreign,M5,1231.0,7374.0,Services-Computer Processing & Data Prep,Nasdaq
GRWG,United States,CO,1231.0,5200.0,"Retail-Building Materials, Hardware, Gar",Nasdaq
GS,United States,DE,1231.0,6211.0,"Security Brokers, Dealers & Flotation Co","NYSE,OTC,NYSE,NYSE,NYSE"
GSAT,United States,DE,1231.0,4899.0,"Communications Services, NEC",Nasdaq
GSBC,United States,MD,1231.0,6022.0,State Commercial Banks,Nasdaq
GSBD,United States,DE,1231.0,,,NYSE
GSG,United States,DE,1231.0,6221.0,Commodity Contracts Brokers & Dealers,"NYSE,OTC"
GSHD,United States,DE,1231.0,6411.0,"Insurance Agents, Brokers & Service",Nasdaq
GSIT,United States,DE,331.0,3674.0,Semiconductors & Related Devices,Nasdaq
GSIW,Foreign,E9,331.0,6200.0,"Security & Commodity Brokers, Dealers, E",Nasdaq
GSK,Foreign,X0,,2834.0,Pharmaceutical Preparations,"NYSE,OTC"
GSL,Foreign,1T,1231.0,4412.0,Deep Sea Foreign Transportation of  Frei,"NYSE,NYSE"
GSM,Foreign,X0,1231.0,1000.0,Metal Mining,Nasdaq
GSMT,United States,WY,531.0,6199.0,Finance Services,OTC
GSOL,United States,DE,1231.0,6221.0,Commodity Contracts Brokers & Dealers,NYSE
GSTK,United States,OK,1231.0,100.0,Agricultural Production-Crops,
GSTX,United States,CO,930.0,1000.0,Metal Mining,OTC
GSUI,United States,DE,1231.0,6221.0,Commodity Contracts Brokers & Dealers,NYSE
GSUN,Foreign,E9,930.0,8200.0,Services-Educational Services,Nasdaq
GT,United States,OH,1231.0,3011.0,Tires & Inner Tubes,Nasdaq
GTAO,United States,DE,1231.0,6221.0,Commodity Contracts Brokers & Dealers,OTC
GTBIF,United States,,1231.0,100.0,Agricultural Production-Crops,OTC
GTBP,United States,DE,1231.0,2834.0,Pharmaceutical Preparations,Nasdaq
GTCH,United States,NV,1231.0,8742.0,Services-Management Consulting Services,OTC
GTE,United States,DE,1231.0,1311.0,Crude Petroleum & Natural Gas,NYSE
GTEC,United States,D8,1231.0,3560.0,General Industrial Machinery & Equipment,Nasdaq
GTEN,United States,E9,1231.0,6770.0,Blank Checks,"Nasdaq,Nasdaq,Nasdaq"
GTERA,United States,E9,1231.0,6770.0,Blank Checks,"Nasdaq,Nasdaq,Nasdaq,Nas"
GTES,United States,D0,1231.0,3560.0,General Industrial Machinery & Equipment,NYSE
GTHP,United States,DE,1231.0,3845.0,Electromedical & Electrotherapeutic Appa,OTC
GTIC,United States,NV,531.0,7372.0,Services-Prepackaged Software,OTC
GTIJF,United States,N8,930.0,3620.0,Electrical Industrial Apparatus,
GTIM,United States,NV,929.0,5812.0,Retail-Eating  Places,Nasdaq
GTLB,United States,DE,131.0,7372.0,Services-Prepackaged Software,Nasdaq
GTLL,United States,DE,630.0,3663.0,Radio & Tv Broadcasting & Communications,OTC
GTLS,United States,DE,1231.0,3443.0,Fabricated Plate Work (Boiler Shops),
GTM,United States,DE,1231.0,7372.0,Services-Prepackaged Software,Nasdaq
GTN,United States,GA,1231.0,4833.0,Television Broadcasting Stations,"NYSE,NYSE"
GTX,United States,DE,1231.0,3714.0,Motor Vehicle Parts & Accessories,Nasdaq
GTY,United States,MD,1231.0,6500.0,Real Estate,NYSE
GUAC,United States,E9,1231.0,6770.0,Blank Checks,"Nasdaq,Nasdaq,Nasdaq"
GUER,United States,DE,1231.0,3674.0,Semiconductors & Related Devices,OTC
GURE,United States,NV,1231.0,2800.0,Chemicals & Allied Products,Nasdaq
GUTS,United States,DE,1231.0,3841.0,Surgical & Medical Instruments & Apparat,Nasdaq
GV,Foreign,A6,331.0,8200.0,Services-Educational Services,Nasdaq
GVA,United States,DE,1231.0,1600.0,Heavy Construction Other Than Bldg Const,NYSE
GVH,Foreign,E9,,4731.0,Arrangement of  Transportation of  Freig,Nasdaq
GWAV,United States,DE,1231.0,5051.0,Wholesale-Metals Service Centers & of fi,Nasdaq
GWH,United States,DE,1231.0,3690.0,"Miscellaneous Electrical Machinery, Equi","NYSE,OTC"
GWLL,United States,NV,1231.0,2000.0,Food and Kindred Products,OTC
GWRE,United States,DE,731.0,7372.0,Services-Prepackaged Software,NYSE
GWRS,United States,DE,1231.0,4941.0,Water Supply,Nasdaq
GWTI,United States,TX,1231.0,2860.0,Industrial Organic Chemicals,OTC
GWW,United States,IL,1231.0,5000.0,Wholesale-Durable Goods,NYSE
GXAI,United States,DE,1231.0,7372.0,Services-Prepackaged Software,Nasdaq
GXLM,United States,DE,1231.0,6221.0,Commodity Contracts Brokers & Dealers,OTC
GXO,United States,DE,1231.0,4700.0,Transportation Services,NYSE
GXRP,United States,DE,1231.0,6221.0,Commodity Contracts Brokers & Dealers,NYSE
GXXM,United States,TX,1231.0,8742.0,Services-Management Consulting Services,
GYRE,United States,DE,1231.0,2834.0,Pharmaceutical Preparations,Nasdaq
GYRO,United States,NY,1231.0,6512.0,Opeators of  Nonresidential Buildings,Nasdaq
H,United States,IL,1231.0,7011.0,Hotels & Motels,NYSE
HAE,United States,MA,403.0,3841.0,Surgical & Medical Instruments & Apparat,NYSE
HAFC,United States,DE,1231.0,6021.0,National Commercial Banks,Nasdaq
HAFG,United States,NV,1231.0,7380.0,Services-Miscellaneous Business Services,OTC
HAFN,Foreign,D0,1231.0,4700.0,Transportation Services,NYSE
HAIN,United States,DE,630.0,2000.0,Food and Kindred Products,Nasdaq
HAL,United States,DE,1231.0,1389.0,"Oil & Gas Field Services, NEC",NYSE
HALO,United States,DE,1231.0,2836.0,"Biological Products, (No Diagnostic Subs",Nasdaq
HAS,United States,RI,1227.0,3944.0,"Games, Toys & Children's Vehicles (No Do",Nasdaq
HASI,United States,DE,1231.0,6799.0,"Investors, NEC",NYSE
HAVA,United States,E9,1231.0,6770.0,Blank Checks,"Nasdaq,Nasdaq,Nasdaq"
HAWK,United States,DE,1231.0,7374.0,Services-Computer Processing & Data Prep,NYSE
HAYW,United States,,1231.0,3580.0,Refrigeration & Service Industry Machine,NYSE
HBAN,United States,MD,1231.0,6021.0,National Commercial Banks,"Nasdaq,Nasdaq,Nasdaq,Nas"
HBB,United States,DE,1231.0,3634.0,Electric Housewares & Fans,NYSE
HBCP,United States,LA,1231.0,6036.0,"Savings Institutions, Not Federally Char",Nasdaq
HBIA,United States,IA,1231.0,6022.0,State Commercial Banks,OTC
HBIO,United States,DE,1231.0,3826.0,Laboratory Analytical Instruments,Nasdaq
HBM,Foreign,,1231.0,1000.0,Metal Mining,NYSE
HBNB,Foreign,E9,1231.0,7011.0,Hotels & Motels,Nasdaq
HBNC,United States,IN,1231.0,6022.0,State Commercial Banks,Nasdaq
HBT,United States,DE,1231.0,6022.0,State Commercial Banks,Nasdaq
HBUV,United States,DE,1231.0,6510.0,Real Estate Operators (No Developers) & ,OTC
HCA,United States,,1231.0,8062.0,Services-General Medical & Surgical Hosp,NYSE
HCAI,Foreign,,1231.0,3990.0,Miscellaneous Manufacturing Industries,Nasdaq
HCAT,United States,DE,1231.0,7370.0,"Services-Computer Programming, Data Proc",Nasdaq
HCC,United States,DE,1231.0,1220.0,Silver Ores,NYSE
HCI,United States,FL,1231.0,6331.0,"Fire, Marine & Casualty Insurance","NYSE,OTC"
HCIL,United States,NV,331.0,3845.0,Electromedical & Electrotherapeutic Appa,OTC
HCKT,United States,FL,1226.0,8742.0,Services-Management Consulting Services,Nasdaq
HCM,Foreign,E9,,2834.0,Pharmaceutical Preparations,"Nasdaq,OTC"
HCMA,United States,E9,1231.0,6770.0,Blank Checks,"Nasdaq,Nasdaq,Nasdaq"
HCMC,United States,DE,1231.0,2100.0,Tobacco Products,OTC
HCSG,United States,PA,1231.0,8050.0,Services-Nursing & Personal Care Facilit,Nasdaq
HCTI,United States,DE,1231.0,7373.0,Services-Computer Integrated Systems Des,Nasdaq
HCWB,United States,DE,1231.0,2834.0,Pharmaceutical Preparations,Nasdaq
HCWC,United States,DE,1231.0,5411.0,Retail-Grocery Stores,NYSE
HD,United States,DE,131.0,5211.0,Retail-Lumber & Other Building Materials,NYSE
HDB,Foreign,K7,331.0,6029.0,"Commercial Banks, NEC",NYSE
HDL,Foreign,E9,1231.0,5812.0,Retail-Eating  Places,"Nasdaq,OTC"
HDRN,United States,DE,1231.0,4911.0,Electric Services,"Nasdaq,Nasdaq"
HDSN,United States,NY,1231.0,5080.0,"Wholesale-Machinery, Equipment & Supplie",Nasdaq
HE,United States,HI,1231.0,4911.0,Electric Services,NYSE
HEI,United States,FL,1031.0,3724.0,Aircraft Engines & Engine Parts,"NYSE,NYSE"
HELE,United States,D0,228.0,3634.0,Electric Housewares & Fans,Nasdaq
HELP,Foreign,A6,331.0,2834.0,Pharmaceutical Preparations,Nasdaq
HEPA,United States,DE,1231.0,2834.0,Pharmaceutical Preparations,"OTC,OTC"
HEPS,Foreign,W8,1231.0,5961.0,Retail-Catalog & Mail-Order Houses,Nasdaq
HERE,Foreign,E9,630.0,5945.0,"Retail-Hobby, Toy & Game Shops",Nasdaq
HESM,United States,DE,1231.0,1311.0,Crude Petroleum & Natural Gas,NYSE
HFBL,United States,LA,630.0,6035.0,"Savings Institution, Federally Chartered",Nasdaq
HFFG,United States,DE,1231.0,5140.0,Wholesale-Groceries & Related Products,Nasdaq
HFUS,United States,NV,731.0,7374.0,Services-Computer Processing & Data Prep,OTC
HFWA,United States,WA,1231.0,6036.0,"Savings Institutions, Not Federally Char",Nasdaq
HG,United States,D0,1231.0,6331.0,"Fire, Marine & Casualty Insurance",NYSE
HGBL,United States,FL,1231.0,7389.0,"Services-Business Services, NEC",Nasdaq
HGIT,United States,MD,1231.0,6798.0,Real Estate Investment Trusts,OTC
HGTY,United States,DE,1231.0,6411.0,"Insurance Agents, Brokers & Service",NYSE
HGV,United States,DE,1231.0,7000.0,"Hotels, Rooming Houses, Camps & Other Lo",NYSE
HGYN,United States,NV,1231.0,2821.0,"Plastic Materials, Synth Resins & Nonvul",OTC
HHH,United States,DE,1231.0,6798.0,Real Estate Investment Trusts,NYSE
HHS,United States,DE,1231.0,7331.0,Services-Direct Mail Advertising Service,Nasdaq
HIG,United States,DE,1231.0,6331.0,"Fire, Marine & Casualty Insurance","NYSE,NYSE"
HIGR,United States,NV,,7011.0,Hotels & Motels,OTC
HIHO,Foreign,,331.0,3490.0,Miscellaneous Fabricated Metal Products,Nasdaq
HII,United States,DE,1231.0,3730.0,Ship & Boat Building & Repairing,NYSE
HIMS,United States,DE,1231.0,8011.0,Services-Offices & Clinics of  Doctors o,NYSE
HIMX,Foreign,E9,1231.0,3674.0,Semiconductors & Related Devices,Nasdaq
HIND,United States,DE,1231.0,2834.0,Pharmaceutical Preparations,Nasdaq
HIPO,United States,DE,1231.0,6331.0,"Fire, Marine & Casualty Insurance",NYSE
HIT,United States,,1231.0,6411.0,"Insurance Agents, Brokers & Service",Nasdaq
HITI,Foreign,A0,1031.0,5990.0,"Retail-Retail Stores, NEC",Nasdaq
HIVE,Foreign,A1,331.0,6199.0,Finance Services,Nasdaq
HIW,United States,MD,1231.0,6798.0,Real Estate Investment Trusts,NYSE
HKHC,United States,DE,1231.0,6282.0,Investment Advice,OTC
HKIT,Foreign,E9,1231.0,7372.0,Services-Prepackaged Software,Nasdaq
HKPD,Foreign,E9,331.0,5122.0,"Wholesale-Drugs, Proprietaries & Druggis",Nasdaq
HL,United States,DE,1231.0,1400.0,Mining & Quarrying of  Nonmetallic Miner,"NYSE,NYSE"
HLEO,United States,FL,1031.0,3760.0,Guided Missiles & Space Vehicles & Parts,"OTC,OTC"
HLF,United States,E9,1231.0,5122.0,"Wholesale-Drugs, Proprietaries & Druggis",NYSE
HLI,United States,,331.0,6282.0,Investment Advice,NYSE
HLIO,United States,FL,1230.0,3490.0,Miscellaneous Fabricated Metal Products,NYSE
HLIT,United States,DE,1231.0,3663.0,Radio & Tv Broadcasting & Communications,Nasdaq
HLLK,United States,FL,1231.0,3721.0,Aircraft,OTC
HLLY,United States,DE,1231.0,3714.0,Motor Vehicle Parts & Accessories,NYSE
HLMN,United States,DE,1226.0,3420.0,"Cutlery, Handtools & General Hardware",Nasdaq
HLN,Foreign,X0,1231.0,2844.0,"Perfumes, Cosmetics & Other Toilet Prepa","NYSE,OTC"
HLP,Foreign,E9,,3569.0,General Industrial Machinery & Equipment,Nasdaq
HLT,United States,DE,1231.0,7011.0,Hotels & Motels,NYSE
HLX,United States,MN,1231.0,1389.0,"Oil & Gas Field Services, NEC",NYSE
HLYK,United States,NV,1231.0,8011.0,Services-Offices & Clinics of  Doctors o,OTC
HMC,Foreign,,331.0,3711.0,Motor Vehicles & Passenger Car Bodies,"NYSE,OTC"
HMELF,Foreign,L3,1231.0,7372.0,Services-Prepackaged Software,
HMH,United States,DE,1231.0,3533.0,Oil & Gas Field Machinery & Equipment,Nasdaq
HMMR,United States,NV,731.0,4899.0,"Communications Services, NEC",OTC
HMN,United States,DE,1231.0,6331.0,"Fire, Marine & Casualty Insurance",NYSE
HMR,Foreign,,,4412.0,Deep Sea Foreign Transportation of  Frei,Nasdaq
HMY,Foreign,,630.0,1040.0,Gold and Silver Ores,"NYSE,OTC"
HNGE,United States,DE,1231.0,7374.0,Services-Computer Processing & Data Prep,NYSE
HNI,United States,IA,102.0,2522.0,Office Furniture (No Wood),NYSE
HNIT,United States,NV,1130.0,7374.0,Services-Computer Processing & Data Prep,
HNNA,United States,,930.0,6282.0,Investment Advice,Nasdaq
HNOI,United States,NV,1031.0,1000.0,Metal Mining,OTC
HNRG,United States,CO,1231.0,4911.0,Electric Services,Nasdaq
HNST,United States,DE,1231.0,5961.0,Retail-Catalog & Mail-Order Houses,Nasdaq
HNVR,United States,MD,1231.0,6022.0,State Commercial Banks,Nasdaq
HODL,United States,DE,1231.0,6221.0,Commodity Contracts Brokers & Dealers,CBOE
HOFT,United States,VA,131.0,2510.0,Household Furniture,Nasdaq
HOG,United States,WI,1231.0,3751.0,"Motorcycles, Bicycles & Parts",NYSE
HOLO,Foreign,E9,1231.0,7370.0,"Services-Computer Programming, Data Proc","Nasdaq,Nasdaq"
HOMB,United States,AR,1231.0,6022.0,State Commercial Banks,NYSE
HON,United States,DE,1231.0,3724.0,Aircraft Engines & Engine Parts,Nasdaq
HONA,United States,DE,1231.0,3724.0,Aircraft Engines & Engine Parts,Nasdaq
HOOD,United States,DE,1231.0,6211.0,"Security Brokers, Dealers & Flotation Co",Nasdaq
HOPE,United States,DE,1231.0,6021.0,National Commercial Banks,Nasdaq
HOUR,United States,DE,1231.0,5961.0,Retail-Catalog & Mail-Order Houses,Nasdaq
HOV,United States,DE,1031.0,1531.0,Operative Builders,"NYSE,OTC,Nasdaq"
HOVR,United States,A1,531.0,3721.0,Aircraft,"Nasdaq,Nasdaq"
HOWL,United States,DE,1231.0,2834.0,Pharmaceutical Preparations,Nasdaq
HP,United States,DE,930.0,1381.0,Drilling Oil & Gas Wells,NYSE
HPAI,Foreign,,,7372.0,Services-Prepackaged Software,"Nasdaq,Nasdaq"
HPE,United States,DE,1031.0,3570.0,Computer & office Equipment,"NYSE,NYSE"
HPK,United States,DE,1231.0,1381.0,Drilling Oil & Gas Wells,Nasdaq
HPP,United States,MD,1231.0,6500.0,Real Estate,"NYSE,NYSE"
HPQ,United States,DE,1031.0,3570.0,Computer & office Equipment,NYSE
HQ,Foreign,U0,1231.0,7371.0,Services-Computer Programming Services,"Nasdaq,Nasdaq"
HQI,United States,,1231.0,7363.0,Services-Help Supply Services,Nasdaq
HQY,United States,DE,131.0,7389.0,"Services-Business Services, NEC",Nasdaq
HR,United States,,1231.0,6798.0,Real Estate Investment Trusts,NYSE
HRB,United States,MO,630.0,7200.0,Services-Personal Services,NYSE
HRGN,United States,DE,1231.0,3841.0,Surgical & Medical Instruments & Apparat,OTC
HRI,United States,DE,1231.0,7350.0,Services-Miscellaneous Equipment Rental ,NYSE
HRL,United States,DE,1025.0,2011.0,Meat Packing Plants,NYSE
HRMY,United States,DE,1231.0,2834.0,Pharmaceutical Preparations,Nasdaq
HRNNF,Foreign,A6,1231.0,4911.0,Electric Services,"OTC,OTC"
HROW,United States,DE,1231.0,2834.0,Pharmaceutical Preparations,Nasdaq
HRTG,United States,DE,,6331.0,"Fire, Marine & Casualty Insurance",NYSE
HRTX,United States,DE,1231.0,2834.0,Pharmaceutical Preparations,Nasdaq
HRZN,United States,DE,1231.0,,,"Nasdaq,NYSE"
HSAI,Foreign,E9,1231.0,3569.0,General Industrial Machinery & Equipment,"Nasdaq,OTC"
HSBC,Foreign,,1231.0,6035.0,"Savings Institution, Federally Chartered","NYSE,OTC"
HSCS,United States,TX,430.0,6199.0,Finance Services,"Nasdaq,Nasdaq"
HSCT,United States,WY,630.0,7374.0,Services-Computer Processing & Data Prep,
HSDT,United States,DE,1231.0,6199.0,Finance Services,Nasdaq
HSHP,Foreign,D0,1231.0,4412.0,Deep Sea Foreign Transportation of  Frei,NYSE
HSIC,United States,DE,1226.0,5047.0,"Wholesale-Medical, Dental & Hospital Equ",Nasdaq
HSLV,Foreign,A1,1231.0,1040.0,Gold and Silver Ores,NYSE
HSPOF,United States,E9,1231.0,6770.0,Blank Checks,"OTC,OTC,OTC"
HST,United States,MD,1231.0,6798.0,Real Estate Investment Trusts,Nasdaq
HSTA,United States,NV,1130.0,8742.0,Services-Management Consulting Services,OTC
HSTC,United States,NV,1231.0,2834.0,Pharmaceutical Preparations,OTC
HSTI,United States,CO,1231.0,6770.0,Blank Checks,
HSTM,United States,TN,1231.0,7370.0,"Services-Computer Programming, Data Proc",Nasdaq
HSY,United States,DE,1231.0,2060.0,Sugar & Confectionery Products,NYSE
HTB,United States,MD,1231.0,6035.0,"Savings Institution, Federally Chartered",NYSE
HTCO,Foreign,E9,1031.0,4412.0,Deep Sea Foreign Transportation of  Frei,Nasdaq
HTCR,United States,DE,1231.0,7374.0,Services-Computer Processing & Data Prep,Nasdaq
HTFL,United States,DE,1231.0,3841.0,Surgical & Medical Instruments & Apparat,Nasdaq
HTGC,United States,MD,1231.0,,,"NYSE,NYSE"
HTH,United States,MD,1231.0,6022.0,State Commercial Banks,NYSE
HTHT,Foreign,E9,1231.0,7011.0,Hotels & Motels,"Nasdaq,OTC"
HTLD,United States,NV,1231.0,4213.0,Trucking (No Local),Nasdaq
HTLM,Foreign,,,5712.0,Retail-Furniture Stores,Nasdaq
HTO,United States,DE,1231.0,4941.0,Water Supply,Nasdaq
HTOO,Foreign,L2,1231.0,3590.0,Misc Industrial & Commercial Machinery &,Nasdaq
HTT,Foreign,E9,1231.0,6199.0,Finance Services,NYSE
HTZ,United States,DE,1231.0,7510.0,Services-Auto Rental & Leasing (No Drive,"Nasdaq,Nasdaq"
HUBB,United States,CT,1231.0,3670.0,Electronic Components & Accessories,NYSE
HUBC,Foreign,L3,1231.0,3576.0,Computer Communications Equipment,"Nasdaq,Nasdaq,Nasdaq"
HUBG,United States,IL,1231.0,4731.0,Arrangement of  Transportation of  Freig,Nasdaq
HUBS,United States,NY,1231.0,7372.0,Services-Prepackaged Software,NYSE
HUDI,Foreign,E9,930.0,3317.0,Steel Pipe & Tubes,Nasdaq
HUHU,Foreign,F4,1231.0,3360.0,Nonferrous Foundries (Castings),Nasdaq
HUIZ,Foreign,E9,1231.0,6411.0,"Insurance Agents, Brokers & Service",Nasdaq
HUM,United States,DE,1231.0,6324.0,Hospital & Medical Service Plans,NYSE
HUMA,United States,DE,1231.0,2836.0,"Biological Products, (No Diagnostic Subs","Nasdaq,Nasdaq"
HUN,United States,DE,1231.0,2800.0,Chemicals & Allied Products,NYSE
HURA,United States,NV,1231.0,2834.0,Pharmaceutical Preparations,Nasdaq
HURC,United States,IN,1031.0,3823.0,"Industrial Instruments For Measurement, ",Nasdaq
HURN,United States,DE,1231.0,8742.0,Services-Management Consulting Services,Nasdaq
HUT,United States,DE,1231.0,6199.0,Finance Services,Nasdaq
HUYA,Foreign,E9,1231.0,7370.0,"Services-Computer Programming, Data Proc",NYSE
HVMC,United States,E9,1231.0,6770.0,Blank Checks,"Nasdaq,Nasdaq,Nasdaq"
HVT,United States,MD,1231.0,5712.0,Retail-Furniture Stores,"NYSE,NYSE"
HWBK,United States,MO,1231.0,6021.0,National Commercial Banks,Nasdaq
HWC,United States,MS,1231.0,6022.0,State Commercial Banks,"Nasdaq,Nasdaq"
HWH,United States,NV,1231.0,5122.0,"Wholesale-Drugs, Proprietaries & Druggis",Nasdaq
HWKE,United States,NV,630.0,3861.0,Photographic Equipment & Supplies,OTC
HWKN,United States,MN,328.0,5160.0,Wholesale-Chemicals & Allied Products,Nasdaq
HWM,United States,DE,1231.0,3350.0,Rolling Drawing & Extruding of  Nonferro,NYSE
HWNI,United States,NV,1231.0,4813.0,Telephone Communications (No Radioteleph,OTC
HXL,United States,DE,1231.0,2821.0,"Plastic Materials, Synth Resins & Nonvul",NYSE
HY,United States,DE,1231.0,3537.0,"Industrial Trucks, Tractors, Trailors & ",NYSE
HYEX,United States,NV,1231.0,2833.0,Medicinal Chemicals & Botanical Products,OTC
HYFM,United States,DE,1231.0,5190.0,Wholesale-Miscellaneous Nondurable Goods,Nasdaq
HYFT,Foreign,A1,430.0,2834.0,Pharmaceutical Preparations,Nasdaq
HYLN,United States,DE,1231.0,3713.0,Truck & Bus Bodies,NYSE
HYMC,United States,DE,1231.0,1040.0,Gold and Silver Ores,"Nasdaq,OTC"
HYNE,United States,DE,1231.0,6036.0,"Savings Institutions, Not Federally Char",Nasdaq
HYOR,United States,WY,1231.0,8711.0,Services-Engineering Services,OTC
HYPD,United States,DE,1231.0,2834.0,Pharmaceutical Preparations,Nasdaq
HYPG,United States,DE,1231.0,6221.0,Commodity Contracts Brokers & Dealers,Nasdaq
HYPR,United States,DE,1231.0,3845.0,Electromedical & Electrotherapeutic Appa,Nasdaq
HYSR,United States,NV,630.0,3674.0,Semiconductors & Related Devices,OTC
HZEN,United States,DE,1231.0,6221.0,Commodity Contracts Brokers & Dealers,OTC
HZO,United States,DE,930.0,5531.0,Retail-Auto & Home Supply Stores,NYSE
IAC,United States,DE,1231.0,7370.0,"Services-Computer Programming, Data Proc",Nasdaq
IACO,United States,E9,1231.0,6770.0,Blank Checks,"Nasdaq,Nasdaq,Nasdaq"
IAG,Foreign,A6,1231.0,1040.0,Gold and Silver Ores,NYSE
IART,United States,DE,1231.0,3841.0,Surgical & Medical Instruments & Apparat,Nasdaq
IAU,United States,NY,1231.0,6221.0,Commodity Contracts Brokers & Dealers,NYSE
IAUM,United States,NY,1231.0,6221.0,Commodity Contracts Brokers & Dealers,NYSE
IAUX,Foreign,A1,1231.0,1040.0,Gold and Silver Ores,"NYSE,NYSE"
IBAC,United States,NV,930.0,8731.0,Services-Commercial Physical & Biologica,"Nasdaq,Nasdaq"
IBATF,United States,A1,331.0,1400.0,Mining & Quarrying of  Nonmetallic Miner,OTC
IBCP,United States,MI,1231.0,6022.0,State Commercial Banks,Nasdaq
IBEX,Foreign,D0,630.0,7374.0,Services-Computer Processing & Data Prep,Nasdaq
IBG,Foreign,C3,1231.0,2080.0,Beverages,Nasdaq
IBIO,United States,DE,630.0,2834.0,Pharmaceutical Preparations,Nasdaq
IBIT,United States,DE,1231.0,6221.0,Commodity Contracts Brokers & Dealers,Nasdaq
IBKR,United States,DE,1231.0,6211.0,"Security Brokers, Dealers & Flotation Co",Nasdaq
IBM,United States,NY,1231.0,3570.0,Computer & office Equipment,NYSE
IBO,United States,NV,1231.0,2834.0,Pharmaceutical Preparations,NYSE
IBOC,United States,TX,1231.0,6022.0,State Commercial Banks,Nasdaq
IBP,United States,DE,1231.0,1520.0,General Bldg Contractors - Residential B,NYSE
IBRX,United States,DE,1231.0,2836.0,"Biological Products, (No Diagnostic Subs",Nasdaq
IBTA,United States,DE,1231.0,7310.0,Services-Advertising,NYSE
ICCC,United States,DE,1231.0,2835.0,In Vitro & In Vivo Diagnostic Substances,Nasdaq
ICCM,Foreign,L3,1231.0,3841.0,Surgical & Medical Instruments & Apparat,Nasdaq
ICE,United States,DE,1231.0,6200.0,"Security & Commodity Brokers, Dealers, E",NYSE
ICFI,United States,DE,1231.0,8742.0,Services-Management Consulting Services,Nasdaq
ICG,Foreign,E9,1231.0,3674.0,Semiconductors & Related Devices,Nasdaq
ICHR,United States,E9,1227.0,3674.0,Semiconductors & Related Devices,Nasdaq
ICL,Foreign,L3,1231.0,2870.0,Agricultural Chemicals,NYSE
ICLR,Foreign,,,8731.0,Services-Commercial Physical & Biologica,Nasdaq
ICMB,United States,MD,1231.0,,,Nasdaq
ICON,Foreign,1T,,4412.0,Deep Sea Foreign Transportation of  Frei,Nasdaq
ICRP,United States,MD,1231.0,6798.0,Real Estate Investment Trusts,"NYSE,OTC,OTC"
ICTSF,Foreign,P7,1231.0,7389.0,"Services-Business Services, NEC",OTC
ICU,United States,CO,1231.0,3841.0,Surgical & Medical Instruments & Apparat,"Nasdaq,Nasdaq"
ICUI,United States,DE,1231.0,3841.0,Surgical & Medical Instruments & Apparat,Nasdaq
IDA,United States,ID,1231.0,4911.0,Electric Services,NYSE
IDAC,United States,E9,1231.0,6770.0,Blank Checks,"Nasdaq,Nasdaq,Nasdaq"
IDAI,United States,DE,1231.0,7372.0,Services-Prepackaged Software,Nasdaq
IDCC,United States,,1231.0,6794.0,Patent Owners & Lessors,Nasdaq
IDN,United States,DE,1231.0,7372.0,Services-Prepackaged Software,Nasdaq
IDR,United States,ID,1231.0,1040.0,Gold and Silver Ores,NYSE
IDT,United States,DE,731.0,4813.0,Telephone Communications (No Radioteleph,NYSE
IDXG,United States,DE,1231.0,3841.0,Surgical & Medical Instruments & Apparat,OTC
IDXX,United States,DE,1231.0,2835.0,In Vitro & In Vivo Diagnostic Substances,Nasdaq
IDYA,United States,DE,1231.0,2834.0,Pharmaceutical Preparations,Nasdaq
IE,United States,DE,1231.0,1000.0,Metal Mining,NYSE
IEHC,United States,NY,331.0,3678.0,Electronic Connectors,OTC
IEP,United States,DE,1231.0,2911.0,Petroleum Refining,Nasdaq
IESC,United States,DE,930.0,1731.0,Electrical Work,Nasdaq
IEX,United States,DE,1231.0,3561.0,Pumps & Pumping Equipment,NYSE
IFBD,Foreign,E9,1231.0,7372.0,Services-Prepackaged Software,Nasdaq
IFF,United States,NY,1231.0,2860.0,Industrial Organic Chemicals,NYSE
IFRX,Foreign,P7,1231.0,2834.0,Pharmaceutical Preparations,Nasdaq
IFS,Foreign,,,6029.0,"Commercial Banks, NEC",NYSE
IGC,United States,MD,1231.0,2834.0,Pharmaceutical Preparations,NYSE
IGIC,Foreign,D0,1231.0,6399.0,"Insurance Carriers, NEC",Nasdaq
IGTA,United States,,1231.0,6770.0,Blank Checks,
IH,Foreign,E9,1231.0,8200.0,Services-Educational Services,NYSE
IHG,Foreign,DE,1231.0,7011.0,Hotels & Motels,"NYSE,OTC"
IHRT,United States,,1231.0,4832.0,Radio Broadcasting Stations,"Nasdaq,OTC,OTC"
IHS,Foreign,O4,1231.0,4812.0,Radiotelephone Communications,NYSE
IHT,United States,OH,131.0,6798.0,Real Estate Investment Trusts,NYSE
III,United States,DE,1231.0,8742.0,Services-Management Consulting Services,Nasdaq
IIIN,United States,NC,1003.0,3310.0,"Steel Works, Blast Furnaces & Rolling & ",NYSE
IIIV,United States,DE,930.0,7372.0,Services-Prepackaged Software,Nasdaq
IIPR,United States,,1231.0,6500.0,Real Estate,"NYSE,NYSE"
IKT,United States,DE,1231.0,2836.0,"Biological Products, (No Diagnostic Subs",Nasdaq
ILAG,Foreign,K3,1231.0,2540.0,"Partitions, Shelvg, Lockers, & of fice &",Nasdaq
ILAL,United States,WY,1231.0,6552.0,Land Subdividers & Developers (No Cemete,OTC
ILLMF,Foreign,Z4,1231.0,7374.0,Services-Computer Processing & Data Prep,OTC
ILLR,Foreign,DE,1231.0,6282.0,Investment Advice,"Nasdaq,Nasdaq"
ILLU,United States,E9,1231.0,6770.0,Blank Checks,"Nasdaq,Nasdaq,Nasdaq"
ILMN,United States,DE,103.0,3826.0,Laboratory Analytical Instruments,Nasdaq
ILPT,United States,MD,1231.0,6798.0,Real Estate Investment Trusts,Nasdaq
ILXP,United States,,1231.0,1400.0,Mining & Quarrying of  Nonmetallic Miner,"None,OTC"
IMA,United States,DE,1231.0,2836.0,"Biological Products, (No Diagnostic Subs",Nasdaq
IMAA,United States,,430.0,7372.0,Services-Prepackaged Software,
IMAQ,United States,DE,331.0,7812.0,Services-Motion Picture & Video Tape Pro,"OTC,OTC,OTC,OTC"
IMAX,United States,A6,1231.0,3861.0,Photographic Equipment & Supplies,NYSE
IMCC,Foreign,A1,1231.0,2833.0,Medicinal Chemicals & Botanical Products,Nasdaq
IMCR,Foreign,X0,1231.0,2836.0,"Biological Products, (No Diagnostic Subs",Nasdaq
IMDX,United States,CA,1231.0,2835.0,In Vitro & In Vivo Diagnostic Substances,Nasdaq
IMMP,Foreign,C3,630.0,2834.0,Pharmaceutical Preparations,"Nasdaq,OTC"
IMMR,United States,DE,430.0,3577.0,"Computer Peripheral Equipment, NEC",Nasdaq
IMMX,United States,DE,1231.0,2834.0,Pharmaceutical Preparations,Nasdaq
IMNM,United States,DE,1231.0,2834.0,Pharmaceutical Preparations,Nasdaq
IMNN,United States,DE,1231.0,2834.0,Pharmaceutical Preparations,Nasdaq
IMO,United States,,1231.0,2911.0,Petroleum Refining,NYSE
IMOS,Foreign,F5,1231.0,3674.0,Semiconductors & Related Devices,Nasdaq
IMPP,Foreign,1T,1231.0,4412.0,Deep Sea Foreign Transportation of  Frei,"Nasdaq,Nasdaq"
IMRN,Foreign,C3,630.0,2834.0,Pharmaceutical Preparations,Nasdaq
IMRX,United States,DE,1231.0,2834.0,Pharmaceutical Preparations,Nasdaq
IMSR,United States,DE,1231.0,3443.0,Fabricated Plate Work (Boiler Shops),"Nasdaq,Nasdaq"
IMTE,Foreign,C3,1231.0,3651.0,Household Audio & Video Equipment,Nasdaq
KRMN,United States,DE,1231.0,3728.0,"Aircraft Parts & Auxiliary Equipment, NE",NYSE
KRNT,Foreign,L3,1231.0,3555.0,Printing Trades Machinery & Equipment,Nasdaq
KRNY,United States,,630.0,6035.0,"Savings Institution, Federally Chartered",Nasdaq
KRO,United States,,1231.0,2810.0,Industrial Inorganic Chemicals,NYSE
KROS,United States,,1231.0,2834.0,Pharmaceutical Preparations,Nasdaq
KRP,United States,DE,1231.0,1311.0,Crude Petroleum & Natural Gas,NYSE
KRRO,United States,DE,1231.0,2834.0,Pharmaceutical Preparations,Nasdaq
KRT,United States,DE,1231.0,3089.0,"Plastics Products, NEC",Nasdaq
KRUS,United States,DE,831.0,5812.0,Retail-Eating  Places,Nasdaq
KRYS,United States,,1231.0,2836.0,"Biological Products, (No Diagnostic Subs",Nasdaq
KSCP,United States,DE,1231.0,3669.0,"Communications Equipment, NEC",Nasdaq
KSEZ,United States,CO,1231.0,6770.0,Blank Checks,OTC
KSPI,Foreign,1P,1231.0,7389.0,"Services-Business Services, NEC",Nasdaq
KSS,United States,WI,129.0,5311.0,Retail-Department Stores,NYSE
KT,Foreign,,1231.0,4813.0,Telephone Communications (No Radioteleph,NYSE
KTB,United States,NC,1230.0,2320.0,"Men's & Boys' Furnishgs, Work Clothg, & ",NYSE
KTCC,United States,WA,628.0,3672.0,Printed Circuit Boards,Nasdaq
KTEL,United States,,1231.0,4899.0,"Communications Services, NEC",OTC
KTOS,United States,DE,1227.0,3760.0,Guided Missiles & Space Vehicles & Parts,Nasdaq
KTTA,United States,DE,1231.0,2834.0,Pharmaceutical Preparations,"Nasdaq,Nasdaq"
KUBR,United States,NV,1231.0,4832.0,Radio Broadcasting Stations,OTC
KUKEY,Foreign,E9,1231.0,8200.0,Services-Educational Services,OTC
KULR,United States,DE,1231.0,3670.0,Electronic Components & Accessories,NYSE
KURA,United States,DE,1231.0,2834.0,Pharmaceutical Preparations,Nasdaq
KUST,United States,NV,1231.0,3663.0,Radio & Tv Broadcasting & Communications,Nasdaq
KVAC,United States,,1231.0,6770.0,Blank Checks,"Nasdaq,Nasdaq,Nasdaq"
KVHI,United States,DE,1231.0,4899.0,"Communications Services, NEC",Nasdaq
KVUE,United States,DE,103.0,2844.0,"Perfumes, Cosmetics & Other Toilet Prepa",NYSE
KVYO,United States,DE,1231.0,7372.0,Services-Prepackaged Software,NYSE
KWIK,United States,DE,1231.0,7374.0,Services-Computer Processing & Data Prep,OTC
KWM,Foreign,E9,1231.0,7819.0,Services-Allied To Motion Picture Produc,"Nasdaq,Nasdaq"
KWR,United States,PA,1231.0,2990.0,Miscellaneous Products of  Petroleum & C,NYSE
KWY,United States,DE,1231.0,6331.0,"Fire, Marine & Casualty Insurance",NYSE
KXIN,Foreign,E9,1231.0,5500.0,Retail-Auto Dealers & Gasoline Stations,Nasdaq
KYIV,Foreign,D0,1231.0,4812.0,Radiotelephone Communications,"Nasdaq,Nasdaq"
KYMR,United States,DE,1231.0,2836.0,"Biological Products, (No Diagnostic Subs",Nasdaq
KYNB,United States,,1231.0,2834.0,Pharmaceutical Preparations,Nasdaq
KYOCF,Foreign,,331.0,3674.0,Semiconductors & Related Devices,
KYTX,United States,DE,1231.0,2836.0,"Biological Products, (No Diagnostic Subs",Nasdaq
KZIA,Foreign,C3,630.0,2834.0,Pharmaceutical Preparations,Nasdaq
L,United States,DE,1231.0,6331.0,"Fire, Marine & Casualty Insurance",NYSE
LAB,United States,DE,1231.0,2834.0,Pharmaceutical Preparations,Nasdaq
LABT,United States,NV,1231.0,2834.0,Pharmaceutical Preparations,Nasdaq
LAC,Foreign,A1,1231.0,1000.0,Metal Mining,NYSE
LAD,United States,OR,1231.0,5500.0,Retail-Auto Dealers & Gasoline Stations,NYSE
LADR,United States,DE,1231.0,6798.0,Real Estate Investment Trusts,NYSE
LAES,Foreign,D8,1231.0,3674.0,Semiconductors & Related Devices,Nasdaq
LAFA,United States,E9,1231.0,6770.0,Blank Checks,"Nasdaq,Nasdaq,Nasdaq"
LAKE,United States,DE,131.0,3842.0,"Orthopedic, Prosthetic & Surgical Applia",Nasdaq
LAMR,United States,DE,1231.0,6798.0,Real Estate Investment Trusts,Nasdaq
LAND,United States,MD,1231.0,6798.0,Real Estate Investment Trusts,"Nasdaq,Nasdaq,Nasdaq"
LANV,Foreign,E9,1231.0,2300.0,Apparel & Other Finishd Prods of  Fabric,NYSE
LAR,Foreign,V8,1231.0,1000.0,Metal Mining,NYSE
LARK,United States,CA,1231.0,6021.0,National Commercial Banks,Nasdaq
LASE,United States,WY,1231.0,3690.0,"Miscellaneous Electrical Machinery, Equi",Nasdaq
LASR,United States,DE,1231.0,3674.0,Semiconductors & Related Devices,Nasdaq
LAUR,United States,DE,1231.0,8200.0,Services-Educational Services,Nasdaq
LAW,United States,DE,1231.0,7372.0,Services-Prepackaged Software,NYSE
LAWR,Foreign,M0,331.0,7370.0,"Services-Computer Programming, Data Proc",Nasdaq
LAZ,United States,DE,1231.0,6282.0,Investment Advice,NYSE
LB,United States,DE,1231.0,6792.0,Oil Royalty Traders,NYSE
LBGJ,Foreign,E9,,3580.0,Refrigeration & Service Industry Machine,Nasdaq
LBRA,United States,DE,1231.0,8742.0,Services-Management Consulting Services,OTC
LBRDA,United States,,1231.0,4841.0,Cable & Other Pay Television Services,"Nasdaq,OTC,Nasdaq,Nasdaq"
LBRT,United States,,1231.0,1389.0,"Oil & Gas Field Services, NEC",NYSE
LBRX,United States,DE,1231.0,2834.0,Pharmaceutical Preparations,Nasdaq
LBSR,United States,NV,131.0,1000.0,Metal Mining,OTC
LBTYA,United States,,1231.0,4841.0,Cable & Other Pay Television Services,"Nasdaq,Nasdaq,Nasdaq"
LC,United States,DE,1231.0,6141.0,Personal Credit Institutions,Nasdaq
LCCC,United States,,1231.0,6770.0,Blank Checks,"Nasdaq,Nasdaq,Nasdaq"
LCFY,Foreign,C3,,7370.0,"Services-Computer Programming, Data Proc","Nasdaq,Nasdaq"
LCGMF,Foreign,A1,1231.0,1000.0,Metal Mining,OTC
LCHD,United States,NV,831.0,7371.0,Services-Computer Programming Services,
LCID,United States,DE,1231.0,3711.0,Motor Vehicles & Passenger Car Bodies,Nasdaq
LCII,United States,DE,1231.0,3714.0,Motor Vehicle Parts & Accessories,NYSE
LCLN,United States,DE,1231.0,6282.0,Investment Advice,NYSE
LCNB,United States,OH,1231.0,6021.0,National Commercial Banks,Nasdaq
LCTC,United States,CO,1231.0,3826.0,Laboratory Analytical Instruments,OTC
LCTX,United States,CA,1231.0,2836.0,"Biological Products, (No Diagnostic Subs",NYSE
LCUT,United States,DE,1231.0,3420.0,"Cutlery, Handtools & General Hardware",Nasdaq
LDDD,United States,NV,630.0,8000.0,Services-Health Services,OTC
LDI,United States,,1231.0,6199.0,Finance Services,NYSE
LDOS,United States,,101.0,7373.0,Services-Computer Integrated Systems Des,NYSE
LDXC,United States,WY,531.0,7371.0,Services-Computer Programming Services,OTC
LE,United States,DE,131.0,5651.0,Retail-Family Clothing Stores,Nasdaq
LEA,United States,DE,1231.0,3714.0,Motor Vehicle Parts & Accessories,NYSE
LEAT,United States,NV,1231.0,3751.0,"Motorcycles, Bicycles & Parts",OTC
LECO,United States,OH,1231.0,3540.0,Metalworkg Machinery & Equipment,Nasdaq
LEDS,United States,,831.0,3674.0,Semiconductors & Related Devices,Nasdaq
LEE,United States,DE,929.0,2711.0,Newspapers: Publishing or  Publishing & ,Nasdaq
LEEEF,United States,A1,1231.0,2833.0,Medicinal Chemicals & Botanical Products,OTC
LEEN,United States,NV,731.0,8742.0,Services-Management Consulting Services,OTC
LEG,United States,MO,1231.0,2510.0,Household Furniture,NYSE
LEGH,United States,TX,1231.0,2451.0,Mobile Homes,Nasdaq
LEGN,Foreign,E9,1231.0,2834.0,Pharmaceutical Preparations,Nasdaq
LEGO,United States,E9,831.0,6770.0,Blank Checks,"NYSE,NYSE,NYSE"
LEN,United States,DE,1130.0,1520.0,General Bldg Contractors - Residential B,"NYSE,NYSE"
LENZ,United States,DE,1231.0,2836.0,"Biological Products, (No Diagnostic Subs",Nasdaq
LESL,United States,DE,1004.0,5990.0,"Retail-Retail Stores, NEC",Nasdaq
LEU,United States,DE,1231.0,1400.0,Mining & Quarrying of  Nonmetallic Miner,NYSE
LEVI,United States,DE,1129.0,2300.0,Apparel & Other Finishd Prods of  Fabric,NYSE
LEXX,United States,NV,831.0,2834.0,Pharmaceutical Preparations,Nasdaq
LFAC,United States,E9,1231.0,6770.0,Blank Checks,"Nasdaq,Nasdaq,Nasdaq"
LFCR,United States,DE,525.0,2834.0,Pharmaceutical Preparations,Nasdaq
LFMD,United States,DE,1231.0,8011.0,Services-Offices & Clinics of  Doctors o,"Nasdaq,Nasdaq"
LFS,Foreign,M0,1231.0,8200.0,Services-Educational Services,Nasdaq
LFST,United States,DE,1231.0,8000.0,Services-Health Services,Nasdaq
LFT,United States,MD,1231.0,6798.0,Real Estate Investment Trusts,"NYSE,NYSE"
LFTO,United States,DE,1231.0,7374.0,Services-Computer Processing & Data Prep,Nasdaq
LFUS,United States,DE,1226.0,3613.0,Switchgear & Switchboard Apparatus,Nasdaq
LFVN,United States,,630.0,2834.0,Pharmaceutical Preparations,Nasdaq
LFWD,Foreign,L3,1231.0,3842.0,"Orthopedic, Prosthetic & Surgical Applia",Nasdaq
LGCL,Foreign,E9,,7370.0,"Services-Computer Programming, Data Proc",Nasdaq
LGCY,United States,NV,630.0,8200.0,Services-Educational Services,NYSE
LGHL,Foreign,E9,1231.0,6211.0,"Security Brokers, Dealers & Flotation Co",Nasdaq
LGIH,United States,DE,1231.0,1531.0,Operative Builders,Nasdaq
LGL,United States,DE,1231.0,3679.0,"Electronic Components, NEC",NYSE
LGMK,United States,NV,1231.0,3842.0,"Orthopedic, Prosthetic & Surgical Applia",OTC
LGN,United States,DE,1231.0,1700.0,Construction - Special Trade Contractors,Nasdaq
LGND,United States,DE,1231.0,2834.0,Pharmaceutical Preparations,"Nasdaq,OTC,OTC,OTC,OTC"
LGO,Foreign,A6,,1400.0,Mining & Quarrying of  Nonmetallic Miner,Nasdaq
LGPS,Foreign,M0,331.0,1531.0,Operative Builders,NYSE
LGVN,United States,DE,1231.0,2834.0,Pharmaceutical Preparations,Nasdaq
LH,United States,,1231.0,8071.0,Services-Medical Laboratories,NYSE
LHAI,United States,NV,1231.0,6531.0,Real Estate Agents & Managers (For Other,Nasdaq
LHSW,Foreign,E9,331.0,7372.0,Services-Prepackaged Software,Nasdaq
LHX,United States,DE,102.0,3812.0,"Search, Detection, Navigation, Guidance,",NYSE
LI,Foreign,E9,1231.0,3711.0,Motor Vehicles & Passenger Car Bodies,"Nasdaq,OTC"
LIANY,United States,E9,1231.0,2834.0,Pharmaceutical Preparations,
LIDR,United States,DE,1231.0,3714.0,Motor Vehicle Parts & Accessories,"Nasdaq,Nasdaq"
LIEN,United States,MD,1231.0,,,Nasdaq
LIF,United States,DE,1231.0,7374.0,Services-Computer Processing & Data Prep,"Nasdaq,OTC"
LIFD,United States,NV,1231.0,2834.0,Pharmaceutical Preparations,OTC
LIFE,United States,DE,1231.0,6411.0,"Insurance Agents, Brokers & Service",Nasdaq
LII,United States,DE,1231.0,3585.0,Air-Cond & Warm Air Heatg Equip & Comm &,NYSE
LILA,United States,D0,1231.0,4841.0,Cable & Other Pay Television Services,"Nasdaq,Nasdaq,OTC,Nasdaq"
LIME,United States,DE,1231.0,7372.0,Services-Prepackaged Software,Nasdaq
LIMN,United States,DE,1231.0,2836.0,"Biological Products, (No Diagnostic Subs","Nasdaq,Nasdaq"
LIMX,United States,DE,1231.0,7990.0,Services-Miscellaneous Amusement & Recre,OTC
LIN,United States,L2,1231.0,2810.0,Industrial Inorganic Chemicals,Nasdaq
LINC,United States,NJ,1231.0,8200.0,Services-Educational Services,Nasdaq
LIND,United States,DE,1231.0,4700.0,Transportation Services,Nasdaq
LINE,United States,MD,1231.0,6798.0,Real Estate Investment Trusts,Nasdaq
LINK,United States,NV,1231.0,3577.0,"Computer Peripheral Equipment, NEC",Nasdaq
LINMF,Foreign,,331.0,1000.0,Metal Mining,"None,OTC"
LION,United States,,331.0,7812.0,Services-Motion Picture & Video Tape Pro,NYSE
LIPO,United States,DE,1231.0,2834.0,Pharmaceutical Preparations,OTC
LIQT,United States,NV,1231.0,3590.0,Misc Industrial & Commercial Machinery &,Nasdaq
LITB,Foreign,,,5961.0,Retail-Catalog & Mail-Order Houses,NYSE
LITE,United States,DE,627.0,3669.0,"Communications Equipment, NEC",Nasdaq
LITS,United States,DE,630.0,2834.0,Pharmaceutical Preparations,Nasdaq
LIVE,United States,NV,930.0,5900.0,Retail-Miscellaneous Retail,Nasdaq
LIVG,United States,NV,1231.0,7372.0,Services-Prepackaged Software,OTC
LIVN,United States,X0,1231.0,3845.0,Electromedical & Electrotherapeutic Appa,Nasdaq
LIXT,United States,DE,1231.0,2834.0,Pharmaceutical Preparations,Nasdaq
LKFN,United States,IN,1231.0,6022.0,State Commercial Banks,Nasdaq
LKFT,Foreign,C9,,2834.0,Pharmaceutical Preparations,"Nasdaq,OTC"
LKQ,United States,DE,1231.0,5010.0,Wholesale-Motor Vehicles & Motor Vehicle,Nasdaq
LKSP,United States,,1231.0,6770.0,Blank Checks,"Nasdaq,Nasdaq,Nasdaq"
LLY,United States,IN,1231.0,2834.0,Pharmaceutical Preparations,NYSE
LLYVA,United States,NV,1231.0,7900.0,Services-Amusement & Recreation Services,"Nasdaq,OTC,Nasdaq"
LMAT,United States,,1231.0,3841.0,Surgical & Medical Instruments & Apparat,Nasdaq
LMB,United States,DE,1231.0,1700.0,Construction - Special Trade Contractors,Nasdaq
LMED,United States,NV,1231.0,7370.0,"Services-Computer Programming, Data Proc","None,OTC"
LMFA,United States,DE,1231.0,6199.0,Finance Services,Nasdaq
LMMY,United States,WY,531.0,8200.0,Services-Educational Services,
LMND,United States,DE,1231.0,6331.0,"Fire, Marine & Casualty Insurance",NYSE
LMNR,United States,DE,1031.0,100.0,Agricultural Production-Crops,Nasdaq
LMRI,United States,DE,1231.0,8071.0,Services-Medical Laboratories,Nasdaq
LMT,United States,MD,1231.0,3760.0,Guided Missiles & Space Vehicles & Parts,NYSE
LNAI,United States,DE,630.0,2834.0,Pharmaceutical Preparations,Nasdaq
LNC,United States,IN,1231.0,6311.0,Life Insurance,"NYSE,NYSE"
LND,Foreign,D5,630.0,100.0,Agricultural Production-Crops,NYSE
LNG,United States,DE,1231.0,4924.0,Natural Gas Distribution,NYSE
LNN,United States,DE,831.0,3523.0,Farm Machinery & Equipment,NYSE
LNSR,United States,DE,1231.0,3841.0,Surgical & Medical Instruments & Apparat,Nasdaq
LNT,United States,WI,1231.0,4931.0,Electric & Other Services Combined,Nasdaq
LNTH,United States,DE,1231.0,2835.0,In Vitro & In Vivo Diagnostic Substances,Nasdaq
LNWO,United States,NV,1231.0,7373.0,Services-Computer Integrated Systems Des,"OTC,OTC"
LNZA,United States,DE,1231.0,2860.0,Industrial Organic Chemicals,"Nasdaq,Nasdaq"
LOAN,United States,NY,1231.0,6798.0,Real Estate Investment Trusts,Nasdaq
LOAR,United States,DE,1231.0,3728.0,"Aircraft Parts & Auxiliary Equipment, NE",NYSE
LOB,United States,NC,1231.0,6022.0,State Commercial Banks,"NYSE,NYSE"
LOBO,Foreign,,,3751.0,"Motorcycles, Bicycles & Parts",Nasdaq
LOCL,United States,DE,1231.0,100.0,Agricultural Production-Crops,"NYSE,OTC"
LOCO,United States,DE,1230.0,5812.0,Retail-Eating  Places,Nasdaq
LODE,United States,NV,1231.0,2860.0,Industrial Organic Chemicals,NYSE
LOGC,United States,DE,1231.0,1400.0,Mining & Quarrying of  Nonmetallic Miner,OTC
LOGI,United States,,331.0,3577.0,"Computer Peripheral Equipment, NEC",Nasdaq
LOMA,Foreign,,,3241.0,"Cement, Hydraulic",NYSE
LONA,United States,,1231.0,2836.0,"Biological Products, (No Diagnostic Subs",Nasdaq
LOOP,United States,NV,228.0,2800.0,Chemicals & Allied Products,Nasdaq
LOPE,United States,DE,1231.0,8200.0,Services-Educational Services,Nasdaq
LOT,Foreign,E9,1231.0,3711.0,Motor Vehicles & Passenger Car Bodies,"Nasdaq,Nasdaq"
LOTT,United States,SD,1231.0,7371.0,Services-Computer Programming Services,OTC
LOVE,United States,DE,204.0,5712.0,Retail-Furniture Stores,Nasdaq
LOW,United States,NC,131.0,5211.0,Retail-Lumber & Other Building Materials,NYSE
LPA,Foreign,,1231.0,6500.0,Real Estate,NYSE
LPAA,United States,E9,1231.0,6770.0,Blank Checks,"Nasdaq,Nasdaq,Nasdaq"
LPCN,United States,DE,1231.0,2834.0,Pharmaceutical Preparations,Nasdaq
LPCV,United States,E9,1231.0,6770.0,Blank Checks,"Nasdaq,Nasdaq,Nasdaq"
LPG,Foreign,1T,331.0,4412.0,Deep Sea Foreign Transportation of  Frei,NYSE
LPL,Foreign,M5,1231.0,3679.0,"Electronic Components, NEC",NYSE
LPLA,United States,DE,1231.0,6200.0,"Security & Commodity Brokers, Dealers, E",Nasdaq
LPRO,United States,,1231.0,6141.0,Personal Credit Institutions,Nasdaq
LPSN,United States,DE,1231.0,7372.0,Services-Prepackaged Software,Nasdaq
LPTH,United States,DE,630.0,3674.0,Semiconductors & Related Devices,Nasdaq
LPX,United States,DE,1231.0,2400.0,Lumber & Wood Products (No Furniture),NYSE
LQDA,United States,DE,1231.0,2834.0,Pharmaceutical Preparations,Nasdaq
LQDT,United States,DE,930.0,7389.0,"Services-Business Services, NEC",Nasdaq
LQMT,United States,DE,1231.0,2800.0,Chemicals & Allied Products,OTC
LRCX,United States,DE,628.0,3559.0,"Special Industry Machinery, NEC",Nasdaq
LRDC,United States,DE,531.0,1311.0,Crude Petroleum & Natural Gas,OTC
LRE,Foreign,M0,630.0,1531.0,Operative Builders,Nasdaq
LRHC,United States,NV,1231.0,6531.0,Real Estate Agents & Managers (For Other,Nasdaq
LRMR,United States,DE,1231.0,2834.0,Pharmaceutical Preparations,Nasdaq
LRN,United States,DE,630.0,8200.0,Services-Educational Services,NYSE
LSAK,United States,FL,630.0,6099.0,"Functions Related To Depository Banking,",Nasdaq
LSBCF,Foreign,E9,331.0,2834.0,Pharmaceutical Preparations,
LSBK,United States,MD,1231.0,6035.0,"Savings Institution, Federally Chartered",Nasdaq
LSCC,United States,DE,102.0,3674.0,Semiconductors & Related Devices,Nasdaq
LSE,Foreign,E9,930.0,3533.0,Oil & Gas Field Machinery & Equipment,Nasdaq
LSEB,United States,WY,331.0,2320.0,"Men's & Boys' Furnishgs, Work Clothg, & ",OTC
LSF,United States,NV,1231.0,2000.0,Food and Kindred Products,NYSE
LSH,United States,NV,630.0,4731.0,Arrangement of  Transportation of  Freig,Nasdaq
LSPD,Foreign,Z4,331.0,7372.0,Services-Prepackaged Software,NYSE
LSTA,United States,DE,1231.0,2834.0,Pharmaceutical Preparations,Nasdaq
LSTR,United States,DE,1230.0,4213.0,Trucking (No Local),Nasdaq
LTBR,United States,NV,1231.0,2810.0,Industrial Inorganic Chemicals,Nasdaq
LTC,United States,MD,1231.0,6798.0,Real Estate Investment Trusts,NYSE
LTCH,United States,DE,1231.0,5072.0,Wholesale-Hardware,OTC
LTCN,United States,DE,630.0,6221.0,Commodity Contracts Brokers & Dealers,OTC
LTESF,Foreign,D8,1231.0,7372.0,Services-Prepackaged Software,
LTH,United States,DE,1231.0,7997.0,Services-Membership Sports & Recreation ,NYSE
LTM,Foreign,,1231.0,4512.0,"Air Transportation, Scheduled",NYSE
LTRN,United States,TX,1231.0,2834.0,Pharmaceutical Preparations,Nasdaq
LTRX,United States,DE,630.0,3576.0,Computer Communications Equipment,Nasdaq
LTSV,United States,MD,1231.0,6798.0,Real Estate Investment Trusts,OTC
LTUM,United States,,1231.0,1000.0,Metal Mining,OTC
LU,Foreign,E9,1231.0,6199.0,Finance Services,NYSE
LUCD,United States,DE,1231.0,3841.0,Surgical & Medical Instruments & Apparat,Nasdaq
LUCK,United States,VA,629.0,7900.0,Services-Amusement & Recreation Services,NYSE
LUCN,United States,NV,1231.0,7389.0,"Services-Business Services, NEC",
LUCY,United States,FL,1231.0,3851.0,Ophthalmic Goods,"Nasdaq,Nasdaq"
LUD,Foreign,,,3317.0,Steel Pipe & Tubes,NYSE
LUDG,United States,NV,1231.0,8071.0,Services-Medical Laboratories,OTC
LULU,United States,DE,202.0,2300.0,Apparel & Other Finishd Prods of  Fabric,Nasdaq
LUMN,United States,LA,1231.0,4813.0,Telephone Communications (No Radioteleph,NYSE
LUNG,United States,DE,1231.0,3841.0,Surgical & Medical Instruments & Apparat,Nasdaq
LUNR,United States,DE,1231.0,3812.0,"Search, Detection, Navigation, Guidance,",Nasdaq
LUV,United States,TX,1231.0,4512.0,"Air Transportation, Scheduled",NYSE
LUVU,United States,FL,630.0,2510.0,Household Furniture,OTC
LUXE,Foreign,P7,630.0,5961.0,Retail-Catalog & Mail-Order Houses,NYSE
LVLU,United States,DE,103.0,5961.0,Retail-Catalog & Mail-Order Houses,Nasdaq
LVO,United States,DE,331.0,5812.0,Retail-Eating  Places,Nasdaq
LVPA,United States,NV,131.0,6799.0,"Investors, NEC",
LVRLF,Foreign,A6,630.0,7900.0,Services-Amusement & Recreation Services,OTC
LVS,United States,NV,1231.0,7011.0,Hotels & Motels,NYSE
LVWR,United States,DE,1231.0,3751.0,"Motorcycles, Bicycles & Parts","NYSE,NYSE"
LW,United States,DE,531.0,2030.0,"Canned, Frozen & Preservd Fruit, Veg & F",NYSE
LWAY,United States,IL,1231.0,2020.0,Dairy Products,Nasdaq
LWLG,United States,NV,1231.0,3080.0,Miscellaneous Plastics Products,Nasdaq
LXEH,Foreign,,,8200.0,Services-Educational Services,Nasdaq
LXEO,United States,,1231.0,2836.0,"Biological Products, (No Diagnostic Subs",Nasdaq
LXFR,Foreign,X0,1231.0,2810.0,Industrial Inorganic Chemicals,NYSE
LXP,United States,MD,1231.0,6798.0,Real Estate Investment Trusts,"NYSE,NYSE"
LXRX,United States,DE,1231.0,2834.0,Pharmaceutical Preparations,Nasdaq
LXU,United States,DE,1231.0,2810.0,Industrial Inorganic Chemicals,NYSE
LYB,United States,P7,1231.0,2860.0,Industrial Organic Chemicals,NYSE
LYEL,United States,DE,1231.0,2834.0,Pharmaceutical Preparations,Nasdaq
LYFT,United States,DE,1231.0,7389.0,"Services-Business Services, NEC",Nasdaq
LYG,Foreign,X0,,6029.0,"Commercial Banks, NEC","NYSE,OTC,OTC"
LYRA,United States,DE,1231.0,3841.0,Surgical & Medical Instruments & Apparat,OTC
LYTHF,Foreign,D8,331.0,7374.0,Services-Computer Processing & Data Prep,OTC
LYTS,United States,OH,630.0,3640.0,Electric Lighting & Wiring Equipment,Nasdaq
LYV,United States,DE,1231.0,7900.0,Services-Amusement & Recreation Services,NYSE
LZ,United States,DE,1231.0,7374.0,Services-Computer Processing & Data Prep,Nasdaq
LZB,United States,MI,425.0,2510.0,Household Furniture,NYSE
LZM,Foreign,Y8,1231.0,1000.0,Metal Mining,"NYSE,NYSE"
M,United States,DE,201.0,5311.0,Retail-Department Stores,NYSE
MA,United States,DE,1231.0,7389.0,"Services-Business Services, NEC",NYSE
MAA,United States,TN,1231.0,6798.0,Real Estate Investment Trusts,"None,NYSE,NYSE"
MAAS,Foreign,E9,630.0,6282.0,Investment Advice,Nasdaq
MAC,United States,MD,1231.0,6798.0,Real Estate Investment Trusts,NYSE
MACT,United States,DE,1231.0,4813.0,Telephone Communications (No Radioteleph,
MAGE,United States,NV,1231.0,1000.0,Metal Mining,OTC
MAGH,Foreign,E9,430.0,1731.0,Electrical Work,Nasdaq
MAGN,United States,PA,926.0,2621.0,Paper Mills,NYSE
MAIA,United States,DE,1231.0,2834.0,Pharmaceutical Preparations,NYSE
MAIN,United States,MD,1231.0,,,NYSE
MAIR,United States,DE,1231.0,3564.0,Industrial & Commercial Fans & Blowers &,NYSE
MAJI,United States,FL,1231.0,4899.0,"Communications Services, NEC",OTC
MALG,United States,NV,1231.0,2080.0,Beverages,OTC
MAMA,United States,NV,131.0,2013.0,Sausages & Other Prepared Meat Products,Nasdaq
MAMO,United States,NV,,3790.0,Miscellaneous Transportation Equipment,Nasdaq
MAN,United States,WI,1231.0,7363.0,Services-Help Supply Services,NYSE
MANE,United States,DE,1231.0,2834.0,Pharmaceutical Preparations,NYSE
MANH,United States,GA,1231.0,7372.0,Services-Prepackaged Software,Nasdaq
MAPS,United States,E9,1231.0,7372.0,Services-Prepackaged Software,OTC
MAR,United States,DE,1231.0,7011.0,Hotels & Motels,Nasdaq
MARA,United States,NV,1231.0,6199.0,Finance Services,Nasdaq
MAS,United States,DE,1231.0,3430.0,"Heating Equip, Except Elec & Warm Air; &",NYSE
MASS,United States,DE,1231.0,3826.0,Laboratory Analytical Instruments,Nasdaq
MAT,United States,DE,1231.0,3942.0,Dolls & Stuffed Toys,Nasdaq
MATH,Foreign,K3,,6199.0,Finance Services,Nasdaq
MATV,United States,DE,1231.0,2621.0,Paper Mills,NYSE
MATW,United States,PA,930.0,3360.0,Nonferrous Foundries (Castings),Nasdaq
MATX,United States,HI,1231.0,4400.0,Water Transportation,NYSE
MAX,United States,DE,1231.0,7389.0,"Services-Business Services, NEC",NYSE
MAXNQ,Foreign,U0,1231.0,3674.0,Semiconductors & Related Devices,OTC
MAYS,United States,NY,731.0,6512.0,Opeators of  Nonresidential Buildings,Nasdaq
MAZE,United States,DE,1231.0,2836.0,"Biological Products, (No Diagnostic Subs",Nasdaq
MB,Foreign,K3,1231.0,5812.0,Retail-Eating  Places,Nasdaq
MBAI,Foreign,L3,,3844.0,X-Ray Apparatus & Tubes & Related Irradi,Nasdaq
MBBC,United States,,630.0,6036.0,"Savings Institutions, Not Federally Char",Nasdaq
MBC,United States,DE,1228.0,2511.0,"Wood Household Furniture, (No Upholstere",NYSE
MBGL,United States,DE,1231.0,7389.0,"Services-Business Services, NEC",NYSE
MBI,United States,CT,1231.0,6351.0,Surety Insurance,NYSE
MBIN,United States,IN,1231.0,6022.0,State Commercial Banks,"Nasdaq,Nasdaq,Nasdaq,Nas"
MBIO,United States,DE,1231.0,2834.0,Pharmaceutical Preparations,Nasdaq
MBLY,United States,DE,1227.0,7372.0,Services-Prepackaged Software,Nasdaq
MBOT,United States,DE,1231.0,3841.0,Surgical & Medical Instruments & Apparat,Nasdaq
MBRX,United States,DE,1231.0,2834.0,Pharmaceutical Preparations,Nasdaq
MBUU,United States,DE,630.0,3730.0,Ship & Boat Building & Repairing,Nasdaq
MBWM,United States,MI,1231.0,6022.0,State Commercial Banks,Nasdaq
MBX,United States,DE,1231.0,2834.0,Pharmaceutical Preparations,Nasdaq
MCAG,United States,DE,1231.0,3841.0,Surgical & Medical Instruments & Apparat,"OTC,OTC,OTC"
MCAH,United States,D8,1231.0,6770.0,Blank Checks,"Nasdaq,Nasdaq,Nasdaq"
MCB,United States,NY,1231.0,6022.0,State Commercial Banks,NYSE
MCBS,United States,GA,1231.0,6022.0,State Commercial Banks,Nasdaq
MCD,United States,DE,1231.0,5812.0,Retail-Eating  Places,NYSE
MCFN,United States,DE,1231.0,7374.0,Services-Computer Processing & Data Prep,
MCFT,United States,DE,630.0,3730.0,Ship & Boat Building & Repairing,Nasdaq
MCHB,United States,WA,1231.0,6022.0,State Commercial Banks,Nasdaq
MCHP,United States,DE,331.0,3674.0,Semiconductors & Related Devices,"Nasdaq,Nasdaq"
MCK,United States,DE,331.0,5122.0,"Wholesale-Drugs, Proprietaries & Druggis",NYSE
MCLE,United States,NV,930.0,8000.0,Services-Health Services,OTC
MCO,United States,DE,1231.0,7320.0,"Services-Consumer Credit Reporting, Coll",NYSE
MCOM,United States,DE,1231.0,7389.0,"Services-Business Services, NEC",OTC
MCRB,United States,DE,1231.0,2834.0,Pharmaceutical Preparations,Nasdaq
MCRI,United States,NV,1231.0,7011.0,Hotels & Motels,Nasdaq
MCRP,Foreign,E9,1231.0,3714.0,Motor Vehicle Parts & Accessories,NYSE
MCS,United States,WI,1231.0,7830.0,Services-Motion Picture Theaters,NYSE
MCUJF,Foreign,A2,1231.0,2834.0,Pharmaceutical Preparations,OTC
MCY,United States,CA,1231.0,6331.0,"Fire, Marine & Casualty Insurance",NYSE
MD,United States,FL,1231.0,8060.0,Services-Hospitals,NYSE
MDAI,United States,DE,1231.0,3841.0,Surgical & Medical Instruments & Apparat,"Nasdaq,Nasdaq"
MDB,United States,DE,131.0,7372.0,Services-Prepackaged Software,Nasdaq
MDBH,United States,DE,1231.0,6199.0,Finance Services,Nasdaq
MDCX,Foreign,A6,1231.0,2834.0,Pharmaceutical Preparations,"Nasdaq,Nasdaq"
MDEX,United States,NV,1231.0,5900.0,Retail-Miscellaneous Retail,OTC
MDGL,United States,DE,1231.0,2834.0,Pharmaceutical Preparations,Nasdaq
MDIA,United States,IN,1231.0,4832.0,Radio Broadcasting Stations,Nasdaq
MDLK,United States,NV,1231.0,7000.0,"Hotels, Rooming Houses, Camps & Other Lo",OTC
MDLN,United States,DE,1231.0,3841.0,Surgical & Medical Instruments & Apparat,Nasdaq
MDLZ,United States,IL,1231.0,2000.0,Food and Kindred Products,Nasdaq
MDNAF,Foreign,Z4,331.0,2834.0,Pharmaceutical Preparations,OTC
MDNC,United States,NV,228.0,3841.0,Surgical & Medical Instruments & Apparat,OTC
MDRR,United States,MD,1231.0,6798.0,Real Estate Investment Trusts,Nasdaq
MDT,United States,,424.0,3845.0,Electromedical & Electrotherapeutic Appa,NYSE
MDU,United States,,1231.0,1400.0,Mining & Quarrying of  Nonmetallic Miner,NYSE
MDV,United States,MD,1231.0,6798.0,Real Estate Investment Trusts,"NYSE,NYSE"
MDWD,Foreign,L3,1231.0,2833.0,Medicinal Chemicals & Botanical Products,Nasdaq
MDWK,United States,DE,1231.0,2080.0,Beverages,OTC
MDXG,United States,,1231.0,3841.0,Surgical & Medical Instruments & Apparat,Nasdaq
MDXH,Foreign,C9,,8071.0,Services-Medical Laboratories,Nasdaq
MEC,United States,,1231.0,3460.0,Metal Forgings & Stampings,NYSE
MED,United States,DE,1231.0,2090.0,Miscellaneous Food Preparations & Kindre,NYSE
MEDP,United States,DE,1231.0,8731.0,Services-Commercial Physical & Biologica,Nasdaq
MEGL,Foreign,D8,1231.0,6199.0,Finance Services,Nasdaq
MEHA,United States,DE,1231.0,2833.0,Medicinal Chemicals & Botanical Products,OTC
MEI,United States,DE,503.0,3678.0,Electronic Connectors,NYSE
MELI,United States,,1231.0,7389.0,"Services-Business Services, NEC",Nasdaq
MENS,Foreign,E9,,2834.0,Pharmaceutical Preparations,Nasdaq
MEOH,Foreign,A1,1231.0,2860.0,Industrial Organic Chemicals,Nasdaq
MERC,United States,WA,1231.0,2611.0,Pulp Mills,Nasdaq
MESH,United States,E9,1231.0,6770.0,Blank Checks,"Nasdaq,Nasdaq,Nasdaq"
MESO,Foreign,C3,630.0,2836.0,"Biological Products, (No Diagnostic Subs","Nasdaq,OTC"
MET,United States,DE,1231.0,6311.0,Life Insurance,"NYSE,NYSE,NYSE,NYSE"
META,United States,DE,1231.0,7370.0,"Services-Computer Programming, Data Proc",Nasdaq
METC,United States,DE,1231.0,1220.0,Silver Ores,"Nasdaq,Nasdaq,Nasdaq,Nas"
MFA,United States,MD,1231.0,6798.0,Real Estate Investment Trusts,"NYSE,NYSE,NYSE,NYSE,NYSE"
MFBI,United States,MD,331.0,6035.0,"Savings Institution, Federally Chartered",OTC
MFG,Foreign,,,6021.0,National Commercial Banks,"NYSE,OTC"
MFI,Foreign,D8,1231.0,7371.0,Services-Computer Programming Services,Nasdaq
MFIC,United States,MD,1231.0,,,"Nasdaq,Nasdaq"
MFIN,United States,DE,1231.0,6199.0,Finance Services,"Nasdaq,Nasdaq"
MFON,United States,NV,1231.0,7372.0,Services-Prepackaged Software,OTC
MG,United States,DE,1231.0,8711.0,Services-Engineering Services,NYSE
MGA,Foreign,,1231.0,3714.0,Motor Vehicle Parts & Accessories,NYSE
MGAM,United States,DE,1231.0,7900.0,Services-Amusement & Recreation Services,OTC
MGEE,United States,WI,1231.0,4900.0,"Electric, Gas & Sanitary Services",Nasdaq
MGHL,United States,,1231.0,6200.0,"Security & Commodity Brokers, Dealers, E",
MGIH,Foreign,E9,630.0,2750.0,Commercial Printing,Nasdaq
MGLD,United States,NV,630.0,6199.0,Finance Services,NYSE
MGM,United States,DE,1231.0,7011.0,Hotels & Motels,NYSE
MGN,Foreign,,1231.0,200.0,Agricultural Prod-Livestock & Animal Spe,Nasdaq
MGNC,United States,WY,430.0,1400.0,Mining & Quarrying of  Nonmetallic Miner,OTC
MGNI,United States,DE,1231.0,7370.0,"Services-Computer Programming, Data Proc",Nasdaq
MGNO,United States,,1231.0,6035.0,"Savings Institution, Federally Chartered",OTC
MGNX,United States,DE,1231.0,2834.0,Pharmaceutical Preparations,Nasdaq
MGPI,United States,KS,1231.0,5180.0,"Wholesale-Beer, Wine & Distilled Alcohol",Nasdaq
MGRC,United States,CA,1231.0,7359.0,"Services-Equipment Rental & Leasing, NEC",Nasdaq
MGRT,Foreign,K3,930.0,7371.0,Services-Computer Programming Services,Nasdaq
MGRX,United States,TX,1231.0,8090.0,"Services-Misc Health & Allied Services, ",Nasdaq
MGSD,United States,NY,930.0,4700.0,Transportation Services,OTC
MGTE,United States,DE,1231.0,6199.0,Finance Services,"OTC,OTC"
MGTI,United States,DE,1231.0,6199.0,Finance Services,OTC
MGTX,United States,,1231.0,2836.0,"Biological Products, (No Diagnostic Subs",Nasdaq
MGX,United States,,1231.0,2836.0,"Biological Products, (No Diagnostic Subs",Nasdaq
MGY,United States,DE,1231.0,1311.0,Crude Petroleum & Natural Gas,NYSE
MGYR,United States,,930.0,6035.0,"Savings Institution, Federally Chartered",Nasdaq
MH,United States,DE,331.0,2741.0,Miscellaneous Publishing,NYSE
MHH,United States,PA,1231.0,8742.0,Services-Management Consulting Services,NYSE
MHK,United States,DE,1231.0,2273.0,Carpets & Rugs,NYSE
MHLA,United States,D0,1231.0,6331.0,"Fire, Marine & Casualty Insurance","NYSE,NYSE"
MHO,United States,OH,1231.0,1531.0,Operative Builders,NYSE
MHUAF,Foreign,E9,1231.0,3841.0,Surgical & Medical Instruments & Apparat,OTC
MI,Foreign,E9,1231.0,6199.0,Finance Services,NYSE
MIAX,United States,DE,,6211.0,"Security Brokers, Dealers & Flotation Co",NYSE
MIBE,United States,FL,1231.0,7500.0,"Services-Automotive Repair, Services & P",
MICC,Foreign,P7,1231.0,2024.0,Ice Cream & Frozen Desserts,NYSE
MIDD,United States,DE,102.0,3580.0,Refrigeration & Service Industry Machine,Nasdaq
MIMI,Foreign,,,7389.0,"Services-Business Services, NEC",Nasdaq
MIND,United States,DE,131.0,3812.0,"Search, Detection, Navigation, Guidance,",Nasdaq
MINR,United States,NV,228.0,1000.0,Metal Mining,
MIR,United States,,1231.0,3829.0,"Measuring & Controlling Devices, NEC",NYSE
MIRA,United States,FL,,2834.0,Pharmaceutical Preparations,Nasdaq
MIRM,United States,DE,1231.0,2834.0,Pharmaceutical Preparations,Nasdaq
MIST,United States,A8,1231.0,2834.0,Pharmaceutical Preparations,Nasdaq
MITI,United States,NV,1231.0,7370.0,"Services-Computer Programming, Data Proc",OTC
MITK,United States,DE,930.0,3577.0,"Computer Peripheral Equipment, NEC",Nasdaq
MITQ,United States,DE,630.0,3861.0,Photographic Equipment & Supplies,NYSE
MITT,United States,,1231.0,6798.0,Real Estate Investment Trusts,"NYSE,NYSE,NYSE,NYSE,NYSE"
MKC,United States,MD,1130.0,2090.0,Miscellaneous Food Preparations & Kindre,"NYSE,NYSE"
MKDW,Foreign,D8,1231.0,3600.0,Electronic & Other Electrical Equipment ,"Nasdaq,Nasdaq"
MKL,United States,VA,1231.0,6331.0,"Fire, Marine & Casualty Insurance",NYSE
MKLY,United States,E9,1231.0,6770.0,Blank Checks,"Nasdaq,Nasdaq,Nasdaq"
MKSI,United States,MA,1231.0,3823.0,"Industrial Instruments For Measurement, ",Nasdaq
MKTW,United States,DE,1231.0,7372.0,Services-Prepackaged Software,Nasdaq
MKTX,United States,,1231.0,6211.0,"Security Brokers, Dealers & Flotation Co",Nasdaq
MKZR,United States,MD,630.0,6798.0,Real Estate Investment Trusts,Nasdaq
MLAA,United States,E9,1231.0,6770.0,Blank Checks,"Nasdaq,Nasdaq,Nasdaq"
MLAB,United States,CO,331.0,3823.0,"Industrial Instruments For Measurement, ",Nasdaq
MLCI,United States,DE,1231.0,6282.0,Investment Advice,"Nasdaq,Nasdaq"
MLCO,Foreign,E9,1231.0,7011.0,Hotels & Motels,Nasdaq
MLEC,Foreign,E9,630.0,2000.0,Food and Kindred Products,"Nasdaq,Nasdaq"
MLGO,Foreign,E9,1231.0,7371.0,Services-Computer Programming Services,Nasdaq
MLI,United States,DE,1226.0,3350.0,Rolling Drawing & Extruding of  Nonferro,NYSE
MLKN,United States,MI,530.0,2520.0,Office Furniture,Nasdaq
MLM,United States,NC,1231.0,1400.0,Mining & Quarrying of  Nonmetallic Miner,NYSE
MLMC,United States,,1231.0,7841.0,Services-Video Tape Rental,OTC
MLP,United States,HI,1231.0,6500.0,Real Estate,NYSE
MLR,United States,TN,1231.0,3713.0,Truck & Bus Bodies,NYSE
MLSS,United States,DE,1231.0,3842.0,"Orthopedic, Prosthetic & Surgical Applia",NYSE
MLTX,United States,E9,1231.0,2834.0,Pharmaceutical Preparations,Nasdaq
MLYS,United States,,1231.0,2834.0,Pharmaceutical Preparations,Nasdaq
MMA,Foreign,C3,630.0,7380.0,Services-Miscellaneous Business Services,NYSE
MMCP,United States,OK,1231.0,3567.0,Industrial Process Furnaces & Ovens,OTC
MMED,United States,DE,1231.0,3841.0,Surgical & Medical Instruments & Apparat,Nasdaq
MMEX,United States,NV,430.0,7819.0,Services-Allied To Motion Picture Produc,OTC
MMI,United States,,1231.0,6531.0,Real Estate Agents & Managers (For Other,NYSE
MMLP,United States,DE,1231.0,5171.0,Wholesale-Petroleum Bulk Stations & Term,Nasdaq
MMM,United States,DE,1231.0,3841.0,Surgical & Medical Instruments & Apparat,NYSE
MMMW,United States,MA,430.0,4991.0,Cogeneration Services & Small Power Prod,
MMS,United States,VA,930.0,7389.0,"Services-Business Services, NEC",NYSE
MMSI,United States,UT,1231.0,3841.0,Surgical & Medical Instruments & Apparat,Nasdaq
MMTIF,Foreign,A6,1031.0,7371.0,Services-Computer Programming Services,OTC
MMTRS,United States,NY,1231.0,6794.0,Patent Owners & Lessors,OTC
MMTX,United States,E9,1231.0,7371.0,Services-Computer Programming Services,"Nasdaq,Nasdaq,Nasdaq"
MNDO,Foreign,,1231.0,7371.0,Services-Computer Programming Services,Nasdaq
MNDR,Foreign,E9,630.0,7372.0,Services-Prepackaged Software,Nasdaq
MNDY,Foreign,L3,1231.0,7372.0,Services-Prepackaged Software,Nasdaq
MNKD,United States,DE,1231.0,2834.0,Pharmaceutical Preparations,Nasdaq
MNOV,United States,DE,1231.0,2834.0,Pharmaceutical Preparations,Nasdaq
MNPR,United States,DE,1231.0,2834.0,Pharmaceutical Preparations,Nasdaq
MNR,United States,DE,1231.0,1311.0,Crude Petroleum & Natural Gas,NYSE
MNRO,United States,NY,327.0,7500.0,"Services-Automotive Repair, Services & P",Nasdaq
MNSB,United States,VA,1231.0,6022.0,State Commercial Banks,"Nasdaq,Nasdaq"
MNSO,Foreign,E9,1231.0,5331.0,Retail-Variety Stores,"NYSE,OTC"
MNST,United States,,1231.0,2086.0,Bottled & Canned Soft Drinks & Carbonate,Nasdaq
MNTK,United States,DE,1231.0,4932.0,Gas & Other Services Combined,Nasdaq
MNTN,United States,DE,1231.0,7310.0,Services-Advertising,NYSE
MNTR,United States,DE,1231.0,6799.0,"Investors, NEC",OTC
MNTS,United States,DE,1231.0,3760.0,Guided Missiles & Space Vehicles & Parts,"Nasdaq,Nasdaq"
MO,United States,VA,1231.0,2111.0,Cigarettes,NYSE
MOB,Foreign,C3,1231.0,3721.0,Aircraft,"Nasdaq,Nasdaq"
MOBI,United States,DE,1231.0,3841.0,Surgical & Medical Instruments & Apparat,Nasdaq
MOBQ,United States,NY,1231.0,7310.0,Services-Advertising,"OTC,OTC"
MOBX,United States,DE,930.0,3674.0,Semiconductors & Related Devices,"Nasdaq,Nasdaq"
MOD,United States,WI,331.0,3714.0,Motor Vehicle Parts & Accessories,NYSE
MODD,United States,NV,331.0,3841.0,Surgical & Medical Instruments & Apparat,Nasdaq
MOG-A,United States,NY,1003.0,3590.0,Misc Industrial & Commercial Machinery &,"NYSE,NYSE"
MOH,United States,DE,1231.0,6324.0,Hospital & Medical Service Plans,NYSE
MOJO,United States,,1231.0,2080.0,Beverages,OTC
MOLN,Foreign,V8,1231.0,2836.0,"Biological Products, (No Diagnostic Subs",Nasdaq
MORN,United States,IL,1231.0,6282.0,Investment Advice,Nasdaq
MOS,United States,,1231.0,2870.0,Agricultural Chemicals,NYSE
MOV,United States,NY,131.0,3873.0,"Watches, Clocks, Clockwork Operated Devi","NYSE,OTC"
MOVE,United States,DE,1231.0,7374.0,Services-Computer Processing & Data Prep,Nasdaq
MP,United States,DE,1231.0,1000.0,Metal Mining,NYSE
MPAA,United States,NY,331.0,3714.0,Motor Vehicle Parts & Accessories,Nasdaq
MPB,United States,PA,1231.0,6022.0,State Commercial Banks,Nasdaq
MPC,United States,DE,1231.0,2911.0,Petroleum Refining,NYSE
MPLT,United States,DE,1231.0,2834.0,Pharmaceutical Preparations,Nasdaq
MPLX,United States,,1231.0,4610.0,Pipe Lines (No Natural Gas),"NYSE,OTC"
MPT,United States,,1231.0,6798.0,Real Estate Investment Trusts,NYSE
MPTI,United States,DE,1231.0,3679.0,"Electronic Components, NEC",NYSE
MPU,Foreign,E9,,7812.0,Services-Motion Picture & Video Tape Pro,NYSE
MPWR,United States,DE,1231.0,3674.0,Semiconductors & Related Devices,Nasdaq
MQ,United States,,1231.0,7372.0,Services-Prepackaged Software,Nasdaq
MRAI,United States,DE,1231.0,8090.0,"Services-Misc Health & Allied Services, ",OTC
MRAM,United States,X1,1231.0,3674.0,Semiconductors & Related Devices,Nasdaq
MRBK,United States,PA,1231.0,6021.0,National Commercial Banks,Nasdaq
MRCL,United States,WY,630.0,7380.0,Services-Miscellaneous Business Services,
MRCY,United States,MA,630.0,3670.0,Electronic Components & Accessories,Nasdaq
MRDN,United States,NV,1231.0,7372.0,Services-Prepackaged Software,Nasdaq
MREO,Foreign,X0,1231.0,2834.0,Pharmaceutical Preparations,Nasdaq
MRK,United States,NJ,1231.0,2834.0,Pharmaceutical Preparations,NYSE
MRKR,United States,DE,1231.0,2834.0,Pharmaceutical Preparations,Nasdaq
MRLN,United States,E9,1231.0,7373.0,Services-Computer Integrated Systems Des,Nasdaq
MRM,Foreign,M0,1231.0,7200.0,Services-Personal Services,Nasdaq
MRMD,United States,DE,1231.0,2833.0,Medicinal Chemicals & Botanical Products,OTC
MRNA,United States,DE,1231.0,2836.0,"Biological Products, (No Diagnostic Subs",Nasdaq
MRNO,Foreign,Y9,,7011.0,Hotels & Motels,"Nasdaq,Nasdaq"
MRP,United States,MD,1231.0,6500.0,Real Estate,NYSE
MRPT,United States,DE,1130.0,7389.0,"Services-Business Services, NEC",OTC
MRSH,United States,DE,1231.0,6411.0,"Insurance Agents, Brokers & Service",NYSE
MRT,Foreign,E9,1231.0,7510.0,Services-Auto Rental & Leasing (No Drive,NYSE
MRTN,United States,DE,1231.0,4213.0,Trucking (No Local),Nasdaq
MRVI,United States,DE,1231.0,2834.0,Pharmaceutical Preparations,Nasdaq
MRVL,United States,DE,130.0,3674.0,Semiconductors & Related Devices,Nasdaq
MRX,Foreign,D0,1231.0,6200.0,"Security & Commodity Brokers, Dealers, E",Nasdaq
MS,United States,DE,1231.0,6211.0,"Security Brokers, Dealers & Flotation Co","NYSE,NYSE,NYSE,NYSE,NYSE"
MSA,United States,,1231.0,3842.0,"Orthopedic, Prosthetic & Surgical Applia","NYSE,OTC"
MSAI,United States,DE,1231.0,3827.0,Optical Instruments & Lenses,"Nasdaq,Nasdaq"
MSB,United States,NY,131.0,6795.0,Mineral Royalty Traders,NYSE
MSBB,United States,,930.0,6036.0,"Savings Institutions, Not Federally Char",OTC
MSBI,United States,IL,1231.0,6022.0,State Commercial Banks,"Nasdaq,Nasdaq"
MSBT,United States,DE,1231.0,6221.0,Commodity Contracts Brokers & Dealers,NYSE
MSCI,United States,DE,1231.0,7389.0,"Services-Business Services, NEC",NYSE
MSDL,United States,DE,1231.0,,,NYSE
MSEX,United States,NJ,1231.0,4941.0,Water Supply,"Nasdaq,OTC"
MSFT,United States,WA,630.0,7372.0,Services-Prepackaged Software,Nasdaq
MSGE,United States,NV,630.0,7990.0,Services-Miscellaneous Amusement & Recre,NYSE
MSGM,United States,FL,1231.0,7372.0,Services-Prepackaged Software,Nasdaq
MSGS,United States,NV,630.0,7990.0,Services-Miscellaneous Amusement & Recre,NYSE
MSGY,Foreign,E9,,1700.0,Construction - Special Trade Contractors,Nasdaq
MSI,United States,DE,1231.0,3663.0,Radio & Tv Broadcasting & Communications,NYSE
MSIF,United States,,1231.0,,,NYSE
MSLE,Foreign,Z4,1231.0,2834.0,Pharmaceutical Preparations,Nasdaq
MSM,United States,NY,829.0,5084.0,Wholesale-Industrial Machinery & Equipme,NYSE
MSN,United States,DE,331.0,3651.0,Household Audio & Video Equipment,NYSE
MSPR,United States,,1231.0,7374.0,Services-Computer Processing & Data Prep,OTC
MSS,United States,DE,430.0,5411.0,Retail-Grocery Stores,Nasdaq
MSSAF,United States,,1231.0,6770.0,Blank Checks,"OTC,OTC,OTC"
MSTR,United States,DE,1231.0,6199.0,Finance Services,"Nasdaq,Nasdaq,Nasdaq,Nas"
MSW,Foreign,E9,331.0,1700.0,Construction - Special Trade Contractors,Nasdaq
MT,Foreign,,1231.0,3312.0,"Steel Works, Blast Furnaces & Rolling Mi","NYSE,OTC,OTC"
MTA,Foreign,A1,1231.0,1040.0,Gold and Silver Ores,NYSE
MTB,United States,NY,1231.0,6022.0,State Commercial Banks,"NYSE,NYSE,NYSE,NYSE,NYSE"
MTC,Foreign,D8,1231.0,6211.0,"Security Brokers, Dealers & Flotation Co",Nasdaq
MTCH,United States,DE,1231.0,7370.0,"Services-Computer Programming, Data Proc",Nasdaq
MTD,United States,DE,1231.0,3826.0,Laboratory Analytical Instruments,NYSE
MTDR,United States,TX,1231.0,1311.0,Crude Petroleum & Natural Gas,NYSE
MTEK,Foreign,L3,1231.0,3669.0,"Communications Equipment, NEC","Nasdaq,Nasdaq"
MTEN,Foreign,,1231.0,3442.0,"Metal Doors, Sash, Frames, Moldings & Tr",Nasdaq
MTEX,United States,TX,1231.0,2833.0,Medicinal Chemicals & Botanical Products,Nasdaq
MTG,United States,WI,1231.0,6351.0,Surety Insurance,NYSE
MTH,United States,MD,1231.0,1531.0,Operative Builders,NYSE
MTLK,Foreign,L3,1231.0,3674.0,Semiconductors & Related Devices,OTC
MTLS,Foreign,,,7372.0,Services-Prepackaged Software,Nasdaq
MTN,United States,DE,731.0,7990.0,Services-Miscellaneous Amusement & Recre,NYSE
MTNB,United States,DE,1231.0,2834.0,Pharmaceutical Preparations,NYSE
MTNE,United States,E9,1231.0,6770.0,Blank Checks,"NYSE,NYSE,NYSE"
MTRN,United States,OH,1231.0,3460.0,Metal Forgings & Stampings,NYSE
MTRX,United States,DE,630.0,1700.0,Construction - Special Trade Contractors,Nasdaq
MTSI,United States,DE,1003.0,3674.0,Semiconductors & Related Devices,Nasdaq
MTUS,United States,OH,1231.0,3312.0,"Steel Works, Blast Furnaces & Rolling Mi",NYSE
MTVA,United States,DE,1231.0,2834.0,Pharmaceutical Preparations,Nasdaq
MTW,United States,WI,1231.0,3531.0,Construction Machinery & Equip,NYSE
MTWO,United States,NV,1231.0,5050.0,Wholesale-Metals & Minerals (No Petroleu,OTC
MTX,United States,DE,1231.0,2810.0,Industrial Inorganic Chemicals,NYSE
MTZ,United States,FL,1231.0,1623.0,"Water, Sewer, Pipeline, Comm & Power Lin",NYSE
MU,United States,DE,903.0,3674.0,Semiconductors & Related Devices,Nasdaq
MUFG,Foreign,,331.0,6029.0,"Commercial Banks, NEC","NYSE,OTC"
MUR,United States,DE,1231.0,1311.0,Crude Petroleum & Natural Gas,NYSE
MUSA,United States,DE,1231.0,5500.0,Retail-Auto Dealers & Gasoline Stations,NYSE
MUX,United States,CO,1231.0,1040.0,Gold and Silver Ores,NYSE
MVBF,United States,WV,1231.0,6022.0,State Commercial Banks,Nasdaq
MVCO,United States,NV,630.0,6199.0,Finance Services,
MVIS,United States,DE,1231.0,3679.0,"Electronic Components, NEC",Nasdaq
MVNC,United States,NV,1231.0,6199.0,Finance Services,OTC
MVST,United States,DE,1231.0,3690.0,"Miscellaneous Electrical Machinery, Equi",Nasdaq
MWA,United States,DE,930.0,3490.0,Miscellaneous Fabricated Metal Products,NYSE
MWAI,United States,NV,630.0,6199.0,Finance Services,OTC
MWC,Foreign,M0,228.0,7371.0,Services-Computer Programming Services,Nasdaq
MWG,Foreign,,1231.0,3990.0,Miscellaneous Manufacturing Industries,NYSE
MWH,United States,DE,1231.0,1600.0,Heavy Construction Other Than Bldg Const,Nasdaq
MWYN,United States,NV,430.0,5141.0,"Wholesale-Groceries, General Line",Nasdaq
MX,United States,DE,1231.0,3674.0,Semiconductors & Related Devices,NYSE
MXC,United States,CO,331.0,1311.0,Crude Petroleum & Natural Gas,NYSE
MXCT,United States,DE,1231.0,8731.0,Services-Commercial Physical & Biologica,Nasdaq
MXL,United States,,1231.0,3674.0,Semiconductors & Related Devices,Nasdaq
MYCB,United States,NV,731.0,6500.0,Real Estate,OTC
MYE,United States,OH,1231.0,3089.0,"Plastics Products, NEC",NYSE
MYFW,United States,CO,,6022.0,State Commercial Banks,Nasdaq
MYGN,United States,DE,1231.0,2835.0,In Vitro & In Vivo Diagnostic Substances,Nasdaq
MYND,Foreign,E9,1231.0,3577.0,"Computer Peripheral Equipment, NEC",NYSE
MYO,United States,DE,1231.0,3842.0,"Orthopedic, Prosthetic & Surgical Applia",NYSE
MYPS,United States,,1231.0,7372.0,Services-Prepackaged Software,Nasdaq
MYRG,United States,DE,1231.0,1623.0,"Water, Sewer, Pipeline, Comm & Power Lin",Nasdaq
MYSE,United States,NV,1231.0,4822.0,Telegraph & Other Message Communications,"Nasdaq,Nasdaq"
MYSZ,United States,DE,1231.0,7372.0,Services-Prepackaged Software,Nasdaq
MYX,United States,E9,1231.0,6770.0,Blank Checks,"Nasdaq,Nasdaq,Nasdaq,Nas"
MZTI,United States,OH,630.0,2030.0,"Canned, Frozen & Preservd Fruit, Veg & F",Nasdaq
NAAS,Foreign,E9,,5990.0,"Retail-Retail Stores, NEC",Nasdaq
NABL,United States,,1231.0,7372.0,Services-Prepackaged Software,NYSE
NAFS,United States,WY,1231.0,8742.0,Services-Management Consulting Services,
NAGE,United States,DE,1231.0,2833.0,Medicinal Chemicals & Botanical Products,Nasdaq
NAII,United States,DE,630.0,2833.0,Medicinal Chemicals & Botanical Products,Nasdaq
NAK,Foreign,A1,1231.0,1040.0,Gold and Silver Ores,NYSE
NAKA,United States,DE,1231.0,6199.0,Finance Services,"Nasdaq,OTC"
NAMI,Foreign,E9,1231.0,8200.0,Services-Educational Services,Nasdaq
NAMM,Foreign,E9,1231.0,1040.0,Gold and Silver Ores,"Nasdaq,Nasdaq"
NAMS,Foreign,P7,1231.0,2834.0,Pharmaceutical Preparations,"Nasdaq,Nasdaq"
NANO,United States,DE,1231.0,3559.0,"Special Industry Machinery, NEC",
NASC,United States,FL,1231.0,5122.0,"Wholesale-Drugs, Proprietaries & Druggis",
NAT,Foreign,,1231.0,4400.0,Water Transportation,NYSE
NATH,United States,DE,328.0,5812.0,Retail-Eating  Places,Nasdaq
NATL,United States,MD,1231.0,3578.0,Calculating & Accounting Machines (No El,NYSE
NATR,United States,UT,1231.0,2834.0,Pharmaceutical Preparations,Nasdaq
NAUT,United States,,1231.0,3826.0,Laboratory Analytical Instruments,Nasdaq
NAVI,United States,DE,1231.0,6211.0,"Security Brokers, Dealers & Flotation Co","Nasdaq,Nasdaq"
NAVN,United States,DE,131.0,7372.0,Services-Prepackaged Software,Nasdaq
NB,United States,A1,630.0,1000.0,Metal Mining,"Nasdaq,Nasdaq"
NBBK,United States,,1231.0,6036.0,"Savings Institutions, Not Federally Char",Nasdaq
NBHC,United States,DE,1231.0,6021.0,National Commercial Banks,NYSE
NBIS,Foreign,P7,,7370.0,"Services-Computer Programming, Data Proc",Nasdaq
NBIX,United States,DE,1231.0,2836.0,"Biological Products, (No Diagnostic Subs",Nasdaq
NBND,United States,DE,1231.0,6199.0,Finance Services,OTC
NBP,Foreign,E9,1231.0,2834.0,Pharmaceutical Preparations,Nasdaq
NBR,United States,D0,1231.0,1381.0,Drilling Oil & Gas Wells,NYSE
NBRG,United States,,1231.0,6770.0,Blank Checks,"Nasdaq,Nasdaq,Nasdaq"
NBTB,United States,DE,1231.0,6021.0,National Commercial Banks,Nasdaq
NBTX,Foreign,I0,1231.0,2834.0,Pharmaceutical Preparations,"Nasdaq,OTC"
NC,United States,DE,1231.0,1221.0,Bituminous Coal & Lignite Surface Mining,NYSE
NCDL,United States,MD,1231.0,,,NYSE
NCEL,Foreign,V8,1231.0,2834.0,Pharmaceutical Preparations,Nasdaq
NCEW,Foreign,D8,930.0,4731.0,Arrangement of  Transportation of  Freig,Nasdaq
NCI,Foreign,K3,1231.0,2300.0,Apparel & Other Finishd Prods of  Fabric,Nasdaq
NCIQ,United States,DE,1231.0,6221.0,Commodity Contracts Brokers & Dealers,Nasdaq
NCL,United States,NV,1231.0,3089.0,"Plastics Products, NEC",NYSE
NCLH,United States,D0,1231.0,4400.0,Water Transportation,NYSE
NCMI,United States,DE,1231.0,7310.0,Services-Advertising,Nasdaq
NCNA,Foreign,X0,1231.0,2834.0,Pharmaceutical Preparations,Nasdaq
NCNO,United States,DE,131.0,7372.0,Services-Prepackaged Software,Nasdaq
NCPL,United States,UT,430.0,6199.0,Finance Services,"Nasdaq,Nasdaq"
NCRA,United States,NV,1231.0,200.0,Agricultural Prod-Livestock & Animal Spe,Nasdaq
NCSM,United States,DE,1231.0,1389.0,"Oil & Gas Field Services, NEC",Nasdaq
NCT,Foreign,E9,630.0,4412.0,Deep Sea Foreign Transportation of  Frei,Nasdaq
NCTY,Foreign,E9,1231.0,6199.0,Finance Services,Nasdaq
NDAQ,United States,DE,1231.0,6200.0,"Security & Commodity Brokers, Dealers, E",Nasdaq
NDLS,United States,,1229.0,5812.0,Retail-Eating  Places,Nasdaq
NDRA,United States,DE,1231.0,3845.0,Electromedical & Electrotherapeutic Appa,Nasdaq
NDSN,United States,OH,1031.0,3569.0,General Industrial Machinery & Equipment,Nasdaq
NE,United States,X0,1231.0,1381.0,Drilling Oil & Gas Wells,"NYSE,NYSE,NYSE"
NECB,United States,MD,1231.0,6036.0,"Savings Institutions, Not Federally Char",Nasdaq
NEE,United States,FL,1231.0,4911.0,Electric Services,"NYSE,NYSE,NYSE,NYSE,NYSE"
NEGG,Foreign,D8,,5990.0,"Retail-Retail Stores, NEC",Nasdaq
NELR,United States,WY,630.0,1520.0,General Bldg Contractors - Residential B,
NEM,United States,DE,1231.0,1040.0,Gold and Silver Ores,"NYSE,OTC"
NEO,United States,NV,1231.0,8734.0,Services-Testing Laboratories,Nasdaq
NEOG,United States,MI,531.0,2835.0,In Vitro & In Vivo Diagnostic Substances,Nasdaq
NEON,United States,DE,1231.0,3679.0,"Electronic Components, NEC",Nasdaq
NEOV,United States,NV,630.0,3690.0,"Miscellaneous Electrical Machinery, Equi","Nasdaq,Nasdaq"
NEPH,United States,DE,1231.0,3841.0,Surgical & Medical Instruments & Apparat,Nasdaq
NERV,United States,MA,1231.0,2834.0,Pharmaceutical Preparations,Nasdaq
NESR,Foreign,D8,1231.0,1389.0,"Oil & Gas Field Services, NEC",Nasdaq
NET,United States,DE,1231.0,7372.0,Services-Prepackaged Software,NYSE
NEU,United States,VA,1231.0,2860.0,Industrial Organic Chemicals,NYSE
NEUP,Foreign,C3,630.0,2834.0,Pharmaceutical Preparations,Nasdaq
NEWH,United States,NV,1231.0,3081.0,Unsupported Plastics Film & Sheet,OTC
NEWP,Foreign,A1,630.0,1040.0,Gold and Silver Ores,NYSE
NEWT,United States,MD,1231.0,6021.0,National Commercial Banks,"Nasdaq,Nasdaq,Nasdaq,Nas"
NEXA,Foreign,N4,1231.0,1000.0,Metal Mining,NYSE
NEXM,Foreign,A1,1231.0,1000.0,Metal Mining,Nasdaq
NEXN,Foreign,L3,1231.0,7370.0,"Services-Computer Programming, Data Proc",Nasdaq
NEXR,Foreign,L3,1231.0,5900.0,Retail-Miscellaneous Retail,"Nasdaq,Nasdaq"
NEXT,United States,DE,1231.0,4923.0,Natural Gas Transmisison & Distribution,Nasdaq
NFBK,United States,DE,1231.0,6035.0,"Savings Institution, Federally Chartered",Nasdaq
NFE,United States,DE,1231.0,4924.0,Natural Gas Distribution,Nasdaq
NFG,United States,NJ,930.0,4924.0,Natural Gas Distribution,NYSE
NFGC,Foreign,A1,1231.0,1040.0,Gold and Silver Ores,NYSE
NFLX,United States,DE,1231.0,7841.0,Services-Video Tape Rental,Nasdaq
NG,United States,A1,1130.0,1040.0,Gold and Silver Ores,NYSE
NGEN,Foreign,A1,1231.0,2834.0,Pharmaceutical Preparations,Nasdaq
NGG,Foreign,,331.0,4922.0,Natural Gas Transmission,"NYSE,OTC,OTC,OTC,OTC,OTC"
NGHI,United States,NV,1231.0,8711.0,Services-Engineering Services,
NGL,United States,DE,331.0,4922.0,Natural Gas Transmission,"NYSE,NYSE,NYSE"
NGLD,United States,NV,1231.0,1040.0,Gold and Silver Ores,OTC
NGNE,United States,,1231.0,2834.0,Pharmaceutical Preparations,Nasdaq
NGS,United States,,1231.0,1389.0,"Oil & Gas Field Services, NEC",NYSE
NGTF,United States,NV,630.0,3590.0,Misc Industrial & Commercial Machinery &,OTC
NGVC,United States,DE,930.0,5411.0,Retail-Grocery Stores,NYSE
NGVT,United States,DE,1231.0,2800.0,Chemicals & Allied Products,NYSE
NHC,United States,DE,1231.0,8051.0,Services-Skilled Nursing Care Facilities,NYSE
NHI,United States,MD,1231.0,6798.0,Real Estate Investment Trusts,NYSE
NHP,United States,MD,1231.0,6798.0,Real Estate Investment Trusts,"Nasdaq,OTC,Nasdaq,Nasdaq"
NHTC,United States,DE,1231.0,5190.0,Wholesale-Miscellaneous Nondurable Goods,Nasdaq
NI,United States,DE,1231.0,4931.0,Electric & Other Services Combined,NYSE
NIC,United States,WI,1231.0,6021.0,National Commercial Banks,NYSE
NICE,Foreign,,1231.0,7372.0,Services-Prepackaged Software,"Nasdaq,OTC"
NICH,United States,NV,831.0,2330.0,"Women's, Misses':  and Juniors Outerwear",
NIHK,United States,NV,1231.0,6500.0,Real Estate,OTC
NIKA,United States,CO,1231.0,2834.0,Pharmaceutical Preparations,OTC
NIMU,United States,FL,1231.0,3760.0,Guided Missiles & Space Vehicles & Parts,"OTC,OTC"
NINE,United States,DE,1231.0,1389.0,"Oil & Gas Field Services, NEC",NYSE
NIO,Foreign,E9,1231.0,3711.0,Motor Vehicles & Passenger Car Bodies,"NYSE,OTC"
NIPG,Foreign,E9,1231.0,7990.0,Services-Miscellaneous Amusement & Recre,Nasdaq
NIQ,United States,L2,1231.0,7370.0,"Services-Computer Programming, Data Proc",NYSE
NIU,Foreign,E9,1231.0,3711.0,Motor Vehicles & Passenger Car Bodies,Nasdaq
NIVF,Foreign,D8,,8090.0,"Services-Misc Health & Allied Services, ","Nasdaq,Nasdaq"
NIXX,United States,NV,1231.0,7371.0,Services-Computer Programming Services,Nasdaq
NJR,United States,NJ,930.0,4924.0,Natural Gas Distribution,NYSE
NKE,United States,OR,531.0,3021.0,Rubber & Plastics Footwear,NYSE
NKLR,United States,L6,1231.0,3443.0,Fabricated Plate Work (Boiler Shops),Nasdaq
NKSH,United States,VA,1231.0,6021.0,National Commercial Banks,Nasdaq
NKTR,United States,DE,1231.0,2834.0,Pharmaceutical Preparations,Nasdaq
NKTX,United States,DE,1231.0,2834.0,Pharmaceutical Preparations,Nasdaq
NL,United States,DE,1231.0,2810.0,Industrial Inorganic Chemicals,NYSE
NLCP,United States,MD,1231.0,6798.0,Real Estate Investment Trusts,OTC
NLOP,United States,MD,1231.0,6798.0,Real Estate Investment Trusts,NYSE
NLST,United States,DE,102.0,3674.0,Semiconductors & Related Devices,OTC
NLY,United States,MD,1231.0,6798.0,Real Estate Investment Trusts,"NYSE,NYSE,NYSE,NYSE,NYSE"
NMAX,United States,FL,,4833.0,Television Broadcasting Stations,NYSE
NMEX,United States,NV,731.0,1040.0,Gold and Silver Ores,OTC
NMFC,United States,X1,1231.0,,,"Nasdaq,Nasdaq"
NMG,Foreign,Z4,1231.0,1090.0,Miscellaneous Metal Ores,NYSE
NMHI,United States,DE,1231.0,3523.0,Farm Machinery & Equipment,OTC
NMIH,United States,CA,1231.0,6351.0,Surety Insurance,Nasdaq
NMM,Foreign,1T,1231.0,4412.0,Deep Sea Foreign Transportation of  Frei,NYSE
NMP,United States,E9,1231.0,6770.0,Blank Checks,"Nasdaq,Nasdaq,Nasdaq"
NMPGY,Foreign,1T,1231.0,4412.0,Deep Sea Foreign Transportation of  Frei,
NMR,Foreign,M0,331.0,6211.0,"Security Brokers, Dealers & Flotation Co","NYSE,OTC"
NMRA,United States,DE,1231.0,2836.0,"Biological Products, (No Diagnostic Subs",Nasdaq
NMRK,United States,DE,1231.0,6531.0,Real Estate Agents & Managers (For Other,Nasdaq
NMTC,United States,DE,930.0,3841.0,Surgical & Medical Instruments & Apparat,Nasdaq
NN,United States,DE,1231.0,3812.0,"Search, Detection, Navigation, Guidance,","Nasdaq,OTC"
NNAX,United States,NV,1231.0,8741.0,Services-Management Services,OTC
NNBR,United States,DE,1231.0,3540.0,Metalworkg Machinery & Equipment,Nasdaq
NNDM,Foreign,L3,1231.0,3672.0,Printed Circuit Boards,Nasdaq
NNE,United States,NV,930.0,4911.0,Electric Services,Nasdaq
NNI,United States,NE,1231.0,6141.0,Personal Credit Institutions,NYSE
NNN,United States,MD,1231.0,6798.0,Real Estate Investment Trusts,NYSE
NNOX,Foreign,L3,1231.0,3844.0,X-Ray Apparatus & Tubes & Related Irradi,Nasdaq
NNUP,United States,MD,1231.0,3944.0,"Games, Toys & Children's Vehicles (No Do",OTC
NNVC,United States,DE,630.0,2834.0,Pharmaceutical Preparations,NYSE
NOA,Foreign,A0,1231.0,1389.0,"Oil & Gas Field Services, NEC",NYSE
NOAH,Foreign,,,6282.0,Investment Advice,NYSE
NOBH,United States,FL,1101.0,2451.0,Mobile Homes,OTC
NOC,United States,,1231.0,3812.0,"Search, Detection, Navigation, Guidance,",NYSE
NODK,United States,,1231.0,6331.0,"Fire, Marine & Casualty Insurance",Nasdaq
NOEM,United States,,1231.0,6770.0,Blank Checks,"Nasdaq,Nasdaq,Nasdaq,Nas"
NOG,United States,,1231.0,1311.0,Crude Petroleum & Natural Gas,NYSE
NOK,Foreign,H9,1231.0,3663.0,Radio & Tv Broadcasting & Communications,"NYSE,OTC"
NOMA,United States,DE,1231.0,7900.0,Services-Amusement & Recreation Services,Nasdaq
NOMD,Foreign,D8,1231.0,2000.0,Food and Kindred Products,NYSE
NORD,United States,DE,331.0,8742.0,Services-Management Consulting Services,OTC
NOTE,United States,DE,1231.0,7389.0,"Services-Business Services, NEC","OTC,OTC"
NOTVQ,United States,IN,930.0,8731.0,Services-Commercial Physical & Biologica,OTC
NOV,United States,DE,1231.0,3533.0,Oil & Gas Field Machinery & Equipment,NYSE
NOVT,United States,A3,1231.0,3690.0,"Miscellaneous Electrical Machinery, Equi","Nasdaq,Nasdaq"
NOW,United States,DE,1231.0,7372.0,Services-Prepackaged Software,NYSE
NP,United States,DE,1231.0,6411.0,"Insurance Agents, Brokers & Service",NYSE
NPAC,United States,E9,1231.0,6770.0,Blank Checks,"Nasdaq,Nasdaq,Nasdaq"
NPB,United States,MI,,6022.0,State Commercial Banks,NYSE
NPCE,United States,DE,1231.0,3841.0,Surgical & Medical Instruments & Apparat,Nasdaq
NPHC,United States,CA,1231.0,2833.0,Medicinal Chemicals & Botanical Products,OTC
NPK,United States,WI,1231.0,3480.0,"Ordnance & Accessories, (No Vehicles/Gui",NYSE
NPKI,United States,DE,1231.0,7350.0,Services-Miscellaneous Equipment Rental ,NYSE
NPLY,United States,WY,731.0,8000.0,Services-Health Services,
NPO,United States,NC,1231.0,3050.0,"Gaskets, Packg & Sealg Devices & Rubber ",NYSE
NPT,Foreign,E9,1231.0,5160.0,Wholesale-Chemicals & Allied Products,Nasdaq
NPWR,United States,DE,1231.0,3620.0,Electrical Industrial Apparatus,"NYSE,NYSE"
NRC,United States,DE,1231.0,8731.0,Services-Commercial Physical & Biologica,Nasdaq
NRDE,United States,DE,1231.0,3711.0,Motor Vehicles & Passenger Car Bodies,OTC
NRDS,United States,DE,1231.0,7374.0,Services-Computer Processing & Data Prep,Nasdaq
NRDY,United States,DE,1231.0,8200.0,Services-Educational Services,NYSE
NREF,United States,MD,1231.0,6798.0,Real Estate Investment Trusts,"NYSE,NYSE"
NRG,United States,DE,1231.0,4911.0,Electric Services,NYSE
NRGV,United States,DE,1231.0,3690.0,"Miscellaneous Electrical Machinery, Equi",NYSE
NRHI,United States,,430.0,5960.0,Retail-Nonstore Retailers,OTC
NRIM,United States,AK,1231.0,6035.0,"Savings Institution, Federally Chartered",Nasdaq
NRIS,United States,NV,228.0,1311.0,Crude Petroleum & Natural Gas,OTC
NRIX,United States,DE,1130.0,2834.0,Pharmaceutical Preparations,Nasdaq
NROM,United States,IN,1231.0,5812.0,Retail-Eating  Places,OTC
NRP,United States,DE,1231.0,1221.0,Bituminous Coal & Lignite Surface Mining,NYSE
NRSN,Foreign,L3,1231.0,2834.0,Pharmaceutical Preparations,"Nasdaq,Nasdaq"
NRT,United States,NH,1031.0,6792.0,Oil Royalty Traders,NYSE
NRXP,United States,DE,1231.0,2834.0,Pharmaceutical Preparations,Nasdaq
NRXS,United States,DE,1231.0,3845.0,Electromedical & Electrotherapeutic Appa,NYSE
NSA,United States,MD,1231.0,6798.0,Real Estate Investment Trusts,
NSC,United States,VA,1231.0,4011.0,"Railroads, Line-Haul Operating",NYSE
NSFDF,Foreign,A0,1231.0,1382.0,Oil & Gas Field Exploration Services,OTC
NSIT,United States,DE,1231.0,5961.0,Retail-Catalog & Mail-Order Houses,Nasdaq
NSLR,United States,MD,1231.0,,,"Nasdaq,Nasdaq"
NSP,United States,DE,1231.0,7363.0,Services-Help Supply Services,NYSE
NSPR,United States,DE,1231.0,3841.0,Surgical & Medical Instruments & Apparat,Nasdaq
NSRCF,Foreign,MN,630.0,1040.0,Gold and Silver Ores,OTC
NSRX,Foreign,L3,1231.0,2834.0,Pharmaceutical Preparations,NYSE
NSSC,United States,DE,630.0,3669.0,"Communications Equipment, NEC",Nasdaq
NSTM,United States,FL,1231.0,5990.0,"Retail-Retail Stores, NEC",OTC
NSTS,United States,,1231.0,6035.0,"Savings Institution, Federally Chartered",Nasdaq
NSYS,United States,MN,1231.0,3679.0,"Electronic Components, NEC",Nasdaq
NTAP,United States,CA,430.0,3572.0,Computer Storage Devices,Nasdaq
NTB,Foreign,D0,1231.0,6029.0,"Commercial Banks, NEC",NYSE
NTCL,Foreign,E9,,7372.0,Services-Prepackaged Software,Nasdaq
NTCS,United States,WY,430.0,7374.0,Services-Computer Processing & Data Prep,
NTCT,United States,DE,331.0,7373.0,Services-Computer Integrated Systems Des,Nasdaq
NTES,Foreign,E9,,7372.0,Services-Prepackaged Software,"Nasdaq,OTC"
NTGR,United States,DE,1231.0,3576.0,Computer Communications Equipment,Nasdaq
NTHI,United States,DE,1231.0,2834.0,Pharmaceutical Preparations,Nasdaq
NTIC,United States,DE,831.0,3470.0,"Coating, Engraving & Allied Services",Nasdaq
NTIP,United States,MA,1231.0,6794.0,Patent Owners & Lessors,NYSE
NTLA,United States,DE,1231.0,2835.0,In Vitro & In Vivo Diagnostic Substances,Nasdaq
NTNX,United States,DE,731.0,7372.0,Services-Prepackaged Software,Nasdaq
NTPIF,Foreign,D8,1231.0,6500.0,Real Estate,OTC
NTR,Foreign,Z4,1231.0,2870.0,Agricultural Chemicals,NYSE
NTRA,United States,DE,1231.0,8071.0,Services-Medical Laboratories,Nasdaq
NTRB,United States,NV,131.0,3842.0,"Orthopedic, Prosthetic & Surgical Applia","Nasdaq,Nasdaq"
NTRP,United States,,228.0,4700.0,Transportation Services,Nasdaq
NTRR,United States,WY,131.0,2833.0,Medicinal Chemicals & Botanical Products,OTC
NTRS,United States,DE,1231.0,6022.0,State Commercial Banks,"Nasdaq,Nasdaq"
NTSK,United States,DE,131.0,7372.0,Services-Prepackaged Software,Nasdaq
NTST,United States,MD,1231.0,6798.0,Real Estate Investment Trusts,NYSE
NTTYY,Foreign,M0,331.0,4813.0,Telephone Communications (No Radioteleph,OTC
NTWK,United States,NV,630.0,7372.0,Services-Prepackaged Software,Nasdaq
NTWO,United States,E9,1231.0,6770.0,Blank Checks,"Nasdaq,Nasdaq,Nasdaq"
NTZ,Foreign,,1231.0,2510.0,Household Furniture,NYSE
NUAI,United States,NV,1231.0,1311.0,Crude Petroleum & Natural Gas,"Nasdaq,Nasdaq"
NUCL,United States,NV,1130.0,1090.0,Miscellaneous Metal Ores,"Nasdaq,Nasdaq"
NUE,United States,DE,1231.0,3312.0,"Steel Works, Blast Furnaces & Rolling Mi",NYSE
NUMD,United States,UT,1231.0,3841.0,Surgical & Medical Instruments & Apparat,OTC
NUS,United States,DE,1231.0,5122.0,"Wholesale-Drugs, Proprietaries & Druggis",NYSE
NUTR,United States,,,4700.0,Transportation Services,Nasdaq
NUTX,United States,DE,1231.0,7389.0,"Services-Business Services, NEC",Nasdaq
NUVB,United States,DE,1231.0,2834.0,Pharmaceutical Preparations,NYSE
NUVI,United States,NV,731.0,2870.0,Agricultural Chemicals,
NUVL,United States,DE,1231.0,2834.0,Pharmaceutical Preparations,Nasdaq
NUVR,United States,MN,1231.0,4813.0,Telephone Communications (No Radioteleph,OTC
NUWE,United States,DE,1231.0,3845.0,Electromedical & Electrotherapeutic Appa,Nasdaq
NVA,Foreign,NV,630.0,1040.0,Gold and Silver Ores,"NYSE,NYSE"
NVAX,United States,DE,1231.0,2836.0,"Biological Products, (No Diagnostic Subs",Nasdaq
NVCR,United States,,1231.0,3841.0,Surgical & Medical Instruments & Apparat,Nasdaq
NVCT,United States,DE,1231.0,2834.0,Pharmaceutical Preparations,Nasdaq
NVDA,United States,DE,131.0,3674.0,Semiconductors & Related Devices,Nasdaq
NVEC,United States,MN,331.0,3674.0,Semiconductors & Related Devices,Nasdaq
NVGS,Foreign,1T,1231.0,4412.0,Deep Sea Foreign Transportation of  Frei,NYSE
NVMI,Foreign,,1231.0,3827.0,Optical Instruments & Lenses,Nasdaq
NVNI,Foreign,E9,1231.0,7372.0,Services-Prepackaged Software,"Nasdaq,Nasdaq"
NVNO,United States,DE,1231.0,3841.0,Surgical & Medical Instruments & Apparat,Nasdaq
NVR,United States,VA,1231.0,1531.0,Operative Builders,NYSE
NVRI,United States,DE,1231.0,4953.0,Refuse Systems,NYSE
NVS,Foreign,V8,1231.0,2834.0,Pharmaceutical Preparations,"NYSE,OTC"
NVST,United States,DE,1231.0,3843.0,Dental Equipment & Supplies,NYSE
NVT,United States,L2,1231.0,3550.0,Special Industry Machinery (No Metalwork,NYSE
NVTS,United States,DE,1231.0,3674.0,Semiconductors & Related Devices,Nasdaq
NVVE,United States,DE,1231.0,3690.0,"Miscellaneous Electrical Machinery, Equi",OTC
NVX,Foreign,C3,1231.0,3690.0,"Miscellaneous Electrical Machinery, Equi","Nasdaq,OTC"
NWBI,United States,MD,1231.0,6021.0,National Commercial Banks,Nasdaq
NWBO,United States,DE,1231.0,2834.0,Pharmaceutical Preparations,OTC
NWE,United States,DE,1231.0,4931.0,Electric & Other Services Combined,Nasdaq
NWFL,United States,PA,1231.0,6022.0,State Commercial Banks,Nasdaq
NWGL,Foreign,D8,1231.0,2400.0,Lumber & Wood Products (No Furniture),Nasdaq
NWL,United States,DE,1231.0,3089.0,"Plastics Products, NEC",Nasdaq
NWN,United States,OR,1231.0,4924.0,Natural Gas Distribution,NYSE
NWPP,United States,VA,1231.0,6022.0,State Commercial Banks,OTC
NWPX,United States,OR,1231.0,3317.0,Steel Pipe & Tubes,Nasdaq
NWS,United States,DE,630.0,2711.0,Newspapers: Publishing or  Publishing & ,"Nasdaq,Nasdaq,OTC"
NWTG,United States,DE,1231.0,3949.0,"Sporting & Athletic Goods, NEC",Nasdaq
NX,United States,DE,1031.0,3350.0,Rolling Drawing & Extruding of  Nonferro,NYSE
NXB,United States,NV,1231.0,3730.0,Ship & Boat Building & Repairing,NYSE
NXDR,United States,DE,1231.0,7370.0,"Services-Computer Programming, Data Proc",NYSE
NXDT,United States,DE,1231.0,6798.0,Real Estate Investment Trusts,"NYSE,NYSE"
NXE,Foreign,A1,1231.0,1090.0,Miscellaneous Metal Ores,NYSE
NXGL,United States,DE,1231.0,3841.0,Surgical & Medical Instruments & Apparat,"Nasdaq,Nasdaq"
NXL,United States,DE,1231.0,3845.0,Electromedical & Electrotherapeutic Appa,Nasdaq
NXMH,United States,,430.0,2000.0,Food and Kindred Products,
NXNT,United States,DE,1231.0,7372.0,Services-Prepackaged Software,OTC
NXPI,Foreign,,1231.0,3674.0,Semiconductors & Related Devices,Nasdaq
NXPL,United States,NV,1231.0,4813.0,Telephone Communications (No Radioteleph,Nasdaq
NXRT,United States,MD,1231.0,6798.0,Real Estate Investment Trusts,NYSE
NXST,United States,DE,1231.0,4833.0,Television Broadcasting Stations,Nasdaq
NXT,United States,DE,331.0,3674.0,Semiconductors & Related Devices,Nasdaq
NXTC,United States,DE,1231.0,2834.0,Pharmaceutical Preparations,Nasdaq
NXTS,United States,NV,1231.0,2834.0,Pharmaceutical Preparations,Nasdaq
NXTT,United States,WY,1231.0,7374.0,Services-Computer Processing & Data Prep,Nasdaq
NXXT,United States,DE,1231.0,5500.0,Retail-Auto Dealers & Gasoline Stations,Nasdaq
NYAX,Foreign,L3,1231.0,7372.0,Services-Prepackaged Software,Nasdaq
NYC,United States,MD,1231.0,6798.0,Real Estate Investment Trusts,NYSE
NYMXF,Foreign,,1231.0,2835.0,In Vitro & In Vivo Diagnostic Substances,OTC
NYT,United States,NY,1231.0,2711.0,Newspapers: Publishing or  Publishing & ,NYSE
NYXH,Foreign,C9,1231.0,3841.0,Surgical & Medical Instruments & Apparat,Nasdaq
O,United States,MD,1231.0,6798.0,Real Estate Investment Trusts,NYSE
OABI,United States,DE,1231.0,8731.0,Services-Commercial Physical & Biologica,"Nasdaq,Nasdaq"
OAK-PA,United States,DE,1231.0,6282.0,Investment Advice,"NYSE,NYSE"
OBAI,United States,DE,1231.0,4899.0,"Communications Services, NEC",Nasdaq
OBDC,United States,MD,1231.0,,,NYSE
OBE,Foreign,A0,1231.0,1311.0,Crude Petroleum & Natural Gas,NYSE
OBIO,United States,DE,1231.0,3841.0,Surgical & Medical Instruments & Apparat,Nasdaq
OBK,United States,LA,1231.0,6022.0,State Commercial Banks,NYSE
OBT,United States,DE,1231.0,6022.0,State Commercial Banks,Nasdaq
OBTC,United States,DE,1231.0,6221.0,Commodity Contracts Brokers & Dealers,Nasdaq
OBX,United States,,1231.0,2834.0,Pharmaceutical Preparations,Nasdaq
OC,United States,DE,1231.0,3290.0,"Abrasive, Asbestos & Misc Nonmetallic Mi",NYSE
OCC,United States,VA,1031.0,3357.0,Drawing & Insulating of  Nonferrous Wire,Nasdaq
OCEA,United States,DE,1231.0,2834.0,Pharmaceutical Preparations,OTC
OCFC,United States,DE,1231.0,6021.0,National Commercial Banks,Nasdaq
OCG,Foreign,E9,1231.0,7380.0,Services-Miscellaneous Business Services,Nasdaq
OCGN,United States,DE,1231.0,2836.0,"Biological Products, (No Diagnostic Subs",Nasdaq
OCLN,United States,NV,1231.0,3559.0,"Special Industry Machinery, NEC",OTC
OCSL,United States,DE,930.0,,,Nasdaq
OCTV,United States,L2,1231.0,7372.0,Services-Prepackaged Software,"Nasdaq,OTC"
OCUL,United States,DE,1231.0,2834.0,Pharmaceutical Preparations,Nasdaq
ODC,United States,DE,731.0,3990.0,Miscellaneous Manufacturing Industries,NYSE
ODFL,United States,VA,1231.0,4213.0,Trucking (No Local),Nasdaq
ODRS,United States,UT,930.0,3949.0,"Sporting & Athletic Goods, NEC",OTC
ODTX,United States,DE,1231.0,2836.0,"Biological Products, (No Diagnostic Subs",Nasdaq
ODV,Foreign,Z4,1231.0,1040.0,Gold and Silver Ores,"NYSE,Nasdaq,OTC"
ODYS,United States,,1231.0,7373.0,Services-Computer Integrated Systems Des,Nasdaq
ODYY,United States,NV,731.0,3841.0,Surgical & Medical Instruments & Apparat,OTC
OEC,Foreign,,1231.0,2890.0,Miscellaneous Chemical Products,NYSE
OESX,United States,WI,331.0,3640.0,Electric Lighting & Wiring Equipment,Nasdaq
OFAL,Foreign,E9,331.0,8711.0,Services-Engineering Services,Nasdaq
OFG,United States,PR,1231.0,6022.0,State Commercial Banks,NYSE
OFIX,United States,,1223.0,3841.0,Surgical & Medical Instruments & Apparat,Nasdaq
OFLX,United States,PA,1231.0,3430.0,"Heating Equip, Except Elec & Warm Air; &",Nasdaq
OFRM,United States,DE,1231.0,2000.0,Food and Kindred Products,NYSE
OFS,United States,,1231.0,,,"Nasdaq,Nasdaq,Nasdaq"
OGE,United States,OK,1231.0,4911.0,Electric Services,NYSE
OGEN,United States,FL,1231.0,2834.0,Pharmaceutical Preparations,NYSE
OGI,Foreign,Z4,930.0,2834.0,Pharmaceutical Preparations,Nasdaq
OGN,United States,,1231.0,2834.0,Pharmaceutical Preparations,NYSE
OGS,United States,OK,1231.0,4924.0,Natural Gas Distribution,NYSE
OHI,United States,MD,1231.0,6798.0,Real Estate Investment Trusts,NYSE
OI,United States,DE,1231.0,3221.0,Glass Containers,NYSE
OII,United States,DE,1231.0,1389.0,"Oil & Gas Field Services, NEC",NYSE
OIO,Foreign,E9,,4953.0,Refuse Systems,"Nasdaq,Nasdaq"
OIS,United States,DE,1231.0,3533.0,Oil & Gas Field Machinery & Equipment,NYSE
OKE,United States,OK,1231.0,4923.0,Natural Gas Transmisison & Distribution,NYSE
OKLO,United States,DE,1231.0,4911.0,Electric Services,NYSE
OKMN,United States,NV,630.0,1311.0,Crude Petroleum & Natural Gas,
OKTA,United States,DE,131.0,7372.0,Services-Prepackaged Software,Nasdaq
OKUR,United States,DE,1231.0,2834.0,Pharmaceutical Preparations,Nasdaq
OKYO,Foreign,,,2836.0,"Biological Products, (No Diagnostic Subs",Nasdaq
OLB,United States,DE,1231.0,7389.0,"Services-Business Services, NEC",Nasdaq
OLED,United States,PA,1231.0,3670.0,Electronic Components & Accessories,Nasdaq
OLLI,United States,DE,130.0,5331.0,Retail-Variety Stores,Nasdaq
OLMA,United States,DE,1231.0,2834.0,Pharmaceutical Preparations,Nasdaq
OLN,United States,VA,1231.0,2800.0,Chemicals & Allied Products,NYSE
OLOX,United States,DE,1231.0,5030.0,Wholesale-Lumber & Other Construction Ma,Nasdaq
OLP,United States,MD,1231.0,6798.0,Real Estate Investment Trusts,NYSE
OLPX,United States,DE,1231.0,2844.0,"Perfumes, Cosmetics & Other Toilet Prepa",Nasdaq
OM,United States,DE,1231.0,3845.0,Electromedical & Electrotherapeutic Appa,Nasdaq
OMC,United States,NY,1231.0,7311.0,Services-Advertising Agencies,NYSE
OMCC,United States,FL,331.0,6153.0,Short-Term Business Credit Institutions,
OMCL,United States,DE,1231.0,3571.0,Electronic Computers,Nasdaq
OMDA,United States,DE,1231.0,8000.0,Services-Health Services,Nasdaq
OMER,United States,WA,1231.0,2834.0,Pharmaceutical Preparations,Nasdaq
OMEX,United States,NV,1231.0,4400.0,Water Transportation,Nasdaq
OMF,United States,DE,1231.0,6141.0,Personal Credit Institutions,NYSE
OMH,Foreign,E9,1231.0,6531.0,Real Estate Agents & Managers (For Other,Nasdaq
OMQS,United States,DE,1231.0,7373.0,Services-Computer Integrated Systems Des,OTC
OMSE,Foreign,,,3533.0,Oil & Gas Field Machinery & Equipment,Nasdaq
OMTK,United States,,1231.0,3714.0,Motor Vehicle Parts & Accessories,OTC
ON,United States,DE,1231.0,3674.0,Semiconductors & Related Devices,Nasdaq
ONAR,United States,NV,1231.0,7310.0,Services-Advertising,OTC
ONB,United States,IN,1231.0,6021.0,National Commercial Banks,"Nasdaq,Nasdaq,Nasdaq"
ONC,United States,,1231.0,2834.0,Pharmaceutical Preparations,"Nasdaq,OTC"
ONCH,United States,E9,1231.0,6770.0,Blank Checks,"Nasdaq,Nasdaq,Nasdaq"
ONCO,United States,DE,1231.0,2834.0,Pharmaceutical Preparations,Nasdaq
ONCY,Foreign,NV,1231.0,2834.0,Pharmaceutical Preparations,Nasdaq
ONDS,United States,NV,1231.0,3663.0,Radio & Tv Broadcasting & Communications,Nasdaq
ONEG,Foreign,,,1520.0,General Bldg Contractors - Residential B,Nasdaq
ONEI,United States,NV,1231.0,7374.0,Services-Computer Processing & Data Prep,OTC
ONEW,United States,DE,930.0,5531.0,Retail-Auto & Home Supply Stores,Nasdaq
ONFO,United States,DE,1231.0,7374.0,Services-Computer Processing & Data Prep,"Nasdaq,OTC,Nasdaq"
ONIT,United States,FL,1231.0,6162.0,Mortgage Bankers & Loan Correspondents,NYSE
ONL,United States,MD,1231.0,6798.0,Real Estate Investment Trusts,NYSE
ONMD,United States,DE,1231.0,8731.0,Services-Commercial Physical & Biologica,"Nasdaq,Nasdaq"
ONON,Foreign,V8,1231.0,3021.0,Rubber & Plastics Footwear,NYSE
ONT,United States,DE,1231.0,8742.0,Services-Management Consulting Services,NYSE
ONTO,United States,DE,1226.0,3829.0,"Measuring & Controlling Devices, NEC",NYSE
OOMA,United States,DE,131.0,7374.0,Services-Computer Processing & Data Prep,NYSE
OPAD,United States,,1231.0,6531.0,Real Estate Agents & Managers (For Other,"NYSE,OTC"
OPAL,United States,,1231.0,4932.0,Gas & Other Services Combined,Nasdaq
OPBK,United States,CA,1231.0,6022.0,State Commercial Banks,Nasdaq
OPCH,United States,DE,1231.0,8082.0,Services-Home Health Care Services,Nasdaq
OPEN,United States,,1231.0,6531.0,Real Estate Agents & Managers (For Other,"Nasdaq,Nasdaq,Nasdaq,Nas"
OPFI,United States,,1231.0,6199.0,Finance Services,NYSE
OPHC,United States,FL,1231.0,6021.0,National Commercial Banks,NYSE
OPI,United States,MD,1231.0,6500.0,Real Estate,Nasdaq
OPK,United States,DE,1231.0,2834.0,Pharmaceutical Preparations,Nasdaq
OPLN,United States,DE,1231.0,5500.0,Retail-Auto Dealers & Gasoline Stations,NYSE
OPRA,Foreign,E9,1231.0,7372.0,Services-Prepackaged Software,Nasdaq
OPRT,United States,DE,1231.0,6199.0,Finance Services,Nasdaq
OPRX,United States,NV,1231.0,7389.0,"Services-Business Services, NEC",Nasdaq
OPTT,United States,NJ,430.0,4911.0,Electric Services,NYSE
OPTU,United States,DE,1231.0,4841.0,Cable & Other Pay Television Services,NYSE
OPTX,United States,DE,1231.0,3827.0,Optical Instruments & Lenses,"Nasdaq,Nasdaq"
OPXS,United States,DE,928.0,3827.0,Optical Instruments & Lenses,Nasdaq
OPY,United States,DE,1231.0,6211.0,"Security Brokers, Dealers & Flotation Co",NYSE
OR,Foreign,A8,1231.0,1040.0,Gold and Silver Ores,NYSE
ORA,United States,DE,1231.0,4911.0,Electric Services,NYSE
ORBS,United States,TX,1231.0,6153.0,Short-Term Business Credit Institutions,Nasdaq
ORC,United States,MD,1231.0,6798.0,Real Estate Investment Trusts,NYSE
ORCL,United States,,531.0,7372.0,Services-Prepackaged Software,"NYSE,NYSE"
ORGN,United States,DE,1231.0,2860.0,Industrial Organic Chemicals,
ORGO,United States,DE,1231.0,2834.0,Pharmaceutical Preparations,Nasdaq
ORI,United States,DE,1231.0,6351.0,Surety Insurance,NYSE
ORIB,United States,NV,430.0,2840.0,"Soap, Detergents, Cleang Preparations, P",OTC
ORIC,United States,DE,1231.0,2834.0,Pharmaceutical Preparations,Nasdaq
ORIO,Foreign,A1,1231.0,6199.0,Finance Services,Nasdaq
ORIQ,United States,E9,1231.0,6770.0,Blank Checks,"Nasdaq,Nasdaq,Nasdaq"
ORIS,Foreign,,,100.0,Agricultural Production-Crops,"OTC,Nasdaq"
ORKA,United States,DE,1231.0,2834.0,Pharmaceutical Preparations,Nasdaq
ORKT,Foreign,E9,1231.0,7372.0,Services-Prepackaged Software,Nasdaq
ORLA,Foreign,Z4,1231.0,1040.0,Gold and Silver Ores,NYSE
ORLY,United States,,1231.0,5531.0,Retail-Auto & Home Supply Stores,Nasdaq
ORMP,United States,DE,1231.0,2834.0,Pharmaceutical Preparations,Nasdaq
ORN,United States,,1231.0,1600.0,Heavy Construction Other Than Bldg Const,NYSE
ORRF,United States,PA,1231.0,6022.0,State Commercial Banks,Nasdaq
OSBC,United States,DE,1231.0,6022.0,State Commercial Banks,Nasdaq
OSCR,United States,DE,1231.0,6324.0,Hospital & Medical Service Plans,NYSE
OSG,United States,DE,1231.0,6351.0,Surety Insurance,NYSE
OSIS,United States,DE,630.0,3674.0,Semiconductors & Related Devices,Nasdaq
OSK,United States,WI,1231.0,3711.0,Motor Vehicles & Passenger Car Bodies,NYSE
OSPN,United States,DE,1231.0,7373.0,Services-Computer Integrated Systems Des,Nasdaq
OSRH,United States,DE,1231.0,3841.0,Surgical & Medical Instruments & Apparat,"Nasdaq,Nasdaq"
OSS,United States,,1231.0,3571.0,Electronic Computers,Nasdaq
OST,Foreign,E9,930.0,3679.0,"Electronic Components, NEC",Nasdaq
OSTX,United States,DE,1231.0,2834.0,Pharmaceutical Preparations,NYSE
OSUR,United States,DE,1231.0,3841.0,Surgical & Medical Instruments & Apparat,Nasdaq
OSW,United States,C5,1231.0,7997.0,Services-Membership Sports & Recreation ,Nasdaq
OTAI,United States,E9,131.0,6770.0,Blank Checks,"NYSE,NYSE,NYSE"
OTEX,United States,A6,630.0,7373.0,Services-Computer Integrated Systems Des,Nasdaq
OTF,United States,MD,1231.0,,,NYSE
OTIS,United States,DE,1231.0,3600.0,Electronic & Other Electrical Equipment ,NYSE
OTLC,United States,DE,1231.0,2834.0,Pharmaceutical Preparations,OTC
OTLK,United States,DE,930.0,2836.0,"Biological Products, (No Diagnostic Subs",Nasdaq
OTLY,Foreign,V7,1231.0,2000.0,Food and Kindred Products,Nasdaq
OTTR,United States,MN,1231.0,4911.0,Electric Services,Nasdaq
OUNZ,United States,NY,131.0,6221.0,Commodity Contracts Brokers & Dealers,NYSE
OUST,United States,DE,1231.0,3569.0,General Industrial Machinery & Equipment,Nasdaq
OUT,United States,MD,1231.0,6798.0,Real Estate Investment Trusts,NYSE
OVBC,United States,OH,1231.0,6022.0,State Commercial Banks,Nasdaq
OVID,United States,DE,1231.0,2834.0,Pharmaceutical Preparations,Nasdaq
OVLY,United States,CA,1231.0,6022.0,State Commercial Banks,Nasdaq
OVTZ,United States,WY,1231.0,7389.0,"Services-Business Services, NEC",OTC
OVV,United States,DE,1231.0,1311.0,Crude Petroleum & Natural Gas,NYSE
OWL,United States,NJ,1231.0,6282.0,Investment Advice,NYSE
OWLT,United States,DE,1231.0,3829.0,"Measuring & Controlling Devices, NEC",NYSE
OWPC,United States,NV,1231.0,2834.0,Pharmaceutical Preparations,OTC
OXBR,United States,E9,1231.0,6331.0,"Fire, Marine & Casualty Insurance","Nasdaq,Nasdaq"
OXM,United States,GA,131.0,2320.0,"Men's & Boys' Furnishgs, Work Clothg, & ",NYSE
OXSQ,United States,MD,1231.0,,,"Nasdaq,Nasdaq,Nasdaq"
OXY,United States,DE,1231.0,1311.0,Crude Petroleum & Natural Gas,"NYSE,NYSE"
OYCG,United States,NV,831.0,5500.0,Retail-Auto Dealers & Gasoline Stations,OTC
OZ,United States,DE,1231.0,6500.0,Real Estate,NYSE
OZSC,United States,NV,1231.0,3690.0,"Miscellaneous Electrical Machinery, Equi",OTC
OZVN,United States,NV,630.0,4700.0,Transportation Services,"None,OTC"
P,United States,DE,131.0,3572.0,Computer Storage Devices,NYSE
PAA,United States,DE,1231.0,4610.0,Pipe Lines (No Natural Gas),"Nasdaq,OTC"
PAAC,United States,E9,1231.0,6770.0,Blank Checks,"Nasdaq,Nasdaq,Nasdaq"
PAAS,Foreign,,1231.0,1040.0,Gold and Silver Ores,"NYSE,OTC"
PACB,United States,DE,1231.0,3826.0,Laboratory Analytical Instruments,Nasdaq
PACK,United States,E9,1231.0,2670.0,Converted Paper & Paperboard Prods (No C,NYSE
PACS,United States,DE,1231.0,8051.0,Services-Skilled Nursing Care Facilities,NYSE
PAG,United States,DE,1231.0,5500.0,Retail-Auto Dealers & Gasoline Stations,NYSE
PAGP,United States,DE,1231.0,4610.0,Pipe Lines (No Natural Gas),Nasdaq
PAGS,Foreign,E9,1231.0,7374.0,Services-Computer Processing & Data Prep,NYSE
PAHC,United States,DE,630.0,2834.0,Pharmaceutical Preparations,Nasdaq
PAII,United States,E9,1231.0,6770.0,Blank Checks,"NYSE,NYSE,NYSE"
PAIYY,Foreign,E9,1231.0,8093.0,Services-Specialty Outpatient Facilities,OTC
PAL,United States,DE,1231.0,4700.0,Transportation Services,Nasdaq
PALI,United States,DE,1231.0,2836.0,"Biological Products, (No Diagnostic Subs",Nasdaq
PALL,United States,DE,1231.0,6221.0,Commodity Contracts Brokers & Dealers,NYSE
PALX,United States,DE,1231.0,3674.0,Semiconductors & Related Devices,OTC
PAM,Foreign,C1,1231.0,4911.0,Electric Services,"NYSE,OTC"
PAMT,United States,NV,1231.0,4213.0,Trucking (No Local),Nasdaq
PANL,United States,D0,1231.0,4412.0,Deep Sea Foreign Transportation of  Frei,Nasdaq
PANW,United States,DE,731.0,3577.0,"Computer Peripheral Equipment, NEC",Nasdaq
PAPL,United States,A1,,6199.0,Finance Services,NYSE
PAR,United States,DE,1231.0,3578.0,Calculating & Accounting Machines (No El,NYSE
PARK,United States,MN,1231.0,8090.0,"Services-Misc Health & Allied Services, ",Nasdaq
PASG,United States,DE,1231.0,2836.0,"Biological Products, (No Diagnostic Subs",Nasdaq
QRVO,United States,DE,403.0,3674.0,Semiconductors & Related Devices,Nasdaq
QS,United States,DE,1231.0,3690.0,"Miscellaneous Electrical Machinery, Equi",Nasdaq
QSEA,United States,E9,1130.0,6770.0,Blank Checks,"Nasdaq,Nasdaq,Nasdaq"
QSEP,United States,NV,1231.0,3533.0,Oil & Gas Field Machinery & Equipment,OTC
QSI,United States,DE,1231.0,3829.0,"Measuring & Controlling Devices, NEC",Nasdaq
QSJC,United States,NV,1231.0,7370.0,"Services-Computer Programming, Data Proc",OTC
QSOL,United States,DE,1231.0,6221.0,Commodity Contracts Brokers & Dealers,CBOE
QSR,United States,A6,1231.0,5812.0,Retail-Eating  Places,NYSE
QTEX,Foreign,L3,1231.0,3841.0,Surgical & Medical Instruments & Apparat,"Nasdaq,Nasdaq"
QTI,United States,DE,1231.0,3845.0,Electromedical & Electrotherapeutic Appa,"Nasdaq,OTC"
QTRX,United States,DE,1231.0,3826.0,Laboratory Analytical Instruments,Nasdaq
QTTB,United States,DE,1231.0,2834.0,Pharmaceutical Preparations,Nasdaq
QTWO,United States,,1231.0,7372.0,Services-Prepackaged Software,NYSE
QTZM,United States,NV,731.0,2860.0,Industrial Organic Chemicals,"None,OTC"
QUAD,United States,WI,1231.0,2750.0,Commercial Printing,NYSE
QUBT,United States,DE,1231.0,7372.0,Services-Prepackaged Software,Nasdaq
QUCY,Foreign,P7,1231.0,2834.0,Pharmaceutical Preparations,Nasdaq
QUIK,United States,CA,103.0,3674.0,Semiconductors & Related Devices,Nasdaq
QUMS,United States,E9,331.0,6770.0,Blank Checks,"Nasdaq,Nasdaq,Nasdaq"
QURE,Foreign,,1231.0,2834.0,Pharmaceutical Preparations,Nasdaq
QURT,United States,DE,1231.0,3823.0,"Industrial Instruments For Measurement, ",OTC
QVCAQ,United States,,1231.0,5961.0,Retail-Catalog & Mail-Order Houses,"OTC,OTC,OTC"
QVCCQ,United States,DE,1231.0,5961.0,Retail-Catalog & Mail-Order Houses,"OTC,OTC"
QWTR,United States,DE,1231.0,3585.0,Air-Cond & Warm Air Heatg Equip & Comm &,OTC
QXL,United States,DE,1231.0,7372.0,Services-Prepackaged Software,Nasdaq
QXO,United States,DE,1231.0,5030.0,Wholesale-Lumber & Other Construction Ma,"NYSE,NYSE"
QZMRF,Foreign,A1,731.0,1040.0,Gold and Silver Ores,OTC
R,United States,FL,1231.0,7510.0,Services-Auto Rental & Leasing (No Drive,NYSE
RAAQ,United States,E9,1231.0,6770.0,Blank Checks,
RACE,Foreign,P7,1231.0,3711.0,Motor Vehicles & Passenger Car Bodies,NYSE
RADC,United States,NV,630.0,7374.0,Services-Computer Processing & Data Prep,
RADX,Foreign,C3,630.0,2834.0,Pharmaceutical Preparations,"Nasdaq,OTC"
RAIL,United States,DE,1231.0,3743.0,Railroad Equipment,Nasdaq
RAJAF,Foreign,,1231.0,2833.0,Medicinal Chemicals & Botanical Products,OTC
RAKR,United States,NV,1231.0,2086.0,Bottled & Canned Soft Drinks & Carbonate,OTC
RAL,United States,DE,1231.0,3823.0,"Industrial Instruments For Measurement, ",NYSE
RAMP,United States,DE,331.0,7374.0,Services-Computer Processing & Data Prep,NYSE
RAND,United States,NY,1231.0,,,Nasdaq
RANG,United States,E9,1231.0,6770.0,Blank Checks,"Nasdaq,Nasdaq,Nasdaq"
RANI,United States,CA,1231.0,2834.0,Pharmaceutical Preparations,Nasdaq
RAPH,United States,NV,1231.0,2833.0,Medicinal Chemicals & Botanical Products,OTC
RAPP,United States,DE,1231.0,2834.0,Pharmaceutical Preparations,Nasdaq
RARE,United States,DE,1231.0,2834.0,Pharmaceutical Preparations,Nasdaq
RAVE,United States,MO,628.0,5140.0,Wholesale-Groceries & Related Products,Nasdaq
RAY,Foreign,D8,,3630.0,Household Appliances,Nasdaq
RAYA,Foreign,E9,,3621.0,Motors & Generators,Nasdaq
RBA,United States,A6,1231.0,7389.0,"Services-Business Services, NEC",NYSE
RBB,United States,CA,1231.0,6022.0,State Commercial Banks,Nasdaq
RBBN,United States,DE,1231.0,7373.0,Services-Computer Integrated Systems Des,Nasdaq
RBC,United States,,329.0,3562.0,Ball & Roller Bearings,NYSE
RBCAA,United States,KY,1231.0,6022.0,State Commercial Banks,Nasdaq
RBKB,United States,MD,1231.0,6036.0,"Savings Institutions, Not Federally Char",Nasdaq
RBLX,United States,NV,1231.0,7372.0,Services-Prepackaged Software,NYSE
RBNE,Foreign,1T,1231.0,4412.0,Deep Sea Foreign Transportation of  Frei,Nasdaq
RBOT,United States,DE,1231.0,3842.0,"Orthopedic, Prosthetic & Surgical Applia","OTC,OTC"
RBRK,United States,DE,131.0,7372.0,Services-Prepackaged Software,NYSE
RBTK,United States,DE,1231.0,1000.0,Metal Mining,OTC
RC,United States,MD,1231.0,6798.0,Real Estate Investment Trusts,"NYSE,NYSE,NYSE,NYSE"
RCAT,United States,,1231.0,7372.0,Services-Prepackaged Software,Nasdaq
RCEL,Foreign,DE,1231.0,3841.0,Surgical & Medical Instruments & Apparat,"Nasdaq,OTC"
RCKT,United States,DE,1231.0,2834.0,Pharmaceutical Preparations,"Nasdaq,Nasdaq"
RCKY,United States,OH,1231.0,3140.0,"Footwear, (No Rubber)",Nasdaq
RCL,United States,,1231.0,4400.0,Water Transportation,NYSE
RCMT,United States,NV,102.0,7363.0,Services-Help Supply Services,Nasdaq
RCON,Foreign,E9,630.0,1389.0,"Oil & Gas Field Services, NEC",Nasdaq
RCT,Foreign,X0,1231.0,5990.0,"Retail-Retail Stores, NEC",Nasdaq
RCUS,United States,DE,1231.0,2834.0,Pharmaceutical Preparations,NYSE
RDAC,United States,,1231.0,6770.0,Blank Checks,"Nasdaq,Nasdaq,Nasdaq"
RDAR,United States,NV,1231.0,7371.0,Services-Computer Programming Services,
RDCM,Foreign,L3,1231.0,3577.0,"Computer Peripheral Equipment, NEC",Nasdaq
RDCT,United States,NV,1231.0,7822.0,Services-Motion Picture & Video Tape Dis,
RDDT,United States,DE,1231.0,7374.0,Services-Computer Processing & Data Prep,NYSE
RDGL,United States,DE,1231.0,3841.0,Surgical & Medical Instruments & Apparat,OTC
RDGT,Foreign,E9,331.0,5912.0,Retail-Drug Stores and Proprietary Store,Nasdaq
RDHL,Foreign,L3,,2834.0,Pharmaceutical Preparations,Nasdaq
RDI,United States,NV,1231.0,7830.0,Services-Motion Picture Theaters,"Nasdaq,Nasdaq"
RDN,United States,DE,1231.0,6351.0,Surety Insurance,NYSE
RDNT,United States,DE,1231.0,8071.0,Services-Medical Laboratories,Nasdaq
RDNW,United States,NV,1231.0,7371.0,Services-Computer Programming Services,Nasdaq
RDSC,United States,NV,430.0,8742.0,Services-Management Consulting Services,
RDVT,United States,DE,1231.0,7372.0,Services-Prepackaged Software,Nasdaq
RDW,United States,,1231.0,3760.0,Guided Missiles & Space Vehicles & Parts,NYSE
RDWR,Foreign,,1231.0,7389.0,"Services-Business Services, NEC",Nasdaq
RDY,Foreign,K7,331.0,2834.0,Pharmaceutical Preparations,NYSE
RDZN,United States,D8,331.0,6411.0,"Insurance Agents, Brokers & Service","Nasdaq,Nasdaq"
REA,United States,TX,1231.0,1000.0,Metal Mining,NYSE
REAL,United States,DE,1231.0,5900.0,Retail-Miscellaneous Retail,Nasdaq
REAX,Foreign,A6,1231.0,6531.0,Real Estate Agents & Managers (For Other,Nasdaq
REBN,United States,DE,1231.0,5812.0,Retail-Eating  Places,Nasdaq
RECT,Foreign,E9,331.0,3420.0,"Cutlery, Handtools & General Hardware",Nasdaq
REE,Foreign,L3,,3711.0,Motor Vehicles & Passenger Car Bodies,OTC
REED,United States,DE,1231.0,2086.0,Bottled & Canned Soft Drinks & Carbonate,NYSE
REEMF,Foreign,A1,1231.0,1040.0,Gold and Silver Ores,OTC
REFI,United States,MD,1231.0,6798.0,Real Estate Investment Trusts,Nasdaq
REFR,United States,DE,1231.0,6794.0,Patent Owners & Lessors,Nasdaq
REG,United States,FL,1231.0,6798.0,Real Estate Investment Trusts,"Nasdaq,Nasdaq,Nasdaq"
REGN,United States,NY,1231.0,2834.0,Pharmaceutical Preparations,Nasdaq
REI,United States,NV,1231.0,1311.0,Crude Petroleum & Natural Gas,NYSE
REKR,United States,DE,1231.0,3669.0,"Communications Equipment, NEC",Nasdaq
RELL,United States,DE,530.0,5065.0,"Wholesale-Electronic Parts & Equipment, ",Nasdaq
RELX,Foreign,X0,1231.0,7389.0,"Services-Business Services, NEC","NYSE,OTC"
RELY,United States,DE,1231.0,7389.0,"Services-Business Services, NEC",Nasdaq
RENEF,United States,E9,1231.0,6770.0,Blank Checks,"OTC,OTC,OTC"
RENT,United States,DE,131.0,5990.0,"Retail-Retail Stores, NEC",Nasdaq
RENX,United States,DE,1231.0,4953.0,Refuse Systems,Nasdaq
REPL,United States,DE,331.0,2836.0,"Biological Products, (No Diagnostic Subs",Nasdaq
REPX,United States,DE,1231.0,1311.0,Crude Petroleum & Natural Gas,NYSE
RERE,Foreign,,1231.0,5990.0,"Retail-Retail Stores, NEC",NYSE
RES,United States,,1231.0,1389.0,"Oil & Gas Field Services, NEC",NYSE
RETO,Foreign,D8,1231.0,3290.0,"Abrasive, Asbestos & Misc Nonmetallic Mi",Nasdaq
REVB,United States,DE,1231.0,2834.0,Pharmaceutical Preparations,"Nasdaq,Nasdaq"
REX,United States,DE,131.0,2860.0,Industrial Organic Chemicals,NYSE
REXR,United States,MD,1231.0,6798.0,Real Estate Investment Trusts,"NYSE,NYSE,NYSE"
REYN,United States,DE,1231.0,2673.0,"Plastics, Foil & Coated Paper Bags",Nasdaq
REZI,United States,DE,1231.0,5072.0,Wholesale-Hardware,NYSE
RF,United States,DE,1231.0,6021.0,National Commercial Banks,"NYSE,NYSE,NYSE,NYSE"
RFAI,United States,E9,1231.0,6770.0,Blank Checks,"Nasdaq,Nasdaq,Nasdaq"
RFAM,United States,E9,930.0,6770.0,Blank Checks,"Nasdaq,Nasdaq,Nasdaq"
RFIL,United States,NV,1031.0,3678.0,Electronic Connectors,Nasdaq
RFL,United States,DE,731.0,2834.0,Pharmaceutical Preparations,NYSE
RGA,United States,MO,1231.0,6311.0,Life Insurance,"NYSE,NYSE"
RGBP,United States,NV,930.0,2834.0,Pharmaceutical Preparations,"OTC,OTC"
RGC,Foreign,E9,,2833.0,Medicinal Chemicals & Botanical Products,Nasdaq
RGCO,United States,VA,930.0,4923.0,Natural Gas Transmisison & Distribution,Nasdaq
RGEN,United States,DE,1231.0,2836.0,"Biological Products, (No Diagnostic Subs",Nasdaq
RGLD,United States,DE,1231.0,6795.0,Mineral Royalty Traders,Nasdaq
RGNT,Foreign,L3,1231.0,3842.0,"Orthopedic, Prosthetic & Surgical Applia",NYSE
RGNX,United States,,1231.0,2836.0,"Biological Products, (No Diagnostic Subs",Nasdaq
RGP,United States,DE,531.0,7389.0,"Services-Business Services, NEC",Nasdaq
RGPX,United States,NV,1231.0,2834.0,Pharmaceutical Preparations,OTC
RGR,United States,DE,1231.0,3480.0,"Ordnance & Accessories, (No Vehicles/Gui",NYSE
RGS,United States,MN,630.0,7200.0,Services-Personal Services,Nasdaq
RGTI,United States,DE,1231.0,7371.0,Services-Computer Programming Services,"Nasdaq,Nasdaq"
RH,United States,DE,131.0,5712.0,Retail-Furniture Stores,NYSE
RHEP,United States,,1231.0,6519.0,"Lessors of  Real Property, NEC","OTC,OTC,OTC,OTC"
RHI,United States,DE,1231.0,7363.0,Services-Help Supply Services,NYSE
RHLD,United States,NV,1231.0,6199.0,Finance Services,NYSE
RHNO,United States,NV,1231.0,1700.0,Construction - Special Trade Contractors,OTC
RHP,United States,DE,1231.0,6798.0,Real Estate Investment Trusts,NYSE
RIBB,United States,E9,1231.0,6770.0,Blank Checks,"Nasdaq,Nasdaq,Nasdaq"
RICK,United States,TX,930.0,5812.0,Retail-Eating  Places,Nasdaq
RIG,United States,V8,1231.0,1381.0,Drilling Oil & Gas Wells,NYSE
RIGL,United States,DE,1231.0,2834.0,Pharmaceutical Preparations,Nasdaq
RILY,United States,DE,1231.0,6282.0,Investment Advice,"Nasdaq,Nasdaq,Nasdaq,Nas"
RIME,United States,DE,1231.0,7373.0,Services-Computer Integrated Systems Des,Nasdaq
RIO,Foreign,X0,1231.0,1000.0,Metal Mining,"NYSE,OTC"
RIOT,United States,NV,1231.0,6199.0,Finance Services,Nasdaq
RITE,United States,TX,1231.0,1090.0,Miscellaneous Metal Ores,OTC
RITM,United States,,1231.0,6798.0,Real Estate Investment Trusts,"NYSE,NYSE,NYSE,NYSE,NYSE"
RITR,Foreign,E9,331.0,6510.0,Real Estate Operators (No Developers) & ,Nasdaq
RIVN,United States,DE,1231.0,3711.0,Motor Vehicles & Passenger Car Bodies,Nasdaq
RJET,United States,DE,1231.0,4512.0,"Air Transportation, Scheduled",Nasdaq
RJF,United States,FL,930.0,6211.0,"Security Brokers, Dealers & Flotation Co",NYSE
RKDA,United States,DE,1231.0,1311.0,Crude Petroleum & Natural Gas,Nasdaq
RKLB,United States,,1231.0,3760.0,Guided Missiles & Space Vehicles & Parts,Nasdaq
RKT,United States,MI,1231.0,6162.0,Mortgage Bankers & Loan Correspondents,NYSE
RKTO,United States,NV,1231.0,2834.0,Pharmaceutical Preparations,Nasdaq
RL,United States,DE,328.0,2320.0,"Men's & Boys' Furnishgs, Work Clothg, & ",NYSE
RLAY,United States,DE,1231.0,2836.0,"Biological Products, (No Diagnostic Subs",Nasdaq
RLBY,United States,TX,1231.0,7363.0,Services-Help Supply Services,OTC
RLEA,United States,NV,1231.0,3714.0,Motor Vehicle Parts & Accessories,OTC
RLFTY,Foreign,V8,1231.0,2834.0,Pharmaceutical Preparations,
RLGT,United States,DE,630.0,4731.0,Arrangement of  Transportation of  Freig,NYSE
RLI,United States,DE,1231.0,6331.0,"Fire, Marine & Casualty Insurance",NYSE
RLJ,United States,MD,1231.0,6798.0,Real Estate Investment Trusts,"NYSE,NYSE"
RLMD,United States,NV,1231.0,2834.0,Pharmaceutical Preparations,Nasdaq
RLX,Foreign,E9,1231.0,2111.0,Cigarettes,NYSE
RLYB,United States,DE,1231.0,2834.0,Pharmaceutical Preparations,Nasdaq
RM,United States,DE,1231.0,6141.0,Personal Credit Institutions,NYSE
RMAX,United States,CO,1231.0,6531.0,Real Estate Agents & Managers (For Other,NYSE
RMBI,United States,,1231.0,6022.0,State Commercial Banks,Nasdaq
RMBS,United States,DE,1231.0,3674.0,Semiconductors & Related Devices,Nasdaq
RMCF,United States,DE,228.0,2060.0,Sugar & Confectionery Products,Nasdaq
RMCO,United States,DE,1231.0,6794.0,Patent Owners & Lessors,"Nasdaq,Nasdaq"
RMD,United States,DE,630.0,3841.0,Surgical & Medical Instruments & Apparat,"NYSE,OTC"
RMGL,United States,NV,531.0,8200.0,Services-Educational Services,OTC
RMHI,United States,NV,930.0,2834.0,Pharmaceutical Preparations,
RMIX,United States,,1231.0,3272.0,"Concrete Products, Except Block & Brick",Nasdaq
RMNI,United States,DE,1231.0,7389.0,"Services-Business Services, NEC",Nasdaq
RMR,United States,MD,930.0,8742.0,Services-Management Consulting Services,Nasdaq
RMSG,Foreign,E9,,7370.0,"Services-Computer Programming, Data Proc","Nasdaq,Nasdaq"
RMSL,United States,NV,1231.0,7200.0,Services-Personal Services,OTC
RMTG,United States,,1231.0,5990.0,"Retail-Retail Stores, NEC",OTC
RMTHF,Foreign,L3,1231.0,7372.0,Services-Prepackaged Software,
RMTI,United States,DE,1231.0,2834.0,Pharmaceutical Preparations,Nasdaq
RMXI,United States,NV,1231.0,7370.0,"Services-Computer Programming, Data Proc","OTC,OTC"
RNA,United States,DE,1231.0,2834.0,Pharmaceutical Preparations,Nasdaq
RNAC,United States,DE,1231.0,2834.0,Pharmaceutical Preparations,Nasdaq
RNAZ,United States,DE,1231.0,2834.0,Pharmaceutical Preparations,Nasdaq
RNG,United States,,1231.0,7374.0,Services-Computer Processing & Data Prep,NYSE
RNGC,United States,,331.0,1040.0,Gold and Silver Ores,OTC
RNGE,United States,NV,1231.0,1600.0,Heavy Construction Other Than Bldg Const,OTC
RNGR,United States,TX,1231.0,1389.0,"Oil & Gas Field Services, NEC",NYSE
RNLXY,Foreign,X0,630.0,8071.0,Services-Medical Laboratories,OTC
RNR,United States,D0,1231.0,6331.0,"Fire, Marine & Casualty Insurance","NYSE,NYSE,NYSE"
RNST,United States,MS,1231.0,6022.0,State Commercial Banks,NYSE
RNTX,United States,,1231.0,2834.0,Pharmaceutical Preparations,Nasdaq
RNXT,United States,DE,1231.0,2834.0,Pharmaceutical Preparations,Nasdaq
ROAD,United States,DE,930.0,1600.0,Heavy Construction Other Than Bldg Const,Nasdaq
ROC,United States,CO,1231.0,7372.0,Services-Prepackaged Software,Nasdaq
ROCK,United States,DE,1231.0,3310.0,"Steel Works, Blast Furnaces & Rolling & ",Nasdaq
ROG,United States,MA,1231.0,2821.0,"Plastic Materials, Synth Resins & Nonvul",NYSE
ROIV,United States,D0,331.0,2834.0,Pharmaceutical Preparations,Nasdaq
ROK,United States,DE,930.0,3829.0,"Measuring & Controlling Devices, NEC",NYSE
ROKU,United States,DE,1231.0,4841.0,Cable & Other Pay Television Services,Nasdaq
ROL,United States,DE,1231.0,7340.0,Services-To Dwellings & Other Buildings,NYSE
ROLR,United States,DE,1231.0,7900.0,Services-Amusement & Recreation Services,NYSE
ROMA,Foreign,E9,331.0,8742.0,Services-Management Consulting Services,Nasdaq
ROOT,United States,DE,1231.0,6331.0,"Fire, Marine & Casualty Insurance",Nasdaq
ROP,United States,DE,1231.0,3823.0,"Industrial Instruments For Measurement, ",Nasdaq
ROST,United States,DE,201.0,5651.0,Retail-Family Clothing Stores,Nasdaq
ROYL,United States,DE,1231.0,1311.0,Crude Petroleum & Natural Gas,OTC
RPAY,United States,DE,1231.0,7389.0,"Services-Business Services, NEC",Nasdaq
RPC,United States,DE,1231.0,6282.0,Investment Advice,NYSE
RPD,United States,DE,1231.0,7372.0,Services-Prepackaged Software,Nasdaq
RPDL,United States,NV,131.0,8200.0,Services-Educational Services,
RPID,United States,DE,1231.0,3826.0,Laboratory Analytical Instruments,Nasdaq
RPM,United States,DE,531.0,2851.0,"Paints, Varnishes, Lacquers, Enamels & A",NYSE
RPMT,United States,DE,1231.0,7372.0,Services-Prepackaged Software,OTC
RPRX,United States,X0,1231.0,2834.0,Pharmaceutical Preparations,Nasdaq
RPT,United States,MD,1231.0,6798.0,Real Estate Investment Trusts,"NYSE,NYSE"
RR,United States,NV,930.0,3569.0,General Industrial Machinery & Equipment,Nasdaq
RRBI,United States,LA,1231.0,6022.0,State Commercial Banks,Nasdaq
RRC,United States,DE,1231.0,1311.0,Crude Petroleum & Natural Gas,NYSE
RRGB,United States,DE,1228.0,5812.0,Retail-Eating  Places,Nasdaq
RRR,United States,DE,1231.0,7011.0,Hotels & Motels,Nasdaq
RRX,United States,WI,1231.0,3569.0,General Industrial Machinery & Equipment,NYSE
RS,United States,DE,1231.0,5051.0,Wholesale-Metals Service Centers & of fi,NYSE
RSCF,United States,UT,1231.0,3821.0,Laboratory Apparatus & Furniture,
RSG,United States,DE,1231.0,4953.0,Refuse Systems,NYSE
RSI,United States,DE,1231.0,7990.0,Services-Miscellaneous Amusement & Recre,NYSE
RSKIA,United States,CO,430.0,3669.0,"Communications Equipment, NEC",OTC
RSRV,United States,DE,1231.0,1311.0,Crude Petroleum & Natural Gas,OTC
RSSS,United States,NV,630.0,7389.0,"Services-Business Services, NEC",Nasdaq
RSVR,United States,,331.0,7900.0,Services-Amusement & Recreation Services,"Nasdaq,Nasdaq"
RTAC,United States,E9,1231.0,6770.0,Blank Checks,"Nasdaq,Nasdaq,Nasdaq"
RTB,United States,NV,1231.0,8742.0,Services-Management Consulting Services,Nasdaq
RTCJF,Foreign,E9,630.0,7372.0,Services-Prepackaged Software,OTC
RTEZ,United States,WY,331.0,2834.0,Pharmaceutical Preparations,OTC
RTGN,United States,DE,1231.0,3841.0,Surgical & Medical Instruments & Apparat,OTC
RTO,Foreign,X0,1231.0,8741.0,Services-Management Services,"NYSE,OTC"
RTON,United States,NV,331.0,5900.0,Retail-Miscellaneous Retail,OTC
RTX,United States,DE,1231.0,3724.0,Aircraft Engines & Engine Parts,NYSE
RUBI,Foreign,1T,1231.0,4400.0,Water Transportation,Nasdaq
RUM,United States,,1231.0,7370.0,"Services-Computer Programming, Data Proc","Nasdaq,Nasdaq"
RUN,United States,DE,1231.0,3690.0,"Miscellaneous Electrical Machinery, Equi",Nasdaq
RUSHA,United States,TX,1231.0,5500.0,Retail-Auto Dealers & Gasoline Stations,"Nasdaq,Nasdaq"
RVLV,United States,DE,1231.0,5961.0,Retail-Catalog & Mail-Order Houses,NYSE
RVMD,United States,DE,1231.0,2836.0,"Biological Products, (No Diagnostic Subs","Nasdaq,Nasdaq"
RVP,United States,TX,1231.0,3841.0,Surgical & Medical Instruments & Apparat,NYSE
RVPH,United States,DE,1231.0,2834.0,Pharmaceutical Preparations,OTC
RVRC,United States,DE,1231.0,2834.0,Pharmaceutical Preparations,OTC
RVRF,United States,AL,1231.0,6022.0,State Commercial Banks,OTC
RVSB,United States,WA,331.0,6035.0,"Savings Institution, Federally Chartered",Nasdaq
RVSN,Foreign,L3,1231.0,3743.0,Railroad Equipment,"Nasdaq,Nasdaq"
RVTY,United States,MA,1229.0,3826.0,Laboratory Analytical Instruments,NYSE
RWAX,United States,DE,1231.0,5000.0,Wholesale-Durable Goods,OTC
RWAY,United States,MD,1231.0,,,"Nasdaq,Nasdaq,Nasdaq"
RWDMU,United States,DE,1231.0,6500.0,Real Estate,OTC
RWT,United States,MD,1231.0,6798.0,Real Estate Investment Trusts,"NYSE,NYSE,NYSE,NYSE,NYSE"
RXO,United States,DE,1231.0,4700.0,Transportation Services,NYSE
RXRX,United States,DE,1231.0,2836.0,"Biological Products, (No Diagnostic Subs",Nasdaq
RXST,United States,DE,1231.0,3851.0,Ophthalmic Goods,Nasdaq
RXT,United States,DE,1231.0,7370.0,"Services-Computer Programming, Data Proc",Nasdaq
RY,Foreign,A6,1031.0,6029.0,"Commercial Banks, NEC","NYSE,OTC"
RYAAY,Foreign,,331.0,4512.0,"Air Transportation, Scheduled","Nasdaq,OTC"
RYAM,United States,DE,1231.0,2611.0,Pulp Mills,NYSE
RYAN,United States,DE,1231.0,6411.0,"Insurance Agents, Brokers & Service",NYSE
RYES,United States,NV,731.0,1000.0,Metal Mining,OTC
RYET,Foreign,E9,331.0,7372.0,Services-Prepackaged Software,Nasdaq
RYM,United States,NV,1231.0,700.0,Agricultural Services,Nasdaq
RYN,United States,NC,1231.0,6798.0,Real Estate Investment Trusts,NYSE
RYOJ,Foreign,M0,1231.0,8742.0,Services-Management Consulting Services,Nasdaq
RYTM,United States,DE,1231.0,2834.0,Pharmaceutical Preparations,Nasdaq
RYZ,United States,DE,1231.0,5051.0,Wholesale-Metals Service Centers & of fi,NYSE
RZLT,United States,NV,630.0,2834.0,Pharmaceutical Preparations,Nasdaq
RZLV,Foreign,X0,1231.0,7370.0,"Services-Computer Programming, Data Proc","Nasdaq,Nasdaq"
S,United States,DE,131.0,7372.0,Services-Prepackaged Software,NYSE
SA,Foreign,A6,1231.0,1040.0,Gold and Silver Ores,NYSE
SAAQ,United States,E9,1231.0,6770.0,Blank Checks,"Nasdaq,Nasdaq,Nasdaq"
SABR,United States,DE,1231.0,7370.0,"Services-Computer Programming, Data Proc",Nasdaq
SABS,United States,DE,1231.0,2836.0,"Biological Products, (No Diagnostic Subs","Nasdaq,Nasdaq"
SAC,United States,E9,1231.0,6770.0,Blank Checks,"NYSE,NYSE,NYSE"
SACH,United States,NY,1231.0,6798.0,Real Estate Investment Trusts,"NYSE,NYSE,NYSE,NYSE,NYSE"
SAFE,United States,MD,1231.0,6798.0,Real Estate Investment Trusts,NYSE
SAFT,United States,DE,1231.0,6331.0,"Fire, Marine & Casualty Insurance",Nasdaq
SAFX,United States,DE,1231.0,2860.0,Industrial Organic Chemicals,Nasdaq
SAGT,Foreign,N8,1231.0,7372.0,Services-Prepackaged Software,Nasdaq
SAH,United States,DE,1231.0,5500.0,Retail-Auto Dealers & Gasoline Stations,NYSE
SAIA,United States,DE,1231.0,4213.0,Trucking (No Local),Nasdaq
SAIC,United States,DE,129.0,7373.0,Services-Computer Integrated Systems Des,Nasdaq
SAIH,Foreign,,1231.0,6199.0,Finance Services,"Nasdaq,Nasdaq"
SAIL,United States,DE,131.0,7372.0,Services-Prepackaged Software,Nasdaq
SALM,United States,DE,1231.0,4832.0,Radio Broadcasting Stations,OTC
SAM,United States,MA,1227.0,2082.0,Malt Beverages,NYSE
SAMG,United States,DE,1231.0,6282.0,Investment Advice,Nasdaq
SAN,Foreign,U3,1231.0,6029.0,"Commercial Banks, NEC","NYSE,OTC"
SANA,United States,DE,1231.0,2836.0,"Biological Products, (No Diagnostic Subs",Nasdaq
SANG,Foreign,A6,630.0,7370.0,"Services-Computer Programming, Data Proc",Nasdaq
SANM,United States,DE,1003.0,3672.0,Printed Circuit Boards,Nasdaq
SAP,Foreign,2M,1231.0,7372.0,Services-Prepackaged Software,"NYSE,OTC"
SAR,United States,MD,228.0,,,"NYSE,NYSE,NYSE,NYSE,NYSE"
SARO,United States,DE,1231.0,3724.0,Aircraft Engines & Engine Parts,NYSE
SATL,Foreign,D8,1231.0,3663.0,Radio & Tv Broadcasting & Communications,"Nasdaq,Nasdaq"
SATT,United States,DE,1231.0,8742.0,Services-Management Consulting Services,OTC
SB,Foreign,,,4412.0,Deep Sea Foreign Transportation of  Frei,"NYSE,NYSE,NYSE"
SBAC,United States,FL,1231.0,6798.0,Real Estate Investment Trusts,Nasdaq
SBC,United States,DE,1231.0,8011.0,Services-Offices & Clinics of  Doctors o,"Nasdaq,Nasdaq"
SBCF,United States,FL,1231.0,6022.0,State Commercial Banks,Nasdaq
SBDS,United States,DE,1231.0,3949.0,"Sporting & Athletic Goods, NEC",OTC
SBET,United States,DE,1231.0,6199.0,Finance Services,Nasdaq
SBEV,United States,NV,1231.0,2080.0,Beverages,NYSE
SBFG,United States,OH,1231.0,6022.0,State Commercial Banks,Nasdaq
SBFM,United States,CO,1231.0,2834.0,Pharmaceutical Preparations,"Nasdaq,Nasdaq"
SBGI,United States,MD,1231.0,4833.0,Television Broadcasting Stations,Nasdaq
SBH,United States,,930.0,5990.0,"Retail-Retail Stores, NEC",NYSE
SBIG,United States,DE,1231.0,7371.0,Services-Computer Programming Services,"OTC,OTC"
SBLK,Foreign,1T,1231.0,4412.0,Deep Sea Foreign Transportation of  Frei,Nasdaq
SBMT,United States,A1,1231.0,1040.0,Gold and Silver Ores,NYSE
SBMW,United States,MD,1231.0,6036.0,"Savings Institutions, Not Federally Char",OTC
SBRA,United States,MD,1231.0,6798.0,Real Estate Investment Trusts,Nasdaq
SBS,Foreign,D5,1231.0,4941.0,Water Supply,NYSE
SBSI,United States,TX,1231.0,6022.0,State Commercial Banks,NYSE
SBSW,Foreign,T3,1231.0,1040.0,Gold and Silver Ores,"NYSE,OTC"
SBUX,United States,WA,928.0,5810.0,Retail-Eating & Drinking Places,Nasdaq
SCAG,Foreign,E9,630.0,3713.0,Truck & Bus Bodies,"Nasdaq,Nasdaq"
SCCO,United States,DE,1231.0,1000.0,Metal Mining,NYSE
SCE-PN,United States,CA,1231.0,4911.0,Electric Services,"NYSE,NYSE,NYSE,NYSE"
SCHL,United States,DE,531.0,2731.0,Books: Publishing or  Publishing & Print,Nasdaq
SCHW,United States,DE,1231.0,6211.0,"Security Brokers, Dealers & Flotation Co","NYSE,NYSE,NYSE"
SCI,United States,TX,1231.0,7200.0,Services-Personal Services,NYSE
SCIA,United States,,1231.0,3620.0,Electrical Industrial Apparatus,OTC
SCKT,United States,DE,1231.0,3571.0,Electronic Computers,Nasdaq
SCL,United States,DE,1231.0,2840.0,"Soap, Detergents, Cleang Preparations, P",NYSE
SCLX,United States,DE,1231.0,2836.0,"Biological Products, (No Diagnostic Subs","Nasdaq,Nasdaq"
SCM,United States,MD,1231.0,,,NYSE
SCND,United States,DE,1231.0,3826.0,Laboratory Analytical Instruments,OTC
SCNI,Foreign,L3,1231.0,2836.0,"Biological Products, (No Diagnostic Subs",Nasdaq
SCNX,United States,DE,1231.0,2834.0,Pharmaceutical Preparations,Nasdaq
SCOR,United States,DE,1231.0,7389.0,"Services-Business Services, NEC",Nasdaq
SCPQ,United States,E9,1231.0,6770.0,Blank Checks,"Nasdaq,Nasdaq,Nasdaq"
SCSC,United States,,630.0,5045.0,Wholesale-Computers & Peripheral Equipme,Nasdaq
SCTH,United States,WY,1231.0,3714.0,Motor Vehicle Parts & Accessories,OTC
SCWO,United States,DE,1231.0,3621.0,Motors & Generators,Nasdaq
SCYX,United States,,1231.0,2834.0,Pharmaceutical Preparations,Nasdaq
SCYYF,United States,A1,1231.0,1000.0,Metal Mining,OTC
SD,United States,DE,1231.0,1311.0,Crude Petroleum & Natural Gas,NYSE
SDA,Foreign,E9,1231.0,7500.0,"Services-Automotive Repair, Services & P","Nasdaq,Nasdaq"
SDCH,United States,DE,930.0,7374.0,Services-Computer Processing & Data Prep,OTC
SDEV,United States,DE,1231.0,2834.0,Pharmaceutical Preparations,NYSE
SDGR,United States,DE,1231.0,2834.0,Pharmaceutical Preparations,Nasdaq
SDHC,United States,DE,1231.0,1531.0,Operative Builders,NYSE
SDHI,United States,E9,1231.0,6770.0,Blank Checks,"Nasdaq,Nasdaq,Nasdaq"
SDM,Foreign,E9,930.0,7380.0,Services-Miscellaneous Business Services,
SDOT,United States,NV,1231.0,5810.0,Retail-Eating & Drinking Places,Nasdaq
SDRL,Foreign,,1231.0,1381.0,Drilling Oil & Gas Wells,NYSE
SDST,United States,DE,1231.0,3330.0,Primary Smelting & Refining of  Nonferro,"Nasdaq,Nasdaq"
SDSYA,United States,,1231.0,2070.0,Fats & Oils,OTC
SEAL-PA,Foreign,1T,1231.0,4400.0,Water Transportation,"NYSE,NYSE"
SEAT,United States,DE,1231.0,7990.0,Services-Miscellaneous Amusement & Recre,"Nasdaq,Nasdaq"
SEAV,United States,NV,1231.0,7380.0,Services-Miscellaneous Business Services,OTC
SEB,United States,DE,1231.0,5150.0,Wholesale-Farm Product Raw Materials,NYSE
SECZ,United States,DE,1231.0,6199.0,Finance Services,NYSE
SEDG,United States,DE,1231.0,3674.0,Semiconductors & Related Devices,Nasdaq
SEED,Foreign,D6,930.0,100.0,Agricultural Production-Crops,Nasdaq
SEER,United States,DE,1231.0,3826.0,Laboratory Analytical Instruments,Nasdaq
SEG,United States,DE,1231.0,7990.0,Services-Miscellaneous Amusement & Recre,NYSE
SEGG,United States,DE,1231.0,7372.0,Services-Prepackaged Software,"Nasdaq,Nasdaq"
SEI,United States,DE,1231.0,3533.0,Oil & Gas Field Machinery & Equipment,NYSE
SEIC,United States,PA,1231.0,6211.0,"Security Brokers, Dealers & Flotation Co",Nasdaq
SEII,United States,NV,1231.0,7373.0,Services-Computer Integrated Systems Des,OTC
SELF,United States,MD,1231.0,6798.0,Real Estate Investment Trusts,Nasdaq
SELXF,Foreign,F5,1231.0,3674.0,Semiconductors & Related Devices,OTC
SEM,United States,,1231.0,8060.0,Services-Hospitals,
SENEA,United States,NY,331.0,2033.0,"Canned, Fruits, Veg, Preserves, Jams & J","Nasdaq,Nasdaq,OTC,OTC"
SENR,United States,NV,1231.0,4955.0,Hazardous Waste Management,OTC
SENS,United States,DE,1231.0,3823.0,"Industrial Instruments For Measurement, ",Nasdaq
SEPN,United States,DE,1231.0,2834.0,Pharmaceutical Preparations,Nasdaq
SER,United States,AL,1231.0,2834.0,Pharmaceutical Preparations,NYSE
SERA,United States,DE,1231.0,8071.0,Services-Medical Laboratories,Nasdaq
SERV,United States,DE,1231.0,3569.0,General Industrial Machinery & Equipment,Nasdaq
SES,United States,,1231.0,3690.0,"Miscellaneous Electrical Machinery, Equi","NYSE,NYSE"
SEV,United States,DE,1231.0,3711.0,Motor Vehicles & Passenger Car Bodies,Nasdaq
SEVN,United States,MD,1231.0,6798.0,Real Estate Investment Trusts,Nasdaq
SEZL,United States,DE,1231.0,7389.0,"Services-Business Services, NEC",Nasdaq
SF,United States,DE,1231.0,6211.0,"Security Brokers, Dealers & Flotation Co","NYSE,NYSE,NYSE,NYSE,NYSE"
SFBC,United States,MD,1231.0,6035.0,"Savings Institution, Federally Chartered",Nasdaq
SFBS,United States,DE,1231.0,6022.0,State Commercial Banks,NYSE
SFCX,United States,NV,1231.0,7389.0,"Services-Business Services, NEC",OTC
SFD,United States,VA,103.0,2011.0,Meat Packing Plants,Nasdaq
SFDL,United States,SC,1231.0,6022.0,State Commercial Banks,
SFES,United States,PA,1231.0,6799.0,"Investors, NEC",
SFHG,Foreign,E9,1231.0,2750.0,Commercial Printing,Nasdaq
SFIX,United States,DE,731.0,5961.0,Retail-Catalog & Mail-Order Houses,Nasdaq
SFL,Foreign,,,4412.0,Deep Sea Foreign Transportation of  Frei,NYSE
SFM,United States,DE,1228.0,5411.0,Retail-Grocery Stores,Nasdaq
SFNC,United States,AR,1231.0,6021.0,National Commercial Banks,Nasdaq
SFRX,United States,,1231.0,7900.0,Services-Amusement & Recreation Services,OTC
SFST,United States,SC,1231.0,6021.0,National Commercial Banks,Nasdaq
SG,United States,DE,1231.0,5812.0,Retail-Eating  Places,NYSE
SGA,United States,FL,1231.0,4832.0,Radio Broadcasting Stations,Nasdaq
SGC,United States,FL,1231.0,2300.0,Apparel & Other Finishd Prods of  Fabric,Nasdaq
SGHC,Foreign,Y7,1231.0,7990.0,Services-Miscellaneous Amusement & Recre,NYSE
SGHT,United States,DE,1231.0,3841.0,Surgical & Medical Instruments & Apparat,Nasdaq
SGI,United States,DE,1231.0,2510.0,Household Furniture,NYSE
SGLA,United States,,630.0,5090.0,Wholesale-Misc Durable Goods,OTC
SGLY,United States,,630.0,4731.0,Arrangement of  Transportation of  Freig,Nasdaq
SGML,Foreign,Z4,1231.0,1000.0,Metal Mining,Nasdaq
SGMO,United States,DE,1231.0,2836.0,"Biological Products, (No Diagnostic Subs",OTC
SGMT,United States,DE,1231.0,2834.0,Pharmaceutical Preparations,Nasdaq
SGOL,United States,DE,1231.0,6221.0,Commodity Contracts Brokers & Dealers,NYSE
SGP,United States,DE,1231.0,3841.0,Surgical & Medical Instruments & Apparat,Nasdaq
SGRP,United States,DE,1231.0,7389.0,"Services-Business Services, NEC",OTC
SGRY,United States,DE,1231.0,8062.0,Services-General Medical & Surgical Hosp,Nasdaq
SGTM,United States,DE,1231.0,700.0,Agricultural Services,OTC
SGU,United States,DE,930.0,5990.0,"Retail-Retail Stores, NEC",NYSE
SHAK,United States,,1231.0,5810.0,Retail-Eating & Drinking Places,NYSE
SHAZ,United States,DE,1231.0,7374.0,Services-Computer Processing & Data Prep,"Nasdaq,OTC"
SHBI,United States,MD,1231.0,6021.0,National Commercial Banks,Nasdaq
SHC,United States,DE,1231.0,8090.0,"Services-Misc Health & Allied Services, ",Nasdaq
SHEL,Foreign,DC,1231.0,1311.0,Crude Petroleum & Natural Gas,"NYSE,OTC"
SHEN,United States,VA,1231.0,4813.0,Telephone Communications (No Radioteleph,Nasdaq
SHFH,United States,NV,1231.0,2844.0,"Perfumes, Cosmetics & Other Toilet Prepa",OTC
SHFS,United States,DE,1231.0,6199.0,Finance Services,"Nasdaq,Nasdaq"
SHG,Foreign,,,6021.0,National Commercial Banks,NYSE
SHGI,United States,NV,630.0,3585.0,Air-Cond & Warm Air Heatg Equip & Comm &,
SHIM,United States,DE,1231.0,1600.0,Heavy Construction Other Than Bldg Const,Nasdaq
SHIP,Foreign,1T,1231.0,4412.0,Deep Sea Foreign Transportation of  Frei,Nasdaq
SHLS,United States,DE,1231.0,3674.0,Semiconductors & Related Devices,Nasdaq
SHMD,Foreign,P7,1231.0,3590.0,Misc Industrial & Commercial Machinery &,"Nasdaq,Nasdaq"
SHO,United States,MD,1231.0,7011.0,Hotels & Motels,"NYSE,NYSE,NYSE"
SHOE,United States,IN,130.0,5661.0,Retail-Shoe Stores,Nasdaq
SHOO,United States,DE,1231.0,3140.0,"Footwear, (No Rubber)",Nasdaq
SHOP,Foreign,Z4,1231.0,7372.0,Services-Prepackaged Software,Nasdaq
SHPH,United States,DE,1231.0,2834.0,Pharmaceutical Preparations,Nasdaq
SHW,United States,OH,1231.0,5200.0,"Retail-Building Materials, Hardware, Gar",NYSE
SI,United States,DE,1231.0,3841.0,Surgical & Medical Instruments & Apparat,NYSE
SIBN,United States,DE,1231.0,3841.0,Surgical & Medical Instruments & Apparat,Nasdaq
SID,Foreign,D5,1231.0,3310.0,"Steel Works, Blast Furnaces & Rolling & ",NYSE
SIDU,United States,DE,1231.0,4812.0,Radiotelephone Communications,Nasdaq
SIEB,United States,NY,1231.0,6211.0,"Security Brokers, Dealers & Flotation Co",Nasdaq
SIF,United States,OH,930.0,3724.0,Aircraft Engines & Engine Parts,NYSE
SIFY,Foreign,,331.0,7370.0,"Services-Computer Programming, Data Proc",Nasdaq
SIG,United States,,201.0,5944.0,Retail-Jewelry Stores,NYSE
SIGA,United States,DE,1231.0,2834.0,Pharmaceutical Preparations,Nasdaq
SIGI,United States,NJ,1231.0,6331.0,"Fire, Marine & Casualty Insurance","Nasdaq,Nasdaq"
SIGY,United States,DE,1231.0,3841.0,Surgical & Medical Instruments & Apparat,OTC
SII,Foreign,A6,,6199.0,Finance Services,NYSE
SILA,United States,MD,1231.0,6798.0,Real Estate Investment Trusts,
SILC,Foreign,,1231.0,3576.0,Computer Communications Equipment,Nasdaq
SILEF,Foreign,A1,331.0,1000.0,Metal Mining,OTC
SILO,United States,NV,1231.0,2834.0,Pharmaceutical Preparations,Nasdaq
SIM,Foreign,,1231.0,3312.0,"Steel Works, Blast Furnaces & Rolling Mi",NYSE
SIMA,United States,E9,1231.0,6770.0,Blank Checks,"Nasdaq,Nasdaq,Nasdaq"
SIMO,Foreign,E9,1231.0,3674.0,Semiconductors & Related Devices,Nasdaq
SIND,United States,E9,1231.0,1040.0,Gold and Silver Ores,NYSE
SINT,United States,DE,1231.0,3841.0,Surgical & Medical Instruments & Apparat,Nasdaq
SION,United States,DE,1231.0,2834.0,Pharmaceutical Preparations,Nasdaq
SIRI,United States,,1231.0,4832.0,Radio Broadcasting Stations,Nasdaq
SITC,United States,OH,1231.0,6798.0,Real Estate Investment Trusts,NYSE
SITE,United States,DE,103.0,5040.0,Wholesale-Professional & Commercial Equi,NYSE
SITM,United States,,1231.0,3674.0,Semiconductors & Related Devices,Nasdaq
SITS,United States,NV,1231.0,7372.0,Services-Prepackaged Software,OTC
SIVR,United States,DE,1231.0,6221.0,Commodity Contracts Brokers & Dealers,NYSE
SJ,Foreign,D8,1231.0,7374.0,Services-Computer Processing & Data Prep,Nasdaq
SJM,United States,OH,430.0,2033.0,"Canned, Fruits, Veg, Preserves, Jams & J",NYSE
SKAS,United States,NV,1231.0,4581.0,"Airports, Flying Fields & Airport Termin",OTC
SKE,Foreign,A1,1231.0,1040.0,Gold and Silver Ores,NYSE
SKFG,United States,NV,1231.0,5130.0,"Wholesale-Apparel, Piece Goods & Notions",OTC
SKIL,United States,DE,131.0,7372.0,Services-Prepackaged Software,NYSE
SKIN,United States,DE,1231.0,3841.0,Surgical & Medical Instruments & Apparat,Nasdaq
SKK,Foreign,E9,1231.0,1623.0,"Water, Sewer, Pipeline, Comm & Power Lin",Nasdaq
SKKY,United States,NV,1031.0,7372.0,Services-Prepackaged Software,OTC
SKM,Foreign,,1231.0,4812.0,Radiotelephone Communications,NYSE
SKT,United States,NC,1231.0,6798.0,Real Estate Investment Trusts,NYSE
SKVI,United States,NV,1231.0,2834.0,Pharmaceutical Preparations,OTC
SKWD,United States,DE,1231.0,6331.0,"Fire, Marine & Casualty Insurance",Nasdaq
SKY,United States,IN,329.0,2451.0,Mobile Homes,NYSE
SKYA,United States,NV,1231.0,6199.0,Finance Services,"Nasdaq,Nasdaq"
SKYE,United States,NV,1231.0,2834.0,Pharmaceutical Preparations,Nasdaq
SKYH,United States,DE,1231.0,6500.0,Real Estate,"NYSE,NYSE"
SKYI,United States,NV,831.0,8741.0,Services-Management Services,OTC
SKYQ,United States,DE,1231.0,4955.0,Hazardous Waste Management,Nasdaq
SKYT,United States,,1229.0,3674.0,Semiconductors & Related Devices,Nasdaq
SKYW,United States,UT,1231.0,4512.0,"Air Transportation, Scheduled",Nasdaq
SKYX,United States,FL,1231.0,3640.0,Electric Lighting & Wiring Equipment,Nasdaq
SLAB,United States,DE,102.0,3674.0,Semiconductors & Related Devices,Nasdaq
SLB,United States,P8,1231.0,1389.0,"Oil & Gas Field Services, NEC",NYSE
SLBK,United States,VA,1231.0,6022.0,State Commercial Banks,OTC
SLBT,Foreign,E9,1231.0,2836.0,"Biological Products, (No Diagnostic Subs",Nasdaq
SLDB,United States,DE,1231.0,2836.0,"Biological Products, (No Diagnostic Subs",Nasdaq
SLDC,United States,NV,1130.0,4813.0,Telephone Communications (No Radioteleph,OTC
SLDE,United States,DE,1231.0,6331.0,"Fire, Marine & Casualty Insurance",Nasdaq
SLDP,United States,DE,1231.0,3690.0,"Miscellaneous Electrical Machinery, Equi","Nasdaq,Nasdaq"
SLE,United States,DE,1231.0,7373.0,Services-Computer Integrated Systems Des,Nasdaq
SLG,United States,MD,1231.0,6798.0,Real Estate Investment Trusts,"NYSE,NYSE"
SLGB,Foreign,,,4731.0,Arrangement of  Transportation of  Freig,Nasdaq
SLGL,Foreign,L3,1231.0,2834.0,Pharmaceutical Preparations,Nasdaq
SLGN,United States,DE,1231.0,3411.0,Metal Cans,NYSE
SLI,Foreign,A1,1231.0,2800.0,Chemicals & Allied Products,NYSE
SLM,United States,DE,1231.0,6141.0,Personal Credit Institutions,"Nasdaq,Nasdaq"
SLN,Foreign,X0,,2834.0,Pharmaceutical Preparations,"Nasdaq,OTC"
SLND,United States,DE,1231.0,1600.0,Heavy Construction Other Than Bldg Const,"NYSE,NYSE"
SLNG,United States,FL,1231.0,4924.0,Natural Gas Distribution,Nasdaq
SLNH,United States,NV,1231.0,6199.0,Finance Services,"Nasdaq,Nasdaq"
SLP,United States,,831.0,7373.0,Services-Computer Integrated Systems Des,Nasdaq
SLQT,United States,DE,630.0,6411.0,"Insurance Agents, Brokers & Service",NYSE
SLRC,United States,MD,1231.0,,,Nasdaq
SLS,United States,DE,1231.0,2834.0,Pharmaceutical Preparations,Nasdaq
SLSN,United States,DE,1231.0,2844.0,"Perfumes, Cosmetics & Other Toilet Prepa",Nasdaq
SLV,United States,NY,1231.0,6221.0,Commodity Contracts Brokers & Dealers,NYSE
SLVM,United States,DE,1231.0,2621.0,Paper Mills,NYSE
SLXN,United States,E9,1231.0,2836.0,"Biological Products, (No Diagnostic Subs","Nasdaq,Nasdaq"
SM,United States,DE,1231.0,1311.0,Crude Petroleum & Natural Gas,NYSE
SMA,United States,MD,1231.0,6798.0,Real Estate Investment Trusts,NYSE
SMBC,United States,MO,630.0,6036.0,"Savings Institutions, Not Federally Char",Nasdaq
SMBK,United States,TN,1231.0,6021.0,National Commercial Banks,NYSE
SMC,United States,DE,1231.0,4922.0,Natural Gas Transmission,NYSE
SMCI,United States,CA,630.0,3571.0,Electronic Computers,"Nasdaq,Nasdaq"
SMFG,Foreign,M0,331.0,6029.0,"Commercial Banks, NEC","NYSE,OTC"
SMG,United States,OH,930.0,2870.0,Agricultural Chemicals,NYSE
SMHI,United States,DE,1231.0,4412.0,Deep Sea Foreign Transportation of  Frei,NYSE
SMID,United States,DE,1231.0,3272.0,"Concrete Products, Except Block & Brick",Nasdaq
SMMT,Foreign,,1231.0,2834.0,Pharmaceutical Preparations,Nasdaq
SMNR,United States,DE,1231.0,2834.0,Pharmaceutical Preparations,"OTC,OTC"
SMP,United States,NY,1231.0,3714.0,Motor Vehicle Parts & Accessories,NYSE
SMPL,United States,,826.0,2000.0,Food and Kindred Products,Nasdaq
SMR,United States,,1231.0,3443.0,Fabricated Plate Work (Boiler Shops),NYSE
SMRT,United States,DE,1231.0,7373.0,Services-Computer Integrated Systems Des,NYSE
SMSI,United States,DE,1231.0,7372.0,Services-Prepackaged Software,Nasdaq
SMTC,United States,DE,131.0,3674.0,Semiconductors & Related Devices,Nasdaq
SMTI,United States,TX,1231.0,3842.0,"Orthopedic, Prosthetic & Surgical Applia",Nasdaq
SMTK,United States,DE,1231.0,3674.0,Semiconductors & Related Devices,Nasdaq
SMWB,Foreign,L3,1231.0,7370.0,"Services-Computer Programming, Data Proc",NYSE
SMX,Foreign,L2,1231.0,3590.0,Misc Industrial & Commercial Machinery &,"Nasdaq,Nasdaq"
SMXT,United States,NV,1231.0,1700.0,Construction - Special Trade Contractors,Nasdaq
SN,Foreign,E9,1231.0,3630.0,Household Appliances,NYSE
SNA,United States,DE,102.0,3420.0,"Cutlery, Handtools & General Hardware",NYSE
SNAL,United States,DE,1231.0,7372.0,Services-Prepackaged Software,Nasdaq
SNAP,United States,DE,1231.0,7370.0,"Services-Computer Programming, Data Proc",NYSE
SNBH,United States,NV,1231.0,5734.0,Retail-Computer & Computer Software Stor,OTC
SNBR,United States,MN,103.0,2510.0,Household Furniture,OTC
SND,United States,DE,1231.0,1400.0,Mining & Quarrying of  Nonmetallic Miner,Nasdaq
SNDA,United States,DE,1231.0,8050.0,Services-Nursing & Personal Care Facilit,NYSE
SNDK,United States,DE,628.0,3572.0,Computer Storage Devices,Nasdaq
SNDL,Foreign,A0,1231.0,2833.0,Medicinal Chemicals & Botanical Products,Nasdaq
SNDR,United States,WI,1231.0,4213.0,Trucking (No Local),NYSE
SNDX,United States,DE,1231.0,2834.0,Pharmaceutical Preparations,Nasdaq
SNES,United States,DE,1231.0,2870.0,Agricultural Chemicals,Nasdaq
SNEX,United States,DE,930.0,6200.0,"Security & Commodity Brokers, Dealers, E",Nasdaq
SNFCA,United States,UT,1231.0,6199.0,Finance Services,Nasdaq
SNGX,United States,DE,1231.0,2834.0,Pharmaceutical Preparations,Nasdaq
SNN,Foreign,,1231.0,3842.0,"Orthopedic, Prosthetic & Surgical Applia","NYSE,OTC"
SNNF,United States,MD,1231.0,6021.0,National Commercial Banks,OTC
SNOA,United States,DE,331.0,3841.0,Surgical & Medical Instruments & Apparat,Nasdaq
SNOW,United States,DE,131.0,7372.0,Services-Prepackaged Software,NYSE
SNPS,United States,DE,1031.0,7372.0,Services-Prepackaged Software,Nasdaq
SNPW,United States,NV,1231.0,7310.0,Services-Advertising,
SNRG,United States,DE,1231.0,4953.0,Refuse Systems,OTC
SNT,Foreign,A6,1231.0,3669.0,"Communications Equipment, NEC",Nasdaq
SNTG,Foreign,E9,1231.0,6199.0,Finance Services,Nasdaq
SNTI,United States,DE,1231.0,2836.0,"Biological Products, (No Diagnostic Subs",Nasdaq
SNTL,United States,NV,1231.0,7200.0,Services-Personal Services,OTC
SNTUF,Foreign,,1231.0,6029.0,"Commercial Banks, NEC","OTC,OTC"
SNTW,United States,NV,1231.0,4953.0,Refuse Systems,OTC
SNWV,United States,NV,1231.0,3841.0,Surgical & Medical Instruments & Apparat,Nasdaq
SNX,United States,DE,1130.0,5045.0,Wholesale-Computers & Peripheral Equipme,NYSE
SNY,Foreign,I0,1231.0,2834.0,Pharmaceutical Preparations,"Nasdaq,OTC"
SNYR,United States,NV,1231.0,2833.0,Medicinal Chemicals & Botanical Products,Nasdaq
SO,United States,DE,1231.0,4911.0,Electric Services,"NYSE,NYSE,NYSE,NYSE,NYSE"
SOAR,United States,DE,1231.0,4522.0,"Air Transportation, Nonscheduled","NYSE,OTC"
SOBO,Foreign,Z4,1231.0,4610.0,Pipe Lines (No Natural Gas),NYSE
SOBR,United States,DE,1231.0,2721.0,Periodicals: Publishing or  Publishing &,Nasdaq
SOC,United States,DE,1231.0,1311.0,Crude Petroleum & Natural Gas,NYSE
SOCA,United States,,1231.0,6770.0,Blank Checks,"Nasdaq,Nasdaq,Nasdaq"
SOCGM,United States,CA,1231.0,4922.0,Natural Gas Transmission,"OTC,OTC"
SODI,United States,DE,228.0,3674.0,Semiconductors & Related Devices,OTC
SOEZ,United States,DE,331.0,6221.0,Commodity Contracts Brokers & Dealers,NYSE
SOFI,United States,DE,1231.0,6199.0,Finance Services,Nasdaq
SOGP,Foreign,E9,1231.0,7370.0,"Services-Computer Programming, Data Proc",Nasdaq
SOHON,United States,MD,1231.0,6798.0,Real Estate Investment Trusts,"OTC,OTC"
SOHU,Foreign,E9,1231.0,7374.0,Services-Computer Processing & Data Prep,Nasdaq
SOLC,United States,DE,1231.0,6221.0,Commodity Contracts Brokers & Dealers,Nasdaq
SOLS,United States,DE,1231.0,2800.0,Chemicals & Allied Products,Nasdaq
SOLV,United States,DE,1231.0,3841.0,Surgical & Medical Instruments & Apparat,NYSE
SON,United States,SC,1231.0,2650.0,Paperboard Containers & Boxes,NYSE
SONM,United States,DE,1231.0,3661.0,Telephone & Telegraph Apparatus,Nasdaq
SONO,United States,DE,1003.0,3651.0,Household Audio & Video Equipment,Nasdaq
SONX,United States,DE,1231.0,3843.0,Dental Equipment & Supplies,
SONY,Foreign,M0,331.0,3651.0,Household Audio & Video Equipment,"NYSE,OTC"
SOPAQ,United States,NV,1231.0,7389.0,"Services-Business Services, NEC",OTC
SOPH,Foreign,V8,1231.0,7374.0,Services-Computer Processing & Data Prep,Nasdaq
SORA,Foreign,E9,,5094.0,"Wholesale-Jewelry, Watches, Precious Sto",Nasdaq
SORN,United States,E9,1231.0,6770.0,Blank Checks,"Nasdaq,Nasdaq,Nasdaq"
SOS,Foreign,E9,1231.0,6200.0,"Security & Commodity Brokers, Dealers, E",NYSE
SOTK,United States,NY,228.0,3559.0,"Special Industry Machinery, NEC",Nasdaq
SOUL,United States,E9,1231.0,6770.0,Blank Checks,"NYSE,NYSE,NYSE"
SOUN,United States,DE,1231.0,7372.0,Services-Prepackaged Software,"Nasdaq,Nasdaq"
SOWG,United States,DE,1231.0,2000.0,Food and Kindred Products,Nasdaq
SPAI,United States,DE,1231.0,3842.0,"Orthopedic, Prosthetic & Surgical Applia",Nasdaq
SPB,United States,DE,930.0,3690.0,"Miscellaneous Electrical Machinery, Equi",NYSE
SPCB,Foreign,L3,1231.0,3674.0,Semiconductors & Related Devices,Nasdaq
SPCE,United States,,1231.0,4700.0,Transportation Services,NYSE
SPCX,United States,TX,1231.0,7370.0,"Services-Computer Programming, Data Proc",Nasdaq
SPEG,United States,,1231.0,6770.0,Blank Checks,"Nasdaq,Nasdaq,Nasdaq"
SPFI,United States,TX,1231.0,6022.0,State Commercial Banks,Nasdaq
SPFX,United States,FL,1231.0,6159.0,Miscellaneous Business Credit Institutio,OTC
SPG,United States,IN,1231.0,6798.0,Real Estate Investment Trusts,"NYSE,NYSE"
SPGI,United States,NY,1231.0,7320.0,"Services-Consumer Credit Reporting, Coll",NYSE
SPH,United States,DE,926.0,5900.0,Retail-Miscellaneous Retail,NYSE
SPHL,Foreign,E9,1231.0,1520.0,General Bldg Contractors - Residential B,Nasdaq
SPHR,United States,NV,1231.0,7900.0,Services-Amusement & Recreation Services,NYSE
SPIR,United States,DE,1231.0,4899.0,"Communications Services, NEC",NYSE
SPKL,United States,DE,1231.0,6770.0,Blank Checks,"Nasdaq,Nasdaq,Nasdaq"
SPND,United States,TX,1231.0,1311.0,Crude Petroleum & Natural Gas,OTC
SPNT,United States,D0,1231.0,6331.0,"Fire, Marine & Casualty Insurance",NYSE
SPOK,United States,DE,1231.0,4812.0,Radiotelephone Communications,Nasdaq
SPOT,Foreign,N4,1231.0,4832.0,Radio Broadcasting Stations,NYSE
SPOWF,Foreign,Z4,1231.0,1311.0,Crude Petroleum & Natural Gas,OTC
SPPL,Foreign,,,8744.0,Services-Facilities Support Management S,Nasdaq
SPPP,Foreign,A6,,6221.0,Commodity Contracts Brokers & Dealers,NYSE
SPQS,United States,NJ,1231.0,7900.0,Services-Amusement & Recreation Services,OTC
SPRB,United States,DE,1231.0,2834.0,Pharmaceutical Preparations,Nasdaq
SPRC,Foreign,L3,1231.0,2834.0,Pharmaceutical Preparations,Nasdaq
SPRO,United States,DE,1231.0,2834.0,Pharmaceutical Preparations,Nasdaq
SPRS,United States,NY,1130.0,5065.0,"Wholesale-Electronic Parts & Equipment, ",OTC
SPRU,United States,DE,1231.0,4911.0,Electric Services,NYSE
SPRY,United States,DE,1231.0,2834.0,Pharmaceutical Preparations,Nasdaq
SPSC,United States,,1231.0,7372.0,Services-Prepackaged Software,Nasdaq
SPST,United States,NV,1231.0,7389.0,"Services-Business Services, NEC",OTC
SPT,United States,DE,1231.0,7372.0,Services-Prepackaged Software,Nasdaq
SPTX,United States,DE,1231.0,2834.0,Pharmaceutical Preparations,Nasdaq
SPTY,United States,NV,1231.0,7311.0,Services-Advertising Agencies,OTC
SPWH,United States,DE,201.0,5940.0,Retail-Miscellaneous Shopping Goods Stor,Nasdaq
SPWR,United States,DE,1229.0,1700.0,Construction - Special Trade Contractors,"Nasdaq,Nasdaq"
SPXC,United States,DE,1231.0,3540.0,Metalworkg Machinery & Equipment,NYSE
SQFT,United States,MD,1231.0,6798.0,Real Estate Investment Trusts,"Nasdaq,Nasdaq,Nasdaq"
SQM,Foreign,F3,1231.0,1400.0,Mining & Quarrying of  Nonmetallic Miner,NYSE
SQNS,Foreign,I0,1231.0,3674.0,Semiconductors & Related Devices,NYSE
SR,United States,MO,930.0,4924.0,Natural Gas Distribution,"NYSE,NYSE"
SRBK,United States,MD,630.0,6036.0,"Savings Institutions, Not Federally Char",Nasdaq
SRCE,United States,IN,1231.0,6022.0,State Commercial Banks,Nasdaq
SRCO,United States,,430.0,7389.0,"Services-Business Services, NEC",OTC
SRE,United States,CA,1231.0,4932.0,Gas & Other Services Combined,"NYSE,NYSE"
SRFM,United States,DE,1231.0,4522.0,"Air Transportation, Nonscheduled",NYSE
SRG,United States,MD,1231.0,6500.0,Real Estate,"NYSE,NYSE"
SRGZ,United States,NV,430.0,1000.0,Metal Mining,OTC
SRI,United States,OH,1231.0,3714.0,Motor Vehicle Parts & Accessories,NYSE
SRL,Foreign,E9,1231.0,6795.0,Mineral Royalty Traders,NYSE
SRPT,United States,DE,1231.0,2834.0,Pharmaceutical Preparations,Nasdaq
SRRE,United States,TX,1231.0,6513.0,Operators of  Apartment Buildings,OTC
SRRK,United States,DE,1231.0,2836.0,"Biological Products, (No Diagnostic Subs",Nasdaq
SRTA,United States,DE,1231.0,8000.0,Services-Health Services,Nasdaq
SRTS,United States,DE,1231.0,3841.0,Surgical & Medical Instruments & Apparat,Nasdaq
SRXH,United States,DE,930.0,2080.0,Beverages,NYSE
SRZN,United States,DE,1231.0,2836.0,"Biological Products, (No Diagnostic Subs","Nasdaq,Nasdaq"
SSAC,United States,E9,1231.0,6770.0,Blank Checks,"Nasdaq,Nasdaq,Nasdaq,Nas"
SSB,United States,FL,1231.0,6022.0,State Commercial Banks,NYSE
SSD,United States,DE,1231.0,3420.0,"Cutlery, Handtools & General Hardware",NYSE
SSEA,United States,E9,1231.0,6770.0,Blank Checks,"Nasdaq,Nasdaq,Nasdaq"
SSGC,United States,,731.0,7900.0,Services-Amusement & Recreation Services,OTC
SSHT,United States,NV,1231.0,8742.0,Services-Management Consulting Services,
SSII,United States,FL,1231.0,3841.0,Surgical & Medical Instruments & Apparat,Nasdaq
SSKN,United States,DE,1231.0,3841.0,Surgical & Medical Instruments & Apparat,OTC
SSM,Foreign,P7,1231.0,6199.0,Finance Services,Nasdaq
SSMR,United States,DE,1231.0,1040.0,Gold and Silver Ores,NYSE
SSNC,United States,DE,1231.0,7372.0,Services-Prepackaged Software,Nasdaq
SSP,United States,OH,1231.0,4833.0,Television Broadcasting Stations,Nasdaq
SSRM,Foreign,A1,1231.0,6795.0,Mineral Royalty Traders,"Nasdaq,OTC"
SST,United States,,1231.0,7370.0,"Services-Computer Programming, Data Proc","NYSE,OTC"
SSTI,United States,DE,1231.0,7372.0,Services-Prepackaged Software,Nasdaq
SSTK,United States,DE,1231.0,7374.0,Services-Computer Processing & Data Prep,NYSE
SSYS,Foreign,L3,1231.0,3577.0,"Computer Peripheral Equipment, NEC",Nasdaq
ST,United States,,1231.0,3823.0,"Industrial Instruments For Measurement, ",NYSE
STAA,United States,DE,102.0,3851.0,Ophthalmic Goods,Nasdaq
STAG,United States,,1231.0,6798.0,Real Estate Investment Trusts,NYSE
STAI,United States,DE,1231.0,3825.0,Instruments For Meas & Testing of  Elect,OTC
STAK,Foreign,E9,,3533.0,Oil & Gas Field Machinery & Equipment,Nasdaq
STBA,United States,PA,1231.0,6022.0,State Commercial Banks,Nasdaq
STC,United States,DE,1231.0,6361.0,Title Insurance,NYSE
STCB,United States,NV,1231.0,7311.0,Services-Advertising Agencies,OTC
STE,United States,L2,331.0,3842.0,"Orthopedic, Prosthetic & Surgical Applia",NYSE
STEK,United States,,1231.0,5122.0,"Wholesale-Drugs, Proprietaries & Druggis",OTC
STEL,United States,TX,1231.0,6021.0,National Commercial Banks,
STEM,United States,,1231.0,7373.0,Services-Computer Integrated Systems Des,NYSE
STEP,United States,,331.0,6282.0,Investment Advice,Nasdaq
STEX,United States,DE,1231.0,3845.0,Electromedical & Electrotherapeutic Appa,Nasdaq
STFS,Foreign,,,7310.0,Services-Advertising,Nasdaq
STG,Foreign,E9,1231.0,8200.0,Services-Educational Services,NYSE
STGW,United States,DE,1231.0,7311.0,Services-Advertising Agencies,Nasdaq
STHO,United States,MD,1231.0,6519.0,"Lessors of  Real Property, NEC",Nasdaq
STI,United States,DE,1231.0,3690.0,"Miscellaneous Electrical Machinery, Equi",Nasdaq
STIM,United States,DE,1231.0,3841.0,Surgical & Medical Instruments & Apparat,Nasdaq
STKH,Foreign,L3,1231.0,2000.0,Food and Kindred Products,"Nasdaq,OTC"
STKS,United States,DE,1227.0,5812.0,Retail-Eating  Places,Nasdaq
STLA,Foreign,P7,1231.0,3711.0,Motor Vehicles & Passenger Car Bodies,NYSE
STLD,United States,IN,1231.0,3312.0,"Steel Works, Blast Furnaces & Rolling Mi",Nasdaq
STLE,United States,,1231.0,6022.0,State Commercial Banks,OTC
STLY,United States,DE,1231.0,6798.0,Real Estate Investment Trusts,OTC
STM,Foreign,P7,1231.0,3674.0,Semiconductors & Related Devices,"NYSE,OTC"
STME,United States,NV,531.0,3841.0,Surgical & Medical Instruments & Apparat,OTC
STN,Foreign,,,8711.0,Services-Engineering Services,NYSE
STNG,Foreign,,,4412.0,Deep Sea Foreign Transportation of  Frei,NYSE
STOK,United States,DE,1231.0,2834.0,Pharmaceutical Preparations,Nasdaq
STQN,United States,NV,1231.0,6199.0,Finance Services,OTC
STRA,United States,MD,1231.0,8200.0,Services-Educational Services,Nasdaq
STRG,United States,NV,131.0,5190.0,Wholesale-Miscellaneous Nondurable Goods,OTC
STRL,United States,DE,1231.0,1600.0,Heavy Construction Other Than Bldg Const,Nasdaq
STRO,United States,,1231.0,2836.0,"Biological Products, (No Diagnostic Subs",Nasdaq
STRR,United States,DE,1231.0,7363.0,Services-Help Supply Services,"Nasdaq,Nasdaq"
STRS,United States,DE,1231.0,6552.0,Land Subdividers & Developers (No Cemete,Nasdaq
STRT,United States,WI,628.0,3714.0,Motor Vehicle Parts & Accessories,Nasdaq
STRW,United States,MD,1231.0,6798.0,Real Estate Investment Trusts,NYSE
STRZ,United States,A1,1231.0,7812.0,Services-Motion Picture & Video Tape Pro,Nasdaq
STSR,United States,MD,1231.0,6798.0,Real Estate Investment Trusts,OTC
STT,United States,MA,1231.0,6022.0,State Commercial Banks,"NYSE,NYSE"
STTK,United States,DE,1231.0,2834.0,Pharmaceutical Preparations,Nasdaq
STUB,United States,DE,1231.0,7990.0,Services-Miscellaneous Amusement & Recre,NYSE
STVN,Foreign,,,3841.0,Surgical & Medical Instruments & Apparat,NYSE
STWD,United States,,1231.0,6798.0,Real Estate Investment Trusts,NYSE
STWI,United States,NV,930.0,7374.0,Services-Computer Processing & Data Prep,OTC
STX,United States,,627.0,3572.0,Computer Storage Devices,Nasdaq
STXS,United States,DE,1231.0,3845.0,Electromedical & Electrotherapeutic Appa,NYSE
SU,Foreign,A0,1231.0,2911.0,Petroleum Refining,NYSE
SUGP,Foreign,E9,930.0,7381.0,"Services-Detective, Guard & Armored Car ",Nasdaq
SUI,United States,MD,513.0,6798.0,Real Estate Investment Trusts,NYSE
SUIC,United States,NV,1231.0,2860.0,Industrial Organic Chemicals,OTC
SUIG,United States,MN,1231.0,6199.0,Finance Services,Nasdaq
SUIS,United States,DE,1231.0,6221.0,Commodity Contracts Brokers & Dealers,Nasdaq
SUJA,United States,,1227.0,2080.0,Beverages,Nasdaq
SUNB,United States,DE,430.0,7359.0,"Services-Equipment Rental & Leasing, NEC",NYSE
SUNC,United States,DE,1231.0,2911.0,Petroleum Refining,NYSE
SUND,United States,NV,331.0,6411.0,"Insurance Agents, Brokers & Service",OTC
SUNE,United States,DE,1231.0,1700.0,Construction - Special Trade Contractors,Nasdaq
SUNS,United States,MD,1231.0,6798.0,Real Estate Investment Trusts,Nasdaq
SUPN,United States,DE,1231.0,2834.0,Pharmaceutical Preparations,Nasdaq
SUPX,Foreign,D8,630.0,8742.0,Services-Management Consulting Services,Nasdaq
SURG,United States,NV,1231.0,4813.0,Telephone Communications (No Radioteleph,Nasdaq
SUZ,Foreign,,,2621.0,Paper Mills,NYSE
SVA,Foreign,B9,1231.0,2834.0,Pharmaceutical Preparations,Nasdaq
SVAC,Foreign,A1,1231.0,4911.0,Electric Services,"Nasdaq,Nasdaq"
SVBL,United States,NV,1031.0,1000.0,Metal Mining,OTC
SVC,United States,MD,1231.0,6798.0,Real Estate Investment Trusts,Nasdaq
SVCO,United States,DE,1231.0,7372.0,Services-Prepackaged Software,Nasdaq
SVM,Foreign,A1,331.0,1040.0,Gold and Silver Ores,NYSE
SVMB,United States,NV,228.0,7372.0,Services-Prepackaged Software,OTC
SVRA,United States,DE,1231.0,2834.0,Pharmaceutical Preparations,Nasdaq
SVRE,Foreign,L3,1231.0,7371.0,Services-Computer Programming Services,"Nasdaq,Nasdaq"
SVRN,Foreign,1T,1231.0,4412.0,Deep Sea Foreign Transportation of  Frei,Nasdaq
SVUHF,Foreign,E9,331.0,3711.0,Motor Vehicles & Passenger Car Bodies,OTC
SVV,United States,WA,103.0,5900.0,Retail-Miscellaneous Retail,NYSE
SVVC,United States,,1231.0,,,OTC
SW,United States,L2,1231.0,2650.0,Paperboard Containers & Boxes,NYSE
SWAG,United States,NV,1231.0,7311.0,Services-Advertising Agencies,"Nasdaq,Nasdaq"
SWBI,United States,NV,430.0,3480.0,"Ordnance & Accessories, (No Vehicles/Gui",Nasdaq
SWDS,United States,MD,1231.0,6798.0,Real Estate Investment Trusts,"OTC,OTC"
SWIM,United States,NY,1231.0,3089.0,"Plastics Products, NEC",Nasdaq
SWK,United States,CT,102.0,3420.0,"Cutlery, Handtools & General Hardware",NYSE
SWKHL,United States,DE,1231.0,6159.0,Miscellaneous Business Credit Institutio,"None,Nasdaq"
SWKS,United States,DE,1002.0,3674.0,Semiconductors & Related Devices,Nasdaq
SWMR,United States,DE,1231.0,7372.0,Services-Prepackaged Software,Nasdaq
SWRD,United States,NV,1231.0,6153.0,Short-Term Business Credit Institutions,OTC
SWX,United States,DE,1231.0,4923.0,Natural Gas Transmisison & Distribution,NYSE
SXC,United States,,1231.0,3312.0,"Steel Works, Blast Furnaces & Rolling Mi",NYSE
SXI,United States,DE,630.0,3580.0,Refrigeration & Service Industry Machine,NYSE
SXT,United States,WI,1231.0,2860.0,Industrial Organic Chemicals,NYSE
SXTC,Foreign,D8,331.0,2834.0,Pharmaceutical Preparations,Nasdaq
SXTP,United States,DE,1231.0,2834.0,Pharmaceutical Preparations,"Nasdaq,Nasdaq"
SY,Foreign,E9,1231.0,7374.0,Services-Computer Processing & Data Prep,Nasdaq
SYBT,United States,KY,1231.0,6022.0,State Commercial Banks,Nasdaq
SYBX,United States,DE,1231.0,2834.0,Pharmaceutical Preparations,OTC
SYF,United States,NY,1231.0,6199.0,Finance Services,"NYSE,NYSE,NYSE"
SYK,United States,MI,1231.0,3841.0,Surgical & Medical Instruments & Apparat,NYSE
SYM,United States,DE,926.0,3569.0,General Industrial Machinery & Equipment,Nasdaq
SYNA,United States,DE,626.0,3674.0,Semiconductors & Related Devices,Nasdaq
SYNX,Foreign,L3,,3651.0,Household Audio & Video Equipment,NYSE
SYPR,United States,DE,1231.0,3823.0,"Industrial Instruments For Measurement, ",Nasdaq
SYRA,United States,DE,1231.0,7361.0,Services-Employment Agencies,OTC
SYRE,United States,DE,1231.0,2834.0,Pharmaceutical Preparations,Nasdaq
SYY,United States,DE,627.0,5140.0,Wholesale-Groceries & Related Products,NYSE
SZZL,United States,E9,1231.0,6770.0,Blank Checks,"Nasdaq,Nasdaq,Nasdaq"
T,United States,DE,1231.0,4813.0,Telephone Communications (No Radioteleph,"NYSE,NYSE,NYSE,NYSE"
TAAG,United States,FL,930.0,6163.0,Loan Brokers,OTC
TAC,Foreign,,1231.0,4911.0,Electric Services,"NYSE,OTC,OTC,OTC"
TACO,United States,E9,1231.0,6770.0,Blank Checks,"Nasdaq,Nasdaq,Nasdaq"
TACT,United States,DE,1231.0,3577.0,"Computer Peripheral Equipment, NEC",Nasdaq
TAIT,United States,CA,1231.0,5065.0,"Wholesale-Electronic Parts & Equipment, ",OTC
TAK,Foreign,,,2834.0,Pharmaceutical Preparations,"NYSE,OTC"
TALK,United States,DE,1231.0,8000.0,Services-Health Services,Nasdaq
TALO,United States,DE,1231.0,1311.0,Crude Petroleum & Natural Gas,NYSE
TANAF,Foreign,D8,1231.0,3621.0,Motors & Generators,OTC
TANH,Foreign,D8,1231.0,2860.0,Industrial Organic Chemicals,Nasdaq
TAOP,Foreign,D8,1231.0,7372.0,Services-Prepackaged Software,Nasdaq
TAOX,United States,DE,1231.0,6199.0,Finance Services,Nasdaq
TAP,United States,DE,1231.0,2082.0,Malt Beverages,"NYSE,NYSE"
TARA,United States,,1231.0,2836.0,"Biological Products, (No Diagnostic Subs",Nasdaq
TARS,United States,DE,1231.0,2836.0,"Biological Products, (No Diagnostic Subs",Nasdaq
TARSF,Foreign,A1,930.0,1040.0,Gold and Silver Ores,OTC
TASK,United States,DE,1231.0,7374.0,Services-Computer Processing & Data Prep,Nasdaq
TATT,Foreign,,1231.0,3724.0,Aircraft Engines & Engine Parts,Nasdaq
TAVI,United States,E9,1231.0,6770.0,Blank Checks,"Nasdaq,Nasdaq,Nasdaq"
TAYD,United States,NY,531.0,3569.0,General Industrial Machinery & Equipment,Nasdaq
TBBK,United States,DE,1231.0,6021.0,National Commercial Banks,Nasdaq
TBCH,United States,NV,1231.0,3669.0,"Communications Equipment, NEC",Nasdaq
TBH,United States,DE,1231.0,6199.0,Finance Services,Nasdaq
TBI,United States,WA,1227.0,7363.0,Services-Help Supply Services,NYSE
TBLA,Foreign,L3,1231.0,7370.0,"Services-Computer Programming, Data Proc",Nasdaq
TBN,United States,DE,630.0,1311.0,Crude Petroleum & Natural Gas,"NYSE,OTC"
TBPH,United States,CA,1231.0,2834.0,Pharmaceutical Preparations,Nasdaq
TBRG,United States,DE,1231.0,7371.0,Services-Computer Programming Services,
TBTC,United States,NV,1231.0,7990.0,Services-Miscellaneous Amusement & Recre,OTC
TCBI,United States,,1231.0,6022.0,State Commercial Banks,"Nasdaq,Nasdaq"
TCBK,United States,CA,1231.0,6022.0,State Commercial Banks,Nasdaq
TCBS,United States,,1231.0,6036.0,"Savings Institutions, Not Federally Char",Nasdaq
TCBX,United States,TX,1231.0,6036.0,"Savings Institutions, Not Federally Char",NYSE
TCI,United States,NV,1231.0,6798.0,Real Estate Investment Trusts,NYSE
TCMD,United States,MN,1231.0,3841.0,Surgical & Medical Instruments & Apparat,Nasdaq
TCOM,Foreign,E9,1231.0,7389.0,"Services-Business Services, NEC","Nasdaq,OTC"
TCPA,Foreign,,1231.0,4922.0,Natural Gas Transmission,NYSE
TCPC,United States,DE,1231.0,,,Nasdaq
TCRG,United States,DE,1231.0,2833.0,Medicinal Chemicals & Botanical Products,OTC
TCRI,United States,NV,1231.0,6770.0,Blank Checks,OTC
TCRT,United States,DE,1231.0,2834.0,Pharmaceutical Preparations,Nasdaq
TCRX,United States,DE,1231.0,2836.0,"Biological Products, (No Diagnostic Subs",Nasdaq
TCX,United States,PA,1231.0,7374.0,Services-Computer Processing & Data Prep,Nasdaq
TD,Foreign,A6,1031.0,6029.0,"Commercial Banks, NEC","NYSE,OTC"
TDAY,United States,DE,1231.0,2711.0,Newspapers: Publishing or  Publishing & ,NYSE
TDC,United States,,1231.0,7372.0,Services-Prepackaged Software,NYSE
TDG,United States,DE,930.0,3728.0,"Aircraft Parts & Auxiliary Equipment, NE",NYSE
TDIC,Foreign,E9,331.0,8741.0,Services-Management Services,Nasdaq
TDOC,United States,DE,1231.0,8011.0,Services-Offices & Clinics of  Doctors o,NYSE
TDOG,United States,MD,930.0,6221.0,Commodity Contracts Brokers & Dealers,Nasdaq
TDS,United States,DE,1231.0,4813.0,Telephone Communications (No Radioteleph,"NYSE,NYSE,NYSE"
TDUP,United States,DE,1231.0,5961.0,Retail-Catalog & Mail-Order Houses,Nasdaq
TDW,United States,DE,1231.0,4400.0,Water Transportation,"NYSE,OTC,OTC"
TDY,United States,DE,103.0,3812.0,"Search, Detection, Navigation, Guidance,",NYSE
TE,United States,DE,1231.0,3674.0,Semiconductors & Related Devices,NYSE
TEAD,United States,DE,1231.0,7370.0,"Services-Computer Programming, Data Proc",Nasdaq
TEAM,United States,,630.0,7372.0,Services-Prepackaged Software,Nasdaq
TECH,United States,MN,630.0,2836.0,"Biological Products, (No Diagnostic Subs",Nasdaq
TECX,United States,NY,1231.0,2836.0,"Biological Products, (No Diagnostic Subs",Nasdaq
TEFOF,Foreign,U3,1231.0,4813.0,Telephone Communications (No Radioteleph,
TEL,United States,,925.0,5065.0,"Wholesale-Electronic Parts & Equipment, ",NYSE
TELA,United States,DE,1231.0,3841.0,Surgical & Medical Instruments & Apparat,Nasdaq
TELO,United States,FL,1231.0,2834.0,Pharmaceutical Preparations,Nasdaq
TEM,United States,NV,1231.0,7370.0,"Services-Computer Programming, Data Proc",Nasdaq
TEN,Foreign,J3,,4412.0,Deep Sea Foreign Transportation of  Frei,"NYSE,NYSE,NYSE"
TENB,United States,DE,1231.0,7372.0,Services-Prepackaged Software,Nasdaq
TENX,United States,DE,1231.0,2834.0,Pharmaceutical Preparations,Nasdaq
TER,United States,MA,1231.0,3825.0,Instruments For Meas & Testing of  Elect,Nasdaq
TETEF,United States,,1130.0,7389.0,"Services-Business Services, NEC","OTC,OTC,OTC"
TETH,United States,DE,1231.0,6221.0,Commodity Contracts Brokers & Dealers,CBOE
TEVA,Foreign,L3,1231.0,2834.0,Pharmaceutical Preparations,"NYSE,OTC"
TEX,United States,DE,1231.0,3537.0,"Industrial Trucks, Tractors, Trailors & ",NYSE
TFC,United States,NC,1231.0,6021.0,National Commercial Banks,"NYSE,NYSE,NYSE,NYSE"
TFII,Foreign,A8,1231.0,4210.0,Trucking & Courier Services (No Air),NYSE
TFIN,United States,TX,1231.0,6022.0,State Commercial Banks,"NYSE,NYSE"
TFPM,Foreign,Z4,1231.0,6795.0,Mineral Royalty Traders,NYSE
TFSL,United States,DE,930.0,6035.0,"Savings Institution, Federally Chartered",Nasdaq
TFX,United States,DE,1231.0,3841.0,Surgical & Medical Instruments & Apparat,NYSE
TG,United States,VA,1231.0,3350.0,Rolling Drawing & Extruding of  Nonferro,NYSE
TGB,Foreign,A1,1231.0,1040.0,Gold and Silver Ores,NYSE
TGCB,United States,NV,630.0,7370.0,"Services-Computer Programming, Data Proc",
TGEN,United States,DE,1231.0,3585.0,Air-Cond & Warm Air Heatg Equip & Comm &,NYSE
TGL,United States,DE,630.0,7389.0,"Services-Business Services, NEC",Nasdaq
TGLO,United States,DE,1231.0,7310.0,Services-Advertising,OTC
TGLS,United States,E9,1231.0,3211.0,Flat Glass,NYSE
TGNT,United States,DE,1231.0,6153.0,Short-Term Business Credit Institutions,OTC
TGS,Foreign,,1231.0,4922.0,Natural Gas Transmission,NYSE
TGT,United States,MN,201.0,5331.0,Retail-Variety Stores,NYSE
TGTX,United States,DE,1231.0,2834.0,Pharmaceutical Preparations,Nasdaq
TH,United States,DE,1231.0,7000.0,"Hotels, Rooming Houses, Camps & Other Lo",Nasdaq
THC,United States,NV,1231.0,8062.0,Services-General Medical & Surgical Hosp,NYSE
THCH,Foreign,E9,1231.0,5812.0,Retail-Eating  Places,Nasdaq
THFF,United States,IN,1231.0,6022.0,State Commercial Banks,Nasdaq
THG,United States,DE,1231.0,6331.0,"Fire, Marine & Casualty Insurance",NYSE
THM,Foreign,A1,1231.0,1000.0,Metal Mining,NYSE
THMG,United States,NV,1231.0,1000.0,Metal Mining,OTC
THO,United States,DE,731.0,3716.0,Motor Homes,NYSE
THRM,United States,MI,1231.0,3714.0,Motor Vehicle Parts & Accessories,Nasdaq
THRY,United States,DE,1231.0,7310.0,Services-Advertising,Nasdaq
THTG,United States,WY,630.0,7371.0,Services-Computer Programming Services,
THYP,United States,DE,1231.0,6221.0,Commodity Contracts Brokers & Dealers,Nasdaq
TIC,United States,DE,1231.0,7389.0,"Services-Business Services, NEC","NYSE,OTC"
TIGO,Foreign,,1231.0,4812.0,Radiotelephone Communications,"Nasdaq,OTC"
TII,Foreign,A1,1231.0,1040.0,Gold and Silver Ores,NYSE
TIL,United States,NY,1231.0,2836.0,"Biological Products, (No Diagnostic Subs",Nasdaq
TILE,United States,GA,103.0,2273.0,Carpets & Rugs,Nasdaq
TIMB,Foreign,D5,1231.0,4813.0,Telephone Communications (No Radioteleph,NYSE
TIPT,United States,MD,1231.0,6331.0,"Fire, Marine & Casualty Insurance",Nasdaq
TIRXF,Foreign,E9,1031.0,6411.0,"Insurance Agents, Brokers & Service",
TISI,United States,DE,1231.0,7600.0,Services-Miscellaneous Repair Services,NYSE
TITN,United States,DE,131.0,5990.0,"Retail-Retail Stores, NEC",Nasdaq
TJGC,Foreign,,,7311.0,Services-Advertising Agencies,Nasdaq
TJX,United States,DE,201.0,5651.0,Retail-Family Clothing Stores,NYSE
TK,Foreign,D0,1231.0,4412.0,Deep Sea Foreign Transportation of  Frei,NYSE
TKC,Foreign,W8,1231.0,4813.0,Telephone Communications (No Radioteleph,NYSE
TKLF,Foreign,M0,331.0,5990.0,"Retail-Retail Stores, NEC",Nasdaq
TKLS,United States,NV,1231.0,3630.0,Household Appliances,OTC
TKNO,United States,DE,1231.0,2835.0,In Vitro & In Vivo Diagnostic Substances,Nasdaq
TKO,United States,DE,1231.0,7900.0,Services-Amusement & Recreation Services,NYSE
TKR,United States,OH,1231.0,3562.0,Ball & Roller Bearings,NYSE
TLF,United States,DE,1231.0,3100.0,Leather & Leather Products,Nasdaq
TLIH,Foreign,E9,1231.0,5080.0,"Wholesale-Machinery, Equipment & Supplie",Nasdaq
TLN,United States,DE,1231.0,4911.0,Electric Services,Nasdaq
TLNC,United States,E9,1231.0,6770.0,Blank Checks,"Nasdaq,Nasdaq,Nasdaq"
TLPH,United States,DE,1231.0,2834.0,Pharmaceutical Preparations,Nasdaq
TLRY,United States,,531.0,2833.0,Medicinal Chemicals & Botanical Products,Nasdaq
TLS,United States,MD,1231.0,7373.0,Services-Computer Integrated Systems Des,Nasdaq
TLSA,Foreign,D0,1231.0,2834.0,Pharmaceutical Preparations,Nasdaq
TLSI,United States,DE,1231.0,3841.0,Surgical & Medical Instruments & Apparat,"Nasdaq,Nasdaq"
TLSS,United States,NV,1231.0,4700.0,Transportation Services,OTC
TLX,Foreign,C3,1231.0,2834.0,Pharmaceutical Preparations,"Nasdaq,OTC"
TLYS,United States,DE,128.0,5600.0,Retail-Apparel & Accessory Stores,NYSE
TM,Foreign,M0,331.0,3711.0,Motor Vehicles & Passenger Car Bodies,"NYSE,OTC"
TMC,United States,A1,1231.0,1000.0,Metal Mining,"Nasdaq,Nasdaq"
TMCI,United States,FL,1231.0,3841.0,Surgical & Medical Instruments & Apparat,Nasdaq
TMCR,Foreign,A1,1231.0,1040.0,Gold and Silver Ores,Nasdaq
TMDE,Foreign,E9,630.0,5172.0,Wholesale-Petroleum & Petroleum Products,NYSE
TMDX,United States,MA,1231.0,3845.0,Electromedical & Electrotherapeutic Appa,Nasdaq
TME,Foreign,E9,1231.0,4832.0,Radio Broadcasting Stations,"NYSE,OTC"
TMGI,United States,FL,531.0,4832.0,Radio Broadcasting Stations,OTC
TMHC,United States,DE,1231.0,1531.0,Operative Builders,NYSE
TMO,United States,DE,1231.0,3829.0,"Measuring & Controlling Devices, NEC",NYSE
TMP,United States,NY,1231.0,6022.0,State Commercial Banks,NYSE
TMQ,United States,A1,1130.0,1040.0,Gold and Silver Ores,NYSE
TMRC,United States,DE,831.0,1040.0,Gold and Silver Ores,OTC
TMS,United States,DE,1231.0,5900.0,Retail-Miscellaneous Retail,"Nasdaq,Nasdaq"
TMUS,United States,DE,1231.0,4812.0,Radiotelephone Communications,"Nasdaq,Nasdaq,Nasdaq,Nas"
TNC,United States,MN,1231.0,3580.0,Refrigeration & Service Industry Machine,NYSE
TNDM,United States,DE,1231.0,3841.0,Surgical & Medical Instruments & Apparat,Nasdaq
TNET,United States,DE,1231.0,7389.0,"Services-Business Services, NEC",NYSE
TNGX,United States,DE,1231.0,2834.0,Pharmaceutical Preparations,Nasdaq
TNK,Foreign,D0,1231.0,4400.0,Water Transportation,NYSE
TNL,United States,DE,1231.0,7011.0,Hotels & Motels,NYSE
TNMG,Foreign,E9,1231.0,7310.0,Services-Advertising,"Nasdaq,OTC"
TNON,United States,DE,1231.0,3841.0,Surgical & Medical Instruments & Apparat,"Nasdaq,Nasdaq"
TNXP,United States,NV,1231.0,2834.0,Pharmaceutical Preparations,Nasdaq
TNYA,United States,DE,1231.0,2836.0,"Biological Products, (No Diagnostic Subs",Nasdaq
TOFB,United States,DE,1226.0,2024.0,Ice Cream & Frozen Desserts,OTC
TOGI,United States,NV,1231.0,3690.0,"Miscellaneous Electrical Machinery, Equi","OTC,OTC"
TOI,United States,DE,1231.0,8011.0,Services-Offices & Clinics of  Doctors o,"Nasdaq,OTC,Nasdaq"
TOL,United States,DE,1031.0,1531.0,Operative Builders,NYSE
TOMZ,United States,FL,1231.0,2860.0,Industrial Organic Chemicals,Nasdaq
TONX,United States,NV,1231.0,6199.0,Finance Services,Nasdaq
TOON,United States,NV,1231.0,7812.0,Services-Motion Picture & Video Tape Pro,NYSE
TOP,Foreign,E9,331.0,6200.0,"Security & Commodity Brokers, Dealers, E",Nasdaq
TOPP,United States,NV,1231.0,4210.0,Trucking & Courier Services (No Air),NYSE
TOPS,Foreign,1T,1231.0,4412.0,Deep Sea Foreign Transportation of  Frei,NYSE
TORO,Foreign,1T,1231.0,4412.0,Deep Sea Foreign Transportation of  Frei,Nasdaq
TOST,United States,,1231.0,7374.0,Services-Computer Processing & Data Prep,NYSE
TOUR,Foreign,E9,1231.0,4700.0,Transportation Services,Nasdaq
TOVX,United States,NV,1231.0,2834.0,Pharmaceutical Preparations,NYSE
TOXR,United States,DE,1231.0,6221.0,Commodity Contracts Brokers & Dealers,CBOE
TOYO,Foreign,E9,1231.0,3674.0,Semiconductors & Related Devices,"Nasdaq,OTC"
TPB,United States,DE,1231.0,2100.0,Tobacco Products,NYSE
TPC,United States,MA,1231.0,1540.0,General Bldg Contractors - Nonresidentia,NYSE
TPCS,United States,DE,331.0,3440.0,Fabricated Structural Metal Products,Nasdaq
TPET,United States,DE,1031.0,1311.0,Crude Petroleum & Natural Gas,NYSE
TPG,United States,DE,1231.0,6282.0,Investment Advice,"Nasdaq,Nasdaq"
TPHS,United States,DE,1231.0,6512.0,Opeators of  Nonresidential Buildings,
TPICQ,United States,,1231.0,3510.0,Engines & Turbines,OTC
TPL,United States,DE,1231.0,6792.0,Oil Royalty Traders,NYSE
TPR,United States,MD,627.0,3100.0,Leather & Leather Products,NYSE
TPST,United States,DE,1231.0,2834.0,Pharmaceutical Preparations,Nasdaq
TPTS,United States,MD,1231.0,6798.0,Real Estate Investment Trusts,NYSE
TPVG,United States,MD,1231.0,,,NYSE
TR,United States,VA,1231.0,2060.0,Sugar & Confectionery Products,"NYSE,OTC"
TRAD,United States,E9,831.0,6770.0,Blank Checks,"NYSE,NYSE,NYSE"
TRAK,United States,NV,630.0,7374.0,Services-Computer Processing & Data Prep,NYSE
TRAW,United States,DE,1231.0,2834.0,Pharmaceutical Preparations,Nasdaq
TRAX,United States,DE,1231.0,2834.0,Pharmaceutical Preparations,Nasdaq
TRC,United States,DE,1231.0,6500.0,Real Estate,NYSE
TRCK,United States,DE,930.0,3669.0,"Communications Equipment, NEC",OTC
TRDA,United States,DE,1231.0,2834.0,Pharmaceutical Preparations,Nasdaq
TREE,United States,DE,1231.0,6163.0,Loan Brokers,Nasdaq
TREX,United States,DE,1231.0,2400.0,Lumber & Wood Products (No Furniture),NYSE
TRGP,United States,,1231.0,4922.0,Natural Gas Transmission,NYSE
TRI,Foreign,A6,1231.0,2741.0,Miscellaneous Publishing,"Nasdaq,OTC"
TRIB,Foreign,L2,1231.0,2835.0,In Vitro & In Vivo Diagnostic Substances,Nasdaq
TRIN,United States,MD,1231.0,,,"NYSE,NYSE,NYSE"
TRIP,United States,DE,1231.0,7370.0,"Services-Computer Programming, Data Proc",Nasdaq
TRLC,United States,DE,1231.0,6199.0,Finance Services,OTC
TRLEF,Foreign,A1,1231.0,1311.0,Crude Petroleum & Natural Gas,OTC
TRLV,United States,A1,1231.0,2833.0,Medicinal Chemicals & Botanical Products,NYSE
TRMB,United States,DE,102.0,3829.0,"Measuring & Controlling Devices, NEC",Nasdaq
TRMD,Foreign,X0,1231.0,4412.0,Deep Sea Foreign Transportation of  Frei,Nasdaq
TRMK,United States,MS,1231.0,6021.0,National Commercial Banks,Nasdaq
TRN,United States,DE,1231.0,3743.0,Railroad Equipment,NYSE
TRNO,United States,,1231.0,6500.0,Real Estate,NYSE
TRNR,United States,DE,1231.0,3600.0,Electronic & Other Electrical Equipment ,Nasdaq
TRNS,United States,OH,327.0,3825.0,Instruments For Meas & Testing of  Elect,Nasdaq
TRON,United States,NV,1231.0,6199.0,Finance Services,Nasdaq
TROO,Foreign,E9,1231.0,6159.0,Miscellaneous Business Credit Institutio,Nasdaq
TROW,United States,MD,1231.0,6282.0,Investment Advice,Nasdaq
TROX,United States,X0,1231.0,2810.0,Industrial Inorganic Chemicals,NYSE
TRP,Foreign,A0,1231.0,4922.0,Natural Gas Transmission,"NYSE,OTC,OTC,OTC,OTC,OTC"
TRS,United States,DE,1231.0,3460.0,Metal Forgings & Stampings,Nasdaq
TRSO,United States,NV,1231.0,7370.0,"Services-Computer Programming, Data Proc",OTC
TRST,United States,NY,1231.0,6022.0,State Commercial Banks,Nasdaq
TRT,United States,CA,630.0,3559.0,"Special Industry Machinery, NEC",NYSE
TRTN-PA,Foreign,D0,1231.0,7359.0,"Services-Equipment Rental & Leasing, NEC","NYSE,NYSE,NYSE,NYSE,NYSE"
TRTX,United States,MD,1231.0,6798.0,Real Estate Investment Trusts,"NYSE,NYSE"
TRU,United States,DE,1231.0,7320.0,"Services-Consumer Credit Reporting, Coll",NYSE
TRUG,United States,DE,1231.0,3949.0,"Sporting & Athletic Goods, NEC",Nasdaq
TRUP,United States,DE,1231.0,6324.0,Hospital & Medical Service Plans,Nasdaq
TRV,United States,MN,1231.0,6331.0,"Fire, Marine & Casualty Insurance",NYSE
TRVG,Foreign,P7,1231.0,7374.0,Services-Computer Processing & Data Prep,Nasdaq
TRVI,United States,DE,1231.0,2834.0,Pharmaceutical Preparations,Nasdaq
TRWD,United States,,1231.0,2000.0,Food and Kindred Products,OTC
TRX,Foreign,A0,831.0,1040.0,Gold and Silver Ores,NYSE
TRXA,United States,NV,630.0,6199.0,Finance Services,OTC
TS,Foreign,,,3312.0,"Steel Works, Blast Furnaces & Rolling Mi","NYSE,OTC"
TSBK,United States,WA,930.0,6036.0,"Savings Institutions, Not Federally Char",Nasdaq
TSCO,United States,DE,1228.0,5200.0,"Retail-Building Materials, Hardware, Gar",Nasdaq
TSEM,Foreign,L3,1231.0,3674.0,Semiconductors & Related Devices,Nasdaq
TSEOQ,United States,L2,1231.0,2821.0,"Plastic Materials, Synth Resins & Nonvul",OTC
TSHA,United States,DE,1231.0,2836.0,"Biological Products, (No Diagnostic Subs",Nasdaq
TSLA,United States,TX,1231.0,3711.0,Motor Vehicles & Passenger Car Bodies,Nasdaq
TSLX,United States,DE,1231.0,,,NYSE
TSM,Foreign,,1231.0,3674.0,Semiconductors & Related Devices,"NYSE,OTC"
TSN,United States,DE,1003.0,2015.0,Poultry Slaughtering and Processing,NYSE
TSNDF,United States,A6,1231.0,100.0,Agricultural Production-Crops,OTC
TSOL,United States,DE,1231.0,6221.0,Commodity Contracts Brokers & Dealers,CBOE
TSPH,United States,DE,1231.0,7373.0,Services-Computer Integrated Systems Des,
TSQ,United States,DE,1231.0,4832.0,Radio Broadcasting Stations,NYSE
TSSI,United States,DE,1231.0,8742.0,Services-Management Consulting Services,Nasdaq
TSUI,United States,DE,1231.0,6221.0,Commodity Contracts Brokers & Dealers,Nasdaq
TT,United States,L2,1231.0,3822.0,Auto Controls For Regulating Residential,NYSE
TTAM,Foreign,C9,1231.0,1400.0,Mining & Quarrying of  Nonmetallic Miner,NYSE
TTAN,United States,DE,131.0,7372.0,Services-Prepackaged Software,Nasdaq
TTC,United States,MN,1031.0,3524.0,Lawn & Garden Tractors & Home Lawn & Gar,NYSE
TTD,United States,NV,1231.0,7370.0,"Services-Computer Programming, Data Proc",Nasdaq
TTE,Foreign,I0,1231.0,1311.0,Crude Petroleum & Natural Gas,NYSE
TTEC,United States,TX,1231.0,7363.0,Services-Help Supply Services,Nasdaq
TTEK,United States,DE,927.0,8711.0,Services-Engineering Services,Nasdaq
TTGT,United States,DE,1231.0,4822.0,Telegraph & Other Message Communications,Nasdaq
TTI,United States,DE,1231.0,1311.0,Crude Petroleum & Natural Gas,NYSE
TTMI,United States,DE,1228.0,3672.0,Printed Circuit Boards,Nasdaq
TTRX,United States,DE,1231.0,2834.0,Pharmaceutical Preparations,Nasdaq
TTSH,United States,DE,1231.0,5700.0,"Retail-Home Furniture, Furnishings & Equ",OTC
TTWO,United States,DE,331.0,7372.0,Services-Prepackaged Software,Nasdaq
TU,Foreign,A1,1231.0,4812.0,Radiotelephone Communications,NYSE
TULP,United States,DE,630.0,100.0,Agricultural Production-Crops,Nasdaq
TURB,Foreign,U3,1231.0,3690.0,"Miscellaneous Electrical Machinery, Equi",Nasdaq
TUSK,United States,DE,1231.0,1389.0,"Oil & Gas Field Services, NEC",Nasdaq
TUYA,Foreign,E9,1231.0,7372.0,Services-Prepackaged Software,NYSE
TVA,United States,E9,1231.0,6770.0,Blank Checks,"Nasdaq,Nasdaq,Nasdaq"
TVCN,United States,NV,1231.0,4899.0,"Communications Services, NEC",
TVGN,United States,DE,1231.0,2836.0,"Biological Products, (No Diagnostic Subs","Nasdaq,Nasdaq"
TVRD,United States,DE,1231.0,2834.0,Pharmaceutical Preparations,Nasdaq
TVTX,United States,CA,1231.0,2834.0,Pharmaceutical Preparations,Nasdaq
TW,United States,DE,1231.0,6200.0,"Security & Commodity Brokers, Dealers, E",Nasdaq
TWAV,United States,DE,1231.0,7370.0,"Services-Computer Programming, Data Proc",Nasdaq
TWFG,United States,DE,1231.0,6411.0,"Insurance Agents, Brokers & Service",Nasdaq
TWG,Foreign,E9,1231.0,2090.0,Miscellaneous Food Preparations & Kindre,Nasdaq
TWI,United States,IL,1231.0,3312.0,"Steel Works, Blast Furnaces & Rolling Mi",NYSE
TWIN,United States,WI,630.0,3560.0,General Industrial Machinery & Equipment,Nasdaq
TWLO,United States,DE,1231.0,7372.0,Services-Prepackaged Software,NYSE
TWNPQ,United States,DE,1231.0,5812.0,Retail-Eating  Places,OTC
TWO,United States,MD,1231.0,6798.0,Real Estate Investment Trusts,"NYSE,NYSE,NYSE,NYSE,NYSE"
TWOH,United States,,1231.0,7389.0,"Services-Business Services, NEC",OTC
TWST,United States,DE,930.0,2836.0,"Biological Products, (No Diagnostic Subs",Nasdaq
TX,Foreign,N4,1231.0,3312.0,"Steel Works, Blast Furnaces & Rolling Mi",NYSE
TXG,United States,DE,1231.0,3826.0,Laboratory Analytical Instruments,Nasdaq
TXMD,United States,NV,1231.0,2834.0,Pharmaceutical Preparations,Nasdaq
TXN,United States,DE,1231.0,3674.0,Semiconductors & Related Devices,Nasdaq
TXNM,United States,NM,1231.0,4911.0,Electric Services,NYSE
TXO,United States,X1,1231.0,1311.0,Crude Petroleum & Natural Gas,NYSE
TXRH,United States,DE,1229.0,5812.0,Retail-Eating  Places,Nasdaq
TXRP,United States,GA,930.0,5084.0,Wholesale-Industrial Machinery & Equipme,OTC
TXT,United States,DE,102.0,3720.0,Aircraft & Parts,NYSE
TYFG,United States,DE,1231.0,6022.0,State Commercial Banks,OTC
TYGO,United States,DE,1231.0,3674.0,Semiconductors & Related Devices,Nasdaq
TYL,United States,DE,1231.0,7372.0,Services-Prepackaged Software,NYSE
TYRA,United States,DE,1231.0,2834.0,Pharmaceutical Preparations,Nasdaq
TZOO,United States,DE,1231.0,7310.0,Services-Advertising,Nasdaq
U,United States,DE,1231.0,7372.0,Services-Prepackaged Software,NYSE
UA,United States,MD,331.0,2300.0,Apparel & Other Finishd Prods of  Fabric,"NYSE,NYSE"
UAC,United States,E9,1231.0,6770.0,Blank Checks,"NYSE,NYSE,NYSE"
UAL,United States,DE,1231.0,4512.0,"Air Transportation, Scheduled",Nasdaq
UAMY,United States,MT,1231.0,3330.0,Primary Smelting & Refining of  Nonferro,NYSE
UAN,United States,DE,1231.0,2870.0,Agricultural Chemicals,NYSE
UAVS,United States,NV,1231.0,3721.0,Aircraft,NYSE
UBCP,United States,OH,1231.0,6022.0,State Commercial Banks,Nasdaq
UBER,United States,DE,1231.0,7389.0,"Services-Business Services, NEC",NYSE
UBOH,United States,OH,1231.0,6021.0,National Commercial Banks,
UBS,Foreign,V8,1231.0,6021.0,National Commercial Banks,NYSE
UBSI,United States,WV,1231.0,6022.0,State Commercial Banks,Nasdaq
UBXG,Foreign,E9,630.0,7370.0,"Services-Computer Programming, Data Proc","Nasdaq,Nasdaq"
UBYH,United States,NV,531.0,6770.0,Blank Checks,OTC
UCAR,Foreign,E9,1231.0,3690.0,"Miscellaneous Electrical Machinery, Equi",Nasdaq
UCASU,United States,DE,,6799.0,"Investors, NEC",OTC
UCB,United States,GA,1231.0,6022.0,State Commercial Banks,NYSE
UCFI,United States,DE,1231.0,2000.0,Food and Kindred Products,"Nasdaq,Nasdaq"
UCL,Foreign,E9,1231.0,4899.0,"Communications Services, NEC",Nasdaq
UCLE,United States,DE,1231.0,3829.0,"Measuring & Controlling Devices, NEC",OTC
UCTT,United States,DE,1230.0,3674.0,Semiconductors & Related Devices,Nasdaq
UDN,United States,DE,1231.0,6221.0,Commodity Contracts Brokers & Dealers,NYSE
UDR,United States,MD,1231.0,6798.0,Real Estate Investment Trusts,NYSE
UE,United States,MD,1231.0,6500.0,Real Estate,NYSE
UEC,United States,NV,731.0,1090.0,Miscellaneous Metal Ores,NYSE
UEEC,United States,NV,1231.0,3842.0,"Orthopedic, Prosthetic & Surgical Applia",OTC
UEIC,United States,DE,1231.0,3651.0,Household Audio & Video Equipment,Nasdaq
UFCS,United States,,1231.0,6331.0,"Fire, Marine & Casualty Insurance",Nasdaq
UFG,Foreign,,,5172.0,Wholesale-Petroleum & Petroleum Products,Nasdaq
UFI,United States,NY,703.0,2200.0,Textile Mill Products,NYSE
UFPT,United States,DE,1231.0,3841.0,Surgical & Medical Instruments & Apparat,Nasdaq
UTMD,United States,UT,1231.0,3841.0,Surgical & Medical Instruments & Apparat,Nasdaq
UTSI,Foreign,E9,1231.0,3669.0,"Communications Equipment, NEC",Nasdaq
UTZ,United States,DE,103.0,2090.0,Miscellaneous Food Preparations & Kindre,NYSE
UUU,United States,MD,331.0,5065.0,"Wholesale-Electronic Parts & Equipment, ",NYSE
UUUU,Foreign,A6,1231.0,1400.0,Mining & Quarrying of  Nonmetallic Miner,NYSE
UVE,United States,DE,1231.0,6331.0,"Fire, Marine & Casualty Insurance",NYSE
UVIX,United States,DE,1231.0,6221.0,Commodity Contracts Brokers & Dealers,"CBOE,CBOE"
UVSP,United States,PA,1231.0,6022.0,State Commercial Banks,Nasdaq
UVV,United States,VA,331.0,5150.0,Wholesale-Farm Product Raw Materials,NYSE
UWHR,United States,NC,1231.0,6022.0,State Commercial Banks,OTC
UWMC,United States,DE,1231.0,6162.0,Mortgage Bankers & Loan Correspondents,NYSE
UXIN,Foreign,E9,1231.0,7389.0,"Services-Business Services, NEC",Nasdaq
UYSC,United States,E9,331.0,6770.0,Blank Checks,"Nasdaq,Nasdaq,Nasdaq"
UZX,Foreign,M0,,5961.0,Retail-Catalog & Mail-Order Houses,Nasdaq
V,United States,DE,930.0,7389.0,"Services-Business Services, NEC",NYSE
VABK,United States,VA,1231.0,6021.0,National Commercial Banks,Nasdaq
VAC,United States,X1,1231.0,6531.0,Real Estate Agents & Managers (For Other,NYSE
VACI,United States,E9,1231.0,4899.0,"Communications Services, NEC","NYSE,NYSE,NYSE"
VAL,United States,,1231.0,1381.0,Drilling Oil & Gas Wells,"NYSE,NYSE"
VALN,Foreign,I0,1231.0,2836.0,"Biological Products, (No Diagnostic Subs",Nasdaq
VALU,United States,NY,430.0,6282.0,Investment Advice,Nasdaq
VANI,United States,DE,1231.0,3845.0,Electromedical & Electrotherapeutic Appa,Nasdaq
VASO,United States,DE,1231.0,3845.0,Electromedical & Electrotherapeutic Appa,OTC
VATE,United States,DE,1231.0,3440.0,Fabricated Structural Metal Products,NYSE
VAVX,United States,DE,1231.0,6221.0,Commodity Contracts Brokers & Dealers,Nasdaq
VBIO,United States,DE,1231.0,2834.0,Pharmaceutical Preparations,Nasdaq
VBNK,Foreign,Z4,1031.0,6029.0,"Commercial Banks, NEC",Nasdaq
VC,United States,DE,1231.0,3714.0,Motor Vehicle Parts & Accessories,Nasdaq
VCEL,United States,MI,1231.0,2836.0,"Biological Products, (No Diagnostic Subs",Nasdaq
VCIG,Foreign,N8,1231.0,8744.0,Services-Facilities Support Management S,Nasdaq
VCNX,United States,DE,1231.0,2834.0,Pharmaceutical Preparations,OTC
VCTR,United States,DE,1231.0,6282.0,Investment Advice,Nasdaq
VCYT,United States,DE,1231.0,8071.0,Services-Medical Laboratories,Nasdaq
VDTA,United States,NV,930.0,8742.0,Services-Management Consulting Services,OTC
VECA,United States,E9,131.0,6770.0,Blank Checks,"NYSE,NYSE,NYSE"
VECO,United States,DE,1231.0,3559.0,"Special Industry Machinery, NEC",Nasdaq
VEEA,United States,DE,1231.0,7373.0,Services-Computer Integrated Systems Des,"Nasdaq,Nasdaq"
VEEE,United States,,1231.0,3730.0,Ship & Boat Building & Repairing,Nasdaq
VEEV,United States,DE,131.0,7372.0,Services-Prepackaged Software,NYSE
VEL,United States,DE,1231.0,6199.0,Finance Services,NYSE
VELO,United States,DE,1231.0,3559.0,"Special Industry Machinery, NEC","Nasdaq,OTC"
VENU,United States,CO,1231.0,7900.0,Services-Amusement & Recreation Services,NYSE
VEON,Foreign,D0,1231.0,4812.0,Radiotelephone Communications,Nasdaq
VERA,United States,DE,1231.0,2834.0,Pharmaceutical Preparations,Nasdaq
VERI,United States,DE,1231.0,7374.0,Services-Computer Processing & Data Prep,Nasdaq
VERU,United States,WI,930.0,2834.0,Pharmaceutical Preparations,Nasdaq
VERX,United States,DE,1231.0,7372.0,Services-Prepackaged Software,Nasdaq
VEST,United States,FL,1231.0,7900.0,Services-Amusement & Recreation Services,"None,OTC"
VET,Foreign,A0,1231.0,1311.0,Crude Petroleum & Natural Gas,NYSE
VFC,United States,PA,328.0,2320.0,"Men's & Boys' Furnishgs, Work Clothg, & ",NYSE
VFF,Foreign,A6,1231.0,100.0,Agricultural Production-Crops,Nasdaq
VFS,Foreign,U0,1231.0,3711.0,Motor Vehicles & Passenger Car Bodies,"Nasdaq,Nasdaq"
VG,United States,DE,1231.0,4924.0,Natural Gas Distribution,NYSE
VGAS,United States,DE,1231.0,2860.0,Industrial Organic Chemicals,"Nasdaq,Nasdaq"
VGES,United States,NV,731.0,7200.0,Services-Personal Services,OTC
VGNT,United States,Y9,1231.0,3714.0,Motor Vehicle Parts & Accessories,NYSE
VGZ,United States,,1231.0,1040.0,Gold and Silver Ores,NYSE
VHAI,United States,WY,1231.0,7371.0,Services-Computer Programming Services,OTC
VHC,United States,DE,1231.0,6794.0,Patent Owners & Lessors,Nasdaq
VHI,United States,DE,1231.0,2810.0,Industrial Inorganic Chemicals,NYSE
VHUB,United States,DE,1231.0,3590.0,Misc Industrial & Commercial Machinery &,Nasdaq
VIA,United States,DE,1231.0,7372.0,Services-Prepackaged Software,NYSE
VIASP,United States,DE,1231.0,4931.0,Electric & Other Services Combined,Nasdaq
VIAV,United States,DE,627.0,3674.0,Semiconductors & Related Devices,Nasdaq
VICI,United States,MD,1231.0,6798.0,Real Estate Investment Trusts,NYSE
VICP,United States,FL,1231.0,2834.0,Pharmaceutical Preparations,
VICR,United States,DE,1231.0,3679.0,"Electronic Components, NEC",Nasdaq
VIDA,United States,DE,1231.0,7372.0,Services-Prepackaged Software,NYSE
VIIQ,United States,NV,831.0,7372.0,Services-Prepackaged Software,OTC
VIPZ,United States,NV,630.0,5900.0,Retail-Miscellaneous Retail,OTC
VIR,United States,DE,1231.0,2836.0,"Biological Products, (No Diagnostic Subs",Nasdaq
VIRC,United States,DE,131.0,2531.0,Public Bldg & Related Furniture,Nasdaq
VIRT,United States,DE,1231.0,6211.0,"Security Brokers, Dealers & Flotation Co",NYSE
VISL,United States,DE,1231.0,3669.0,"Communications Equipment, NEC",OTC
VISM,United States,FL,630.0,7371.0,Services-Computer Programming Services,OTC
VISN,United States,DE,1231.0,3663.0,Radio & Tv Broadcasting & Communications,Nasdaq
VIST,Foreign,O5,1231.0,1311.0,Crude Petroleum & Natural Gas,"NYSE,OTC"
VITL,United States,DE,1227.0,2000.0,Food and Kindred Products,Nasdaq
VIV,Foreign,,,4813.0,Telephone Communications (No Radioteleph,NYSE
VIVC,United States,NV,630.0,7990.0,Services-Miscellaneous Amusement & Recre,OTC
VIVK,United States,NV,1231.0,4953.0,Refuse Systems,Nasdaq
VIVO,Foreign,X0,630.0,4931.0,Electric & Other Services Combined,Nasdaq
VIVS,United States,DE,331.0,2836.0,"Biological Products, (No Diagnostic Subs",Nasdaq
VKTX,United States,DE,1231.0,2834.0,Pharmaceutical Preparations,Nasdaq
VLGEA,United States,NJ,727.0,5411.0,Retail-Grocery Stores,Nasdaq
VLN,Foreign,L3,1231.0,3674.0,Semiconductors & Related Devices,"NYSE,OTC"
VLO,United States,DE,1231.0,2911.0,Petroleum Refining,NYSE
VLTO,United States,X1,1231.0,3825.0,Instruments For Meas & Testing of  Elect,NYSE
VLY,United States,NJ,1231.0,6021.0,National Commercial Banks,"Nasdaq,Nasdaq,Nasdaq,Nas"
VMAR,Foreign,A8,,3730.0,Ship & Boat Building & Repairing,Nasdaq
VMC,United States,NJ,1231.0,1400.0,Mining & Quarrying of  Nonmetallic Miner,NYSE
VMCAF,United States,E9,1231.0,6770.0,Blank Checks,"OTC,OTC,OTC"
VMD,United States,A1,1231.0,8090.0,"Services-Misc Health & Allied Services, ",Nasdaq
VMET,Foreign,A1,1231.0,6795.0,Mineral Royalty Traders,Nasdaq
VMI,United States,DE,1226.0,3440.0,Fabricated Structural Metal Products,NYSE
VMNT,United States,NV,1231.0,6199.0,Finance Services,OTC
VNCE,United States,DE,201.0,5600.0,Retail-Apparel & Accessory Stores,Nasdaq
VNDA,United States,DE,1231.0,2834.0,Pharmaceutical Preparations,Nasdaq
VNJA,United States,TX,1231.0,1531.0,Operative Builders,OTC
VNME,United States,E9,1231.0,6770.0,Blank Checks,"Nasdaq,Nasdaq,Nasdaq"
VNO,United States,MD,1231.0,6798.0,Real Estate Investment Trusts,"NYSE,OTC,NYSE,NYSE,NYSE,"
VNOM,United States,DE,1231.0,1311.0,Crude Petroleum & Natural Gas,Nasdaq
VNOV,United States,NV,430.0,5130.0,"Wholesale-Apparel, Piece Goods & Notions",OTC
VNRX,United States,DE,1231.0,2835.0,In Vitro & In Vivo Diagnostic Substances,NYSE
VNT,United States,DE,1231.0,3824.0,Totalizing Fluid Meters & Counting Devic,NYSE
VNTG,Foreign,,,4731.0,Arrangement of  Transportation of  Freig,NYSE
VOD,Foreign,,331.0,4812.0,Radiotelephone Communications,"Nasdaq,OTC"
VOR,United States,,1231.0,2836.0,"Biological Products, (No Diagnostic Subs",Nasdaq
VOXR,Foreign,A6,1231.0,1040.0,Gold and Silver Ores,Nasdaq
VOYA,United States,DE,1231.0,6311.0,Life Insurance,"NYSE,NYSE"
VOYG,United States,TX,1231.0,3760.0,Guided Missiles & Space Vehicles & Parts,NYSE
VPG,United States,DE,1231.0,3670.0,Electronic Components & Accessories,NYSE
VPLM,United States,NV,930.0,3661.0,Telephone & Telegraph Apparatus,OTC
VPRB,United States,,1231.0,7372.0,Services-Prepackaged Software,OTC
VQSSF,Foreign,A6,1231.0,7370.0,"Services-Computer Programming, Data Proc",
VRA,United States,,130.0,3100.0,Leather & Leather Products,Nasdaq
VRAX,Foreign,E9,331.0,2835.0,In Vitro & In Vivo Diagnostic Substances,Nasdaq
VRCA,United States,DE,1231.0,2834.0,Pharmaceutical Preparations,Nasdaq
VRDN,United States,DE,1231.0,2834.0,Pharmaceutical Preparations,Nasdaq
VRDR,United States,NV,630.0,1040.0,Gold and Silver Ores,OTC
VREOF,United States,A1,1231.0,2834.0,Pharmaceutical Preparations,OTC
VREX,United States,DE,1002.0,3679.0,"Electronic Components, NEC",Nasdaq
VRM,United States,DE,1231.0,5500.0,Retail-Auto Dealers & Gasoline Stations,"Nasdaq,OTC"
VRME,United States,NV,1231.0,6199.0,Finance Services,Nasdaq
VRNO,United States,NV,1231.0,100.0,Agricultural Production-Crops,OTC
VRNS,United States,DE,1231.0,7372.0,Services-Prepackaged Software,Nasdaq
VRRM,United States,,1231.0,4700.0,Transportation Services,Nasdaq
VRSK,United States,DE,1231.0,7374.0,Services-Computer Processing & Data Prep,Nasdaq
VRSN,United States,DE,1231.0,7371.0,Services-Computer Programming Services,Nasdaq
VRSSF,Foreign,A1,331.0,7370.0,"Services-Computer Programming, Data Proc",
VRT,United States,DE,1231.0,3679.0,"Electronic Components, NEC",NYSE
VRTS,United States,DE,1231.0,6282.0,Investment Advice,NYSE
VRTX,United States,MA,1231.0,2834.0,Pharmaceutical Preparations,Nasdaq
VS,Foreign,A1,1231.0,7374.0,Services-Computer Processing & Data Prep,Nasdaq
VSAT,United States,DE,331.0,4899.0,"Communications Services, NEC",Nasdaq
VSBC,United States,NV,131.0,8731.0,Services-Commercial Physical & Biologica,
VSEC,United States,DE,1231.0,8711.0,Services-Engineering Services,"Nasdaq,Nasdaq"
VSEE,United States,DE,1231.0,8000.0,Services-Health Services,"Nasdaq,Nasdaq"
VSH,United States,DE,1231.0,3670.0,Electronic Components & Accessories,NYSE
VSME,Foreign,D8,1231.0,7311.0,Services-Advertising Agencies,Nasdaq
VSNT,United States,PA,1231.0,4833.0,Television Broadcasting Stations,Nasdaq
VSOL,United States,DE,1231.0,6221.0,Commodity Contracts Brokers & Dealers,Nasdaq
VST,United States,DE,1231.0,4911.0,Electric Services,NYSE
VSTD,United States,DE,1231.0,5812.0,Retail-Eating  Places,Nasdaq
VSTM,United States,MA,1231.0,2834.0,Pharmaceutical Preparations,Nasdaq
VSTS,United States,DE,1003.0,5190.0,Wholesale-Miscellaneous Nondurable Goods,NYSE
VSXY,United States,,130.0,5621.0,Retail-Women's Clothing Stores,NYSE
VTAK,United States,DE,1231.0,3841.0,Surgical & Medical Instruments & Apparat,NYSE
VTGN,United States,NV,331.0,2834.0,Pharmaceutical Preparations,Nasdaq
VTIX,United States,DE,331.0,3577.0,"Computer Peripheral Equipment, NEC",Nasdaq
VTMX,Foreign,O5,1231.0,6500.0,Real Estate,NYSE
VTOL,United States,,1231.0,4522.0,"Air Transportation, Nonscheduled",NYSE
VTR,United States,DE,1231.0,6798.0,Real Estate Investment Trusts,NYSE
VTRS,United States,DE,1231.0,2834.0,Pharmaceutical Preparations,Nasdaq
VTS,United States,DE,1231.0,1311.0,Crude Petroleum & Natural Gas,NYSE
VTSI,United States,NV,1231.0,3990.0,Miscellaneous Manufacturing Industries,Nasdaq
VUZI,United States,DE,1231.0,3663.0,Radio & Tv Broadcasting & Communications,Nasdaq
VVOS,United States,DE,1231.0,3841.0,Surgical & Medical Instruments & Apparat,Nasdaq
VVV,United States,,930.0,2990.0,Miscellaneous Products of  Petroleum & C,NYSE
VVX,United States,IN,1231.0,8744.0,Services-Facilities Support Management S,NYSE
VWAV,United States,DE,930.0,7372.0,Services-Prepackaged Software,"Nasdaq,Nasdaq"
VWFB,United States,,630.0,6036.0,"Savings Institutions, Not Federally Char",
VXRT,United States,DE,1231.0,2836.0,"Biological Products, (No Diagnostic Subs",OTC
VYCO,United States,DE,1231.0,3841.0,Surgical & Medical Instruments & Apparat,OTC
VYGR,United States,DE,1231.0,2836.0,"Biological Products, (No Diagnostic Subs",Nasdaq
VYND,United States,DE,1231.0,7200.0,Services-Personal Services,OTC
VYNE,United States,DE,1231.0,2834.0,Pharmaceutical Preparations,"Nasdaq,Nasdaq"
VYST,United States,GA,1231.0,3060.0,"Fabricated Rubber Products, NEC",OTC
VYX,United States,MD,1231.0,3578.0,Calculating & Accounting Machines (No El,"NYSE,OTC"
VZ,United States,DE,1231.0,4813.0,Telephone Communications (No Radioteleph,NYSE
VZLA,Foreign,A1,430.0,1040.0,Gold and Silver Ores,NYSE
W,United States,,1231.0,5961.0,Retail-Catalog & Mail-Order Houses,NYSE
WAB,United States,DE,1231.0,3743.0,Railroad Equipment,NYSE
WABC,United States,CA,1231.0,6021.0,National Commercial Banks,Nasdaq
WAFD,United States,WA,930.0,6021.0,National Commercial Banks,"Nasdaq,Nasdaq"
WAFU,Foreign,D8,331.0,8200.0,Services-Educational Services,Nasdaq
WAL,United States,DE,1231.0,6022.0,State Commercial Banks,"NYSE,NYSE"
WALD,Foreign,,,2844.0,"Perfumes, Cosmetics & Other Toilet Prepa","Nasdaq,Nasdaq"
WAMFF,United States,A1,1231.0,1040.0,Gold and Silver Ores,OTC
WASH,United States,RI,1231.0,6022.0,State Commercial Banks,Nasdaq
WAST,United States,NV,1231.0,7389.0,"Services-Business Services, NEC",OTC
WAT,United States,DE,1231.0,3826.0,Laboratory Analytical Instruments,NYSE
WATT,United States,DE,1231.0,3663.0,Radio & Tv Broadcasting & Communications,Nasdaq
WAVE,Foreign,V7,1231.0,4911.0,Electric Services,Nasdaq
WAY,United States,DE,1231.0,7373.0,Services-Computer Integrated Systems Des,Nasdaq
WB,Foreign,E9,1231.0,7370.0,"Services-Computer Programming, Data Proc","Nasdaq,OTC"
WBD,United States,DE,1231.0,4841.0,Cable & Other Pay Television Services,Nasdaq
WBHC,United States,TN,1231.0,6021.0,National Commercial Banks,OTC
WBI,United States,DE,1231.0,1389.0,"Oil & Gas Field Services, NEC",NYSE
WBS,United States,DE,1231.0,6021.0,National Commercial Banks,"NYSE,NYSE,NYSE"
WBSR,United States,WY,1231.0,7372.0,Services-Prepackaged Software,OTC
WBTN,United States,DE,1231.0,2741.0,Miscellaneous Publishing,Nasdaq
WBUY,Foreign,E9,1231.0,5900.0,Retail-Miscellaneous Retail,Nasdaq
WCC,United States,,1231.0,5063.0,Wholesale-Electrical Apparatus & Equipme,NYSE
WCN,Foreign,A6,1231.0,4953.0,Refuse Systems,NYSE
WCT,Foreign,,1231.0,7372.0,Services-Prepackaged Software,Nasdaq
WD,United States,MD,1231.0,6199.0,Finance Services,NYSE
WDAY,United States,DE,131.0,7374.0,Services-Computer Processing & Data Prep,Nasdaq
WDC,United States,DE,703.0,3572.0,Computer Storage Devices,Nasdaq
WDFC,United States,DE,831.0,2890.0,Miscellaneous Chemical Products,Nasdaq
WDH,Foreign,E9,1231.0,6411.0,"Insurance Agents, Brokers & Service",NYSE
WDLF,United States,NV,1231.0,6199.0,Finance Services,OTC
WDS,Foreign,,1231.0,1311.0,Crude Petroleum & Natural Gas,"NYSE,OTC"
WDSP,United States,DE,1031.0,5045.0,Wholesale-Computers & Peripheral Equipme,OTC
WEAV,United States,DE,1231.0,7372.0,Services-Prepackaged Software,NYSE
WEBNF,Foreign,C3,930.0,6029.0,"Commercial Banks, NEC","OTC,OTC"
WEC,United States,WI,1231.0,4931.0,Electric & Other Services Combined,NYSE
WELL,United States,DE,1231.0,6798.0,Real Estate Investment Trusts,NYSE
WELPP,United States,WI,1231.0,4911.0,Electric Services,"OTC,OTC"
WEN,United States,DE,103.0,5810.0,Retail-Eating & Drinking Places,Nasdaq
WENC,United States,E9,1231.0,6770.0,Blank Checks,"NYSE,NYSE,NYSE"
WERN,United States,NE,1231.0,4213.0,Trucking (No Local),Nasdaq
WES,United States,DE,1231.0,4922.0,Natural Gas Transmission,NYSE
WEST,United States,DE,1231.0,2080.0,Beverages,Nasdaq
WETH,United States,NV,1231.0,3577.0,"Computer Peripheral Equipment, NEC",Nasdaq
WETO,Foreign,E9,630.0,4100.0,Local & Suburban Transit & Interurban Hw,Nasdaq
WEWA,United States,NV,531.0,7370.0,"Services-Computer Programming, Data Proc",OTC
WEX,United States,DE,1231.0,7389.0,"Services-Business Services, NEC",NYSE
WEYS,United States,WI,1231.0,5130.0,"Wholesale-Apparel, Piece Goods & Notions",Nasdaq
WF,Foreign,M5,1231.0,6029.0,"Commercial Banks, NEC",NYSE
WFC,United States,DE,1231.0,6021.0,National Commercial Banks,"NYSE,NYSE,NYSE,NYSE,OTC,"
WFCF,United States,,1231.0,7372.0,Services-Prepackaged Software,Nasdaq
WFF,Foreign,E9,1231.0,3990.0,Miscellaneous Manufacturing Industries,Nasdaq
WFRD,United States,,1231.0,3533.0,Oil & Gas Field Machinery & Equipment,Nasdaq
WGO,United States,MN,830.0,3716.0,Motor Homes,NYSE
WGRX,United States,DE,1231.0,5122.0,"Wholesale-Drugs, Proprietaries & Druggis",Nasdaq
WGS,United States,DE,1231.0,8000.0,Services-Health Services,Nasdaq
WH,United States,DE,1231.0,7011.0,Hotels & Motels,NYSE
WHD,United States,,1231.0,3533.0,Oil & Gas Field Machinery & Equipment,NYSE
WHEN,United States,DE,1231.0,7372.0,Services-Prepackaged Software,OTC
WHF,United States,DE,1231.0,,,"Nasdaq,Nasdaq"
WHG,United States,DE,1231.0,6282.0,Investment Advice,NYSE
WHK,United States,DE,1231.0,1311.0,Crude Petroleum & Natural Gas,NYSE
WHLR,United States,MD,1231.0,6798.0,Real Estate Investment Trusts,"Nasdaq,Nasdaq,Nasdaq,Nas"
WHLT,United States,DE,1231.0,700.0,Agricultural Services,OTC
WHR,United States,DE,1231.0,3630.0,Household Appliances,"NYSE,NYSE"
WHWK,United States,DE,1231.0,2834.0,Pharmaceutical Preparations,Nasdaq
WILC,Foreign,L3,1231.0,5141.0,"Wholesale-Groceries, General Line",Nasdaq
WIMI,Foreign,E9,1231.0,7372.0,Services-Prepackaged Software,Nasdaq
WINA,United States,MN,1226.0,5900.0,Retail-Miscellaneous Retail,Nasdaq
WING,United States,DE,1226.0,5812.0,Retail-Eating  Places,Nasdaq
WINT,United States,DE,1231.0,2836.0,"Biological Products, (No Diagnostic Subs",OTC
WINV,United States,DE,1231.0,6770.0,Blank Checks,"OTC,OTC,OTC,OTC"
WIT,Foreign,,331.0,7371.0,Services-Computer Programming Services,NYSE
WIX,Foreign,L3,1231.0,7370.0,"Services-Computer Programming, Data Proc",Nasdaq
WK,United States,DE,1231.0,7372.0,Services-Prepackaged Software,NYSE
WKC,United States,FL,1231.0,5172.0,Wholesale-Petroleum & Petroleum Products,NYSE
WKHS,United States,NV,1231.0,3711.0,Motor Vehicles & Passenger Car Bodies,Nasdaq
WKSP,United States,NV,1231.0,3714.0,Motor Vehicle Parts & Accessories,Nasdaq
WLDN,United States,DE,101.0,8711.0,Services-Engineering Services,Nasdaq
WLDS,Foreign,L3,1231.0,3576.0,Computer Communications Equipment,"Nasdaq,Nasdaq"
WLFC,United States,DE,1231.0,5080.0,"Wholesale-Machinery, Equipment & Supplie",Nasdaq
WLGSF,Foreign,D8,1231.0,1700.0,Construction - Special Trade Contractors,OTC
WLK,United States,DE,1231.0,2860.0,Industrial Organic Chemicals,NYSE
WLKP,United States,DE,1231.0,2860.0,Industrial Organic Chemicals,NYSE
WLSS,United States,WY,930.0,8000.0,Services-Health Services,OTC
WLTH,United States,DE,131.0,6199.0,Finance Services,Nasdaq
WLY,United States,NY,430.0,2731.0,Books: Publishing or  Publishing & Print,"NYSE,NYSE"
WM,United States,DE,1231.0,4953.0,Refuse Systems,NYSE
WMB,United States,DE,1231.0,4922.0,Natural Gas Transmission,NYSE
WMG,United States,DE,930.0,7900.0,Services-Amusement & Recreation Services,Nasdaq
WMK,United States,PA,1226.0,5411.0,Retail-Grocery Stores,NYSE
WMS,United States,DE,331.0,3086.0,Plastics Foam Products,NYSE
WMT,United States,DE,131.0,5331.0,Retail-Variety Stores,Nasdaq
WNC,United States,DE,1231.0,3715.0,Truck Trailers,NYSE
WNDW,United States,NV,831.0,2860.0,Industrial Organic Chemicals,OTC
WNEB,United States,MA,1231.0,6035.0,"Savings Institution, Federally Chartered",Nasdaq
WNFT,United States,NV,630.0,7374.0,Services-Computer Processing & Data Prep,"OTC,None"
WNHK,United States,NV,1231.0,6500.0,Real Estate,OTC
WNLV,United States,NV,1231.0,7812.0,Services-Motion Picture & Video Tape Pro,OTC
WNW,Foreign,D8,1231.0,2840.0,"Soap, Detergents, Cleang Preparations, P",Nasdaq
WOK,Foreign,F4,930.0,3841.0,Surgical & Medical Instruments & Apparat,Nasdaq
WOLF,United States,DE,629.0,3674.0,Semiconductors & Related Devices,NYSE
WOOF,United States,DE,130.0,5990.0,"Retail-Retail Stores, NEC",Nasdaq
WOR,United States,OH,531.0,3310.0,"Steel Works, Blast Furnaces & Rolling & ",NYSE
WORX,United States,DE,1231.0,7374.0,Services-Computer Processing & Data Prep,OTC
WPC,United States,MD,1231.0,6798.0,Real Estate Investment Trusts,NYSE
WPM,Foreign,A6,1231.0,1040.0,Gold and Silver Ores,NYSE
WPP,Foreign,,1231.0,7311.0,Services-Advertising Agencies,"NYSE,OTC"
WPRT,Foreign,,,3510.0,Engines & Turbines,Nasdaq
WRAP,United States,DE,1231.0,3480.0,"Ordnance & Accessories, (No Vehicles/Gui",Nasdaq
WRB,United States,DE,1231.0,6331.0,"Fire, Marine & Casualty Insurance","NYSE,NYSE,NYSE,NYSE,NYSE"
WRBY,United States,DE,1231.0,3851.0,Ophthalmic Goods,NYSE
WRLD,United States,SC,331.0,6141.0,Personal Credit Institutions,Nasdaq
WRN,Foreign,A1,1231.0,1000.0,Metal Mining,NYSE
WS,United States,OH,531.0,3310.0,"Steel Works, Blast Furnaces & Rolling & ",NYSE
WSBC,United States,WV,1231.0,6021.0,National Commercial Banks,"Nasdaq,Nasdaq"
WSBF,United States,MD,1231.0,6035.0,"Savings Institution, Federally Chartered",Nasdaq
WSBK,United States,MD,1231.0,6036.0,"Savings Institutions, Not Federally Char",Nasdaq
WSC,United States,DE,1231.0,7350.0,Services-Miscellaneous Equipment Rental ,Nasdaq
WSFS,United States,DE,1231.0,6021.0,National Commercial Banks,Nasdaq
WSM,United States,DE,131.0,5700.0,"Retail-Home Furniture, Furnishings & Equ",NYSE
WSO,United States,FL,1231.0,5070.0,Wholesale-Hardware & Plumbing & Heating ,"NYSE,NYSE"
WSR,United States,TX,1231.0,6798.0,Real Estate Investment Trusts,NYSE
WST,United States,PA,1231.0,3841.0,Surgical & Medical Instruments & Apparat,NYSE
WSTN,United States,E9,630.0,6770.0,Blank Checks,"Nasdaq,Nasdaq,Nasdaq"
WSTRF,United States,A6,1231.0,1090.0,Miscellaneous Metal Ores,OTC
WT,United States,DE,1231.0,6211.0,"Security Brokers, Dealers & Flotation Co",NYSE
WTBA,United States,IA,1231.0,6022.0,State Commercial Banks,Nasdaq
WTER,United States,NV,331.0,5140.0,Wholesale-Groceries & Related Products,OTC
WTF,Foreign,D8,331.0,6200.0,"Security & Commodity Brokers, Dealers, E",Nasdaq
WTFC,United States,IL,1231.0,6022.0,State Commercial Banks,"Nasdaq,Nasdaq"
WTG,United States,E9,1231.0,7370.0,"Services-Computer Programming, Data Proc","Nasdaq,Nasdaq,Nasdaq"
WTI,United States,TX,1231.0,1311.0,Crude Petroleum & Natural Gas,NYSE
WTM,United States,D0,1231.0,6331.0,"Fire, Marine & Casualty Insurance",NYSE
WTO,Foreign,E9,331.0,3600.0,Electronic & Other Electrical Equipment ,Nasdaq
WTRG,United States,PA,1231.0,4941.0,Water Supply,NYSE
WTS,United States,DE,1231.0,3490.0,Miscellaneous Fabricated Metal Products,NYSE
WTTR,United States,DE,1231.0,1389.0,"Oil & Gas Field Services, NEC",NYSE
WTW,United States,L2,1231.0,6411.0,"Insurance Agents, Brokers & Service",Nasdaq
WU,United States,DE,1231.0,7389.0,"Services-Business Services, NEC",NYSE
WULF,United States,DE,1231.0,6199.0,Finance Services,Nasdaq
WVE,United States,DE,1231.0,2834.0,Pharmaceutical Preparations,Nasdaq
WVVI,United States,OR,1231.0,2080.0,Beverages,"Nasdaq,Nasdaq"
WW,United States,VA,1231.0,7200.0,Services-Personal Services,Nasdaq
WWD,United States,DE,930.0,3620.0,Electrical Industrial Apparatus,Nasdaq
WWR,United States,DE,1231.0,1000.0,Metal Mining,NYSE
WWW,United States,MI,1230.0,3140.0,"Footwear, (No Rubber)",NYSE
WXM,Foreign,E9,930.0,1700.0,Construction - Special Trade Contractors,Nasdaq
WY,United States,WA,1231.0,6798.0,Real Estate Investment Trusts,NYSE
WYFI,United States,E9,1231.0,6199.0,Finance Services,Nasdaq
WYGC,United States,NV,1231.0,8742.0,Services-Management Consulting Services,OTC
WYHG,Foreign,K3,1231.0,2013.0,Sausages & Other Prepared Meat Products,Nasdaq
WYNN,United States,,1231.0,7011.0,Hotels & Motels,Nasdaq
WYTC,United States,NV,1231.0,4822.0,Telegraph & Other Message Communications,OTC
WYY,United States,DE,1231.0,7373.0,Services-Computer Integrated Systems Des,NYSE
XAEIU,United States,MN,1231.0,6500.0,Real Estate,OTC
XAGE,United States,DE,1231.0,2840.0,"Soap, Detergents, Cleang Preparations, P","OTC,OTC"
XAIR,United States,DE,331.0,3841.0,Surgical & Medical Instruments & Apparat,Nasdaq
XBIO,United States,NV,1231.0,2834.0,Pharmaceutical Preparations,Nasdaq
XBIT,United States,A1,1231.0,2834.0,Pharmaceutical Preparations,Nasdaq
XBP,United States,DE,1231.0,7389.0,"Services-Business Services, NEC","Nasdaq,Nasdaq"
XCH,Foreign,E9,1231.0,3690.0,"Miscellaneous Electrical Machinery, Equi",Nasdaq
XCUR,United States,DE,1231.0,2834.0,Pharmaceutical Preparations,Nasdaq
XEL,United States,MN,1231.0,4931.0,Electric & Other Services Combined,"Nasdaq,Nasdaq"
XELB,United States,DE,1231.0,6794.0,Patent Owners & Lessors,Nasdaq
XENE,United States,A1,1231.0,2834.0,Pharmaceutical Preparations,Nasdaq
XERI,United States,,630.0,3721.0,Aircraft,OTC
XERS,United States,,1231.0,2834.0,Pharmaceutical Preparations,Nasdaq
XFLH,United States,E9,831.0,6770.0,Blank Checks,"NYSE,NYSE,NYSE"
XFOR,United States,DE,1231.0,2836.0,"Biological Products, (No Diagnostic Subs",Nasdaq
XGN,United States,DE,1231.0,8071.0,Services-Medical Laboratories,Nasdaq
XHG,Foreign,,,6411.0,"Insurance Agents, Brokers & Service",Nasdaq
XHLD,United States,NV,1231.0,7389.0,"Services-Business Services, NEC",Nasdaq
XHR,United States,FL,1231.0,7011.0,Hotels & Motels,NYSE
XIFR,United States,,1231.0,4911.0,Electric Services,NYSE
XITO,United States,NV,331.0,6770.0,Blank Checks,OTC
XLO,United States,DE,1231.0,2834.0,Pharmaceutical Preparations,Nasdaq
XMAX,United States,NV,1231.0,2510.0,Household Furniture,Nasdaq
XMTR,United States,MD,1231.0,7389.0,"Services-Business Services, NEC",Nasdaq
XNCR,United States,DE,1231.0,2834.0,Pharmaceutical Preparations,Nasdaq
XNDU,Foreign,A6,1231.0,3571.0,Electronic Computers,Nasdaq
XNET,Foreign,,,7372.0,Services-Prepackaged Software,Nasdaq
XOM,United States,NJ,1231.0,2911.0,Petroleum Refining,
XOMA,United States,NV,1231.0,2834.0,Pharmaceutical Preparations,
XOS,United States,DE,1231.0,3714.0,Motor Vehicle Parts & Accessories,"Nasdaq,Nasdaq"
XPEL,United States,NV,1231.0,3470.0,"Coating, Engraving & Allied Services",Nasdaq
XPER,United States,DE,1231.0,7372.0,Services-Prepackaged Software,NYSE
XPL,United States,CO,1231.0,1040.0,Gold and Silver Ores,NYSE
XPO,United States,,1231.0,4700.0,Transportation Services,NYSE
XPOF,United States,DE,1231.0,7990.0,Services-Miscellaneous Amusement & Recre,NYSE
XPON,United States,NV,1231.0,3690.0,"Miscellaneous Electrical Machinery, Equi",Nasdaq
XPRO,United States,P7,1231.0,1389.0,"Oil & Gas Field Services, NEC",
XRAY,United States,DE,1231.0,3843.0,Dental Equipment & Supplies,Nasdaq
XRN,United States,MD,1231.0,6798.0,Real Estate Investment Trusts,"NYSE,NYSE,NYSE"
XRP,United States,DE,1231.0,6221.0,Commodity Contracts Brokers & Dealers,NYSE
XRPZ,United States,DE,331.0,6221.0,Commodity Contracts Brokers & Dealers,NYSE
XRTX,Foreign,A1,1231.0,2834.0,Pharmaceutical Preparations,Nasdaq
XRX,United States,CT,1231.0,3577.0,"Computer Peripheral Equipment, NEC","Nasdaq,Nasdaq"
XTGRF,Foreign,D8,1231.0,1000.0,Metal Mining,OTC
XTIA,United States,NV,1231.0,7371.0,Services-Computer Programming Services,Nasdaq
XTLB,Foreign,L3,,2834.0,Pharmaceutical Preparations,Nasdaq
XTNT,United States,DE,1231.0,3841.0,Surgical & Medical Instruments & Apparat,NYSE
XTXXF,Foreign,A1,1231.0,2834.0,Pharmaceutical Preparations,
XWEL,United States,DE,1231.0,7200.0,Services-Personal Services,Nasdaq
XXC,Foreign,E9,630.0,3350.0,Rolling Drawing & Extruding of  Nonferro,
XXI,United States,TX,1231.0,6199.0,Finance Services,NYSE
XXII,United States,FL,1231.0,2111.0,Cigarettes,Nasdaq
XYF,Foreign,E9,1231.0,6199.0,Finance Services,NYSE
XYL,United States,IN,1231.0,3561.0,Pumps & Pumping Equipment,NYSE
XYZ,United States,DE,1231.0,7372.0,Services-Prepackaged Software,"NYSE,OTC"
XZO,United States,FL,1231.0,7372.0,Services-Prepackaged Software,NYSE
YAAS,Foreign,E9,930.0,7372.0,Services-Prepackaged Software,Nasdaq
YALA,Foreign,E9,1231.0,7370.0,"Services-Computer Programming, Data Proc",NYSE
YB,Foreign,E9,1231.0,6411.0,"Insurance Agents, Brokers & Service",Nasdaq
YBGJ,United States,NY,1231.0,3845.0,Electromedical & Electrotherapeutic Appa,OTC
YCBD,United States,NC,930.0,2844.0,"Perfumes, Cosmetics & Other Toilet Prepa",NYSE
YCY,United States,E9,1231.0,6770.0,Blank Checks,"NYSE,NYSE,NYSE"
YDES,Foreign,E9,1231.0,8071.0,Services-Medical Laboratories,"Nasdaq,Nasdaq"
YDKG,Foreign,E9,1231.0,7311.0,Services-Advertising Agencies,Nasdaq
YELP,United States,DE,1231.0,7200.0,Services-Personal Services,NYSE
YETI,United States,DE,102.0,3949.0,"Sporting & Athletic Goods, NEC",NYSE
YEXT,United States,DE,131.0,7374.0,Services-Computer Processing & Data Prep,NYSE
YGMZF,Foreign,E9,1231.0,4700.0,Transportation Services,OTC
YHC,United States,DE,1231.0,2080.0,Beverages,Nasdaq
YHGJ,United States,IL,1231.0,3060.0,"Fabricated Rubber Products, NEC",Nasdaq
YHNA,United States,D8,1231.0,6770.0,Blank Checks,"Nasdaq,Nasdaq,Nasdaq"
YJ,Foreign,E9,1231.0,5990.0,"Retail-Retail Stores, NEC",Nasdaq
YMAT,Foreign,,,3949.0,"Sporting & Athletic Goods, NEC",Nasdaq
YORW,United States,PA,1231.0,4941.0,Water Supply,Nasdaq
YOU,United States,DE,1231.0,7372.0,Services-Prepackaged Software,NYSE
YOUL,Foreign,,,8200.0,Services-Educational Services,Nasdaq
YPF,Foreign,C1,1231.0,2911.0,Petroleum Refining,NYSE
YQ,Foreign,F4,1231.0,8200.0,Services-Educational Services,Nasdaq
YRD,Foreign,E9,1231.0,6199.0,Finance Services,NYSE
YSGL,United States,NV,331.0,8742.0,Services-Management Consulting Services,OTC
YSS,United States,DE,1231.0,3760.0,Guided Missiles & Space Vehicles & Parts,NYSE
YSWY,United States,DE,1231.0,5411.0,Retail-Grocery Stores,Nasdaq
YSXT,Foreign,E9,331.0,7500.0,"Services-Automotive Repair, Services & P",Nasdaq
YTFD,United States,DE,1231.0,6770.0,Blank Checks,OTC
YUM,United States,NC,1231.0,5812.0,Retail-Eating  Places,NYSE
YUMC,United States,DE,1231.0,5812.0,Retail-Eating  Places,NYSE
YXT,Foreign,E9,1231.0,7372.0,Services-Prepackaged Software,Nasdaq
YYAI,United States,DE,430.0,7370.0,"Services-Computer Programming, Data Proc",Nasdaq
YYGH,Foreign,D8,,7363.0,Services-Help Supply Services,Nasdaq
Z,United States,WA,1231.0,7389.0,"Services-Business Services, NEC","Nasdaq,Nasdaq"
ZARE,United States,MD,1231.0,6798.0,Real Estate Investment Trusts,OTC
ZBH,United States,DE,1231.0,3842.0,"Orthopedic, Prosthetic & Surgical Applia",NYSE
ZBIO,United States,DE,1231.0,2834.0,Pharmaceutical Preparations,Nasdaq
ZBRA,United States,,1231.0,3560.0,General Industrial Machinery & Equipment,Nasdaq
ZCAR,United States,DE,331.0,7510.0,Services-Auto Rental & Leasing (No Drive,"OTC,OTC"
ZCSH,United States,DE,1231.0,6221.0,Commodity Contracts Brokers & Dealers,OTC
ZD,United States,,1231.0,4822.0,Telegraph & Other Message Communications,Nasdaq
ZDAI,Foreign,E9,331.0,1540.0,General Bldg Contractors - Nonresidentia,Nasdaq
ZDGE,United States,DE,731.0,7372.0,Services-Prepackaged Software,NYSE
ZDPY,United States,NV,1231.0,6512.0,Opeators of  Nonresidential Buildings,OTC
ZENA,Foreign,Z4,1231.0,7372.0,Services-Prepackaged Software,Nasdaq
ZENVF,Foreign,D5,1231.0,7372.0,Services-Prepackaged Software,OTC
ZEO,United States,,1231.0,1700.0,Construction - Special Trade Contractors,"Nasdaq,Nasdaq"
ZEOX,United States,NV,1031.0,2836.0,"Biological Products, (No Diagnostic Subs",OTC
ZEPP,Foreign,E9,1231.0,3571.0,Electronic Computers,NYSE
ZETA,United States,DE,1231.0,7372.0,Services-Prepackaged Software,NYSE
ZGN,Foreign,P7,1231.0,2300.0,Apparel & Other Finishd Prods of  Fabric,NYSE
ZH,Foreign,E9,1231.0,7389.0,"Services-Business Services, NEC","NYSE,OTC"
ZHJD,United States,NV,1231.0,2870.0,Agricultural Chemicals,OTC
ZICX,United States,NV,331.0,7310.0,Services-Advertising,OTC
ZIM,Foreign,L3,1231.0,4412.0,Deep Sea Foreign Transportation of  Frei,NYSE
ZION,United States,UT,1231.0,6021.0,National Commercial Banks,"Nasdaq,Nasdaq"
ZIP,United States,DE,1231.0,7370.0,"Services-Computer Programming, Data Proc",NYSE
ZIVO,United States,NV,1231.0,2836.0,"Biological Products, (No Diagnostic Subs","OTC,OTC"
ZJK,Foreign,E9,1231.0,3452.0,"Bolts, Nuts, Screws, Rivets & Washers",Nasdaq
ZJYL,Foreign,E9,930.0,3842.0,"Orthopedic, Prosthetic & Surgical Applia",Nasdaq
ZKH,Foreign,E9,1231.0,5200.0,"Retail-Building Materials, Hardware, Gar",NYSE
ZKIN,Foreign,D8,930.0,3490.0,Miscellaneous Fabricated Metal Products,Nasdaq
ZLAB,Foreign,E9,1231.0,2834.0,Pharmaceutical Preparations,Nasdaq
ZLME,United States,,531.0,1000.0,Metal Mining,OTC
ZM,United States,DE,131.0,7370.0,"Services-Computer Programming, Data Proc",Nasdaq
ZNB,Foreign,E9,630.0,8200.0,Services-Educational Services,Nasdaq
ZNOG,United States,DE,1231.0,1382.0,Oil & Gas Field Exploration Services,"OTC,OTC"
ZNTL,United States,,1231.0,2834.0,Pharmaceutical Preparations,Nasdaq
ZOMDF,United States,A0,1231.0,2834.0,Pharmaceutical Preparations,OTC
ZONE,United States,NV,630.0,2842.0,"Specialty Cleaning, Polishing and Sanita",NYSE
ZOOZ,Foreign,L3,1231.0,3590.0,Misc Industrial & Commercial Machinery &,"Nasdaq,Nasdaq"
ZPTA,United States,DE,1231.0,7372.0,Services-Prepackaged Software,"OTC,OTC"
ZS,United States,DE,731.0,7371.0,Services-Computer Programming Services,Nasdaq
ZSPC,United States,DE,1231.0,7372.0,Services-Prepackaged Software,OTC
ZSQR,United States,DE,1231.0,6199.0,Finance Services,Nasdaq
ZSTK,Foreign,A6,1231.0,5122.0,"Wholesale-Drugs, Proprietaries & Druggis",Nasdaq
ZTEK,Foreign,A6,331.0,2890.0,Miscellaneous Chemical Products,Nasdaq
ZTG,Foreign,E9,930.0,8742.0,Services-Management Consulting Services,Nasdaq
ZTO,Foreign,,,4210.0,Trucking & Courier Services (No Air),"NYSE,OTC"
ZTS,United States,,1231.0,2834.0,Pharmaceutical Preparations,NYSE
ZUMZ,United States,WA,203.0,5600.0,Retail-Apparel & Accessory Stores,Nasdaq
ZURA,United States,E9,1231.0,2836.0,"Biological Products, (No Diagnostic Subs",Nasdaq
ZVIA,United States,DE,1231.0,2086.0,Bottled & Canned Soft Drinks & Carbonate,NYSE
ZVRA,United States,DE,1231.0,2834.0,Pharmaceutical Preparations,Nasdaq
ZVSA,United States,DE,1231.0,2834.0,Pharmaceutical Preparations,OTC
ZWS,United States,DE,1231.0,3560.0,General Industrial Machinery & Equipment,NYSE
ZYBT,Foreign,F4,,2834.0,Pharmaceutical Preparations,Nasdaq
ZYME,United States,DE,1231.0,2834.0,Pharmaceutical Preparations,Nasdaq
BZFD,United States,DE,1231,4899,"Communications Services, NEC","Nasdaq,Nasdaq"
BZH,United States,DE,0930,1531,Operative Builders,NYSE
BZRD,United States,,1231,6770,Blank Checks,OTC
BZUN,Foreign,E9,1231,5961,Retail-Catalog & Mail-Order Houses,Nasdaq
BZYR,United States,DE,0228,2835,In Vitro & In Vivo Diagnostic Substances,OTC
C,United States,DE,1231,6021,National Commercial Banks,"NYSE,NYSE,NYSE"
CAAP,Foreign,N4,1231,4581,"Airports, Flying Fields & Airport Termin",NYSE
CAAS,Foreign,E9,1231,3714,Motor Vehicle Parts & Accessories,Nasdaq
CABA,United States,DE,1231,2836,"Biological Products, (No Diagnostic Subs",Nasdaq
CABO,United States,DE,1231,4841,Cable & Other Pay Television Services,NYSE
CABR,United States,NV,1231,2844,"Perfumes, Cosmetics & Other Toilet Prepa",Nasdaq
CAC,United States,ME,1231,6021,National Commercial Banks,Nasdaq
CACC,United States,MI,1231,6141,Personal Credit Institutions,Nasdaq
CACI,United States,DE,0630,7373,Services-Computer Integrated Systems Des,NYSE
CADL,United States,DE,1231,2836,"Biological Products, (No Diagnostic Subs",Nasdaq
CAE,Foreign,,,3690,"Miscellaneous Electrical Machinery, Equi",Nasdaq
CAG,United States,DE,0530,2000,Food and Kindred Products,NYSE
CAH,United States,OH,0630,5122,"Wholesale-Drugs, Proprietaries & Druggis",NYSE
CAHO,United States,NV,0331,5961,Retail-Catalog & Mail-Order Houses,OTC
CAI,United States,TX,1231,8071,Services-Medical Laboratories,Nasdaq
CAJFF,Foreign,M0,1231,3861,Photographic Equipment & Supplies,OTC
CAKE,United States,DE,1230,5812,Retail-Eating  Places,Nasdaq
CAL,United States,NY,0130,3140,"Footwear, (No Rubber)",NYSE
CALC,United States,DE,1231,2834,Pharmaceutical Preparations,Nasdaq
CALM,United States,DE,0530,0200,Agricultural Prod-Livestock & Animal Spe,Nasdaq
CALX,United States,,1231,4899,"Communications Services, NEC",NYSE
CALY,United States,DE,1231,3949,"Sporting & Athletic Goods, NEC",NYSE
CAMP,United States,DE,1231,2834,Pharmaceutical Preparations,Nasdaq
CAMT,Foreign,L3,1231,3827,Optical Instruments & Lenses,Nasdaq
CAN,Foreign,E9,1231,6199,Finance Services,Nasdaq
CANE,United States,,1231,6221,Commodity Contracts Brokers & Dealers,"NYSE,NYSE,NYSE,NYSE,NYSE"
CANF,Foreign,L3,1231,2834,Pharmaceutical Preparations,NYSE
CANG,Foreign,E9,1231,6199,Finance Services,NYSE
CANN,United States,CO,1231,5912,Retail-Drug Stores and Proprietary Store,OTC
CAPC,United States,FL,1231,3640,Electric Lighting & Wiring Equipment,OTC
CAPL,United States,,1231,5172,Wholesale-Petroleum & Petroleum Products,NYSE
CAPN,United States,E9,1231,6770,Blank Checks,"Nasdaq,Nasdaq,Nasdaq"
CAPR,United States,DE,1231,2834,Pharmaceutical Preparations,Nasdaq
CAPS,United States,DE,1231,5030,Wholesale-Lumber & Other Construction Ma,Nasdaq
CAQ,United States,E9,1231,6770,Blank Checks,"Nasdaq,Nasdaq,Nasdaq"
CAR,United States,DE,1231,7510,Services-Auto Rental & Leasing (No Drive,Nasdaq
CARE,United States,VA,1231,6021,National Commercial Banks,Nasdaq
CARG,United States,DE,1231,7374,Services-Computer Processing & Data Prep,Nasdaq
CARL,United States,DE,1231,3841,Surgical & Medical Instruments & Apparat,Nasdaq
CARR,United States,DE,1231,3585,Air-Cond & Warm Air Heatg Equip & Comm &,NYSE
CARS,United States,DE,1231,7374,Services-Computer Processing & Data Prep,NYSE
CART,United States,DE,1231,7389,"Services-Business Services, NEC",Nasdaq
CARV,United States,DE,0331,6035,"Savings Institution, Federally Chartered",OTC
CASH,United States,DE,0930,6021,National Commercial Banks,Nasdaq
CASIF,Foreign,E9,1231,2834,Pharmaceutical Preparations,OTC
CASS,United States,MO,1231,7389,"Services-Business Services, NEC",Nasdaq
CAST,United States,FL,0630,7374,Services-Computer Processing & Data Prep,Nasdaq
CASY,United States,IA,0430,5500,Retail-Auto Dealers & Gasoline Stations,Nasdaq
CAT,United States,DE,1231,3531,Construction Machinery & Equip,NYSE
CATO,United States,DE,0130,5621,Retail-Women's Clothing Stores,NYSE
CATX,United States,DE,1231,2834,Pharmaceutical Preparations,NYSE
CATY,United States,DE,1231,6022,State Commercial Banks,Nasdaq
CAVA,United States,DE,1227,5812,Retail-Eating  Places,NYSE
CB,United States,V8,1231,6331,"Fire, Marine & Casualty Insurance",NYSE
CBAN,United States,GA,1231,6022,State Commercial Banks,NYSE
CBC,United States,MO,1231,6022,State Commercial Banks,Nasdaq
CBDW,United States,NV,1231,7372,Services-Prepackaged Software,OTC
CBDY,United States,DE,1231,2833,Medicinal Chemicals & Botanical Products,OTC
CBFV,United States,,1231,6022,State Commercial Banks,Nasdaq
CBIH,United States,CO,0531,8731,Services-Commercial Physical & Biologica,OTC
CBIO,United States,E9,1231,2834,Pharmaceutical Preparations,Nasdaq
CBK,United States,TN,1231,6022,State Commercial Banks,Nasdaq
CBKM,United States,OH,0630,6021,National Commercial Banks,OTC
CBL,United States,DE,1231,6798,Real Estate Investment Trusts,NYSE
CBLL,United States,DE,1231,3845,Electromedical & Electrotherapeutic Appa,Nasdaq
CBLO,United States,NV,0630,6199,Finance Services,OTC
CBNA,United States,DE,1231,6021,National Commercial Banks,NYSE
CBNK,United States,MD,1231,6021,National Commercial Banks,Nasdaq
CBOE,United States,DE,1231,6200,"Security & Commodity Brokers, Dealers, E",CBOE
CBRE,United States,DE,1231,6500,Real Estate,NYSE
CBRL,United States,TN,0731,5812,Retail-Eating  Places,Nasdaq
CBRRF,United States,E9,1231,6770,Blank Checks,"OTC,OTC,OTC"
CBRS,United States,DE,1231,3674,Semiconductors & Related Devices,Nasdaq
CBSH,United States,MO,1231,6022,State Commercial Banks,Nasdaq
CBSTQ,United States,A1,1231,0100,Agricultural Production-Crops,
CBT,United States,DE,0930,2890,Miscellaneous Chemical Products,NYSE
CBU,United States,DE,1231,6021,National Commercial Banks,NYSE
CBUS,United States,DE,1231,2870,Agricultural Chemicals,Nasdaq
CBZ,United States,DE,1231,7389,"Services-Business Services, NEC",NYSE
CC,United States,DE,1231,2800,Chemicals & Allied Products,NYSE
CCAP,United States,MD,1231,,,Nasdaq
CCB,United States,WA,1231,6022,State Commercial Banks,Nasdaq
CCBG,United States,FL,1231,6022,State Commercial Banks,Nasdaq
CCC,United States,DE,1231,7372,Services-Prepackaged Software,Nasdaq
CCCC,United States,DE,1231,2836,"Biological Products, (No Diagnostic Subs",Nasdaq
CCEC,Foreign,,,4412,Deep Sea Foreign Transportation of  Frei,Nasdaq
CCEL,United States,DE,1130,8090,"Services-Misc Health & Allied Services, ",NYSE
CCEP,Foreign,X0,1231,2086,Bottled & Canned Soft Drinks & Carbonate,Nasdaq
CCFN,United States,PA,1231,6022,State Commercial Banks,OTC
CCG,Foreign,,,6411,"Insurance Agents, Brokers & Service","Nasdaq,Nasdaq"
CCHH,Foreign,E9,1231,5812,Retail-Eating  Places,Nasdaq
CCI,United States,DE,1231,6798,Real Estate Investment Trusts,NYSE
CCII,United States,,1231,6770,Blank Checks,"Nasdaq,Nasdaq,Nasdaq"
CCIX,United States,E9,1231,7373,Services-Computer Integrated Systems Des,"Nasdaq,Nasdaq,Nasdaq"
CCJ,Foreign,,1231,1090,Miscellaneous Metal Ores,NYSE
CCK,United States,PA,1231,3411,Metal Cans,NYSE
CCL,United States,D0,1130,4400,Water Transportation,NYSE
CCLD,United States,DE,1231,7372,Services-Prepackaged Software,Nasdaq
CCM,Foreign,E9,,8011,Services-Offices & Clinics of  Doctors o,NYSE
CCNE,United States,PA,1231,6022,State Commercial Banks,"Nasdaq,Nasdaq"
CCO,United States,,1231,7310,Services-Advertising,NYSE
CCOI,United States,DE,1231,4899,"Communications Services, NEC",Nasdaq
CCRN,United States,DE,1231,7363,Services-Help Supply Services,Nasdaq
CCS,United States,DE,1231,1531,Operative Builders,NYSE
CCSI,United States,DE,1231,7372,Services-Prepackaged Software,Nasdaq
CCTG,Foreign,E9,0331,3640,Electric Lighting & Wiring Equipment,Nasdaq
CCU,Foreign,,1231,2082,Malt Beverages,NYSE
CCZ,United States,PA,1231,4841,Cable & Other Pay Television Services,"Nasdaq,NYSE"
CD,Foreign,,,6199,Finance Services,Nasdaq
CDE,United States,DE,1231,1040,Gold and Silver Ores,NYSE
CDIO,United States,DE,1231,2835,In Vitro & In Vivo Diagnostic Substances,"Nasdaq,Nasdaq"
CDIX,United States,FL,1231,8011,Services-Offices & Clinics of  Doctors o,OTC
CDLR,Foreign,G7,1231,4412,Deep Sea Foreign Transportation of  Frei,NYSE
CDLX,United States,DE,1231,7370,"Services-Computer Programming, Data Proc",Nasdaq
CDNA,United States,DE,1231,8071,Services-Medical Laboratories,Nasdaq
CDNL,United States,DE,1231,1600,Heavy Construction Other Than Bldg Const,Nasdaq
CDNS,United States,DE,1231,7372,Services-Prepackaged Software,Nasdaq
CDP,United States,MD,1231,6798,Real Estate Investment Trusts,NYSE
CDR-PB,United States,MD,1231,6798,Real Estate Investment Trusts,"NYSE,NYSE"
CDRE,United States,DE,1231,3842,"Orthopedic, Prosthetic & Surgical Applia",NYSE
CDRO,Foreign,N4,1231,7990,Services-Miscellaneous Amusement & Recre,"Nasdaq,Nasdaq"
CDT,United States,DE,1231,2834,Pharmaceutical Preparations,"Nasdaq,Nasdaq"
CDTG,Foreign,E9,1231,4950,Sanitary Services,Nasdaq
CDW,United States,DE,1231,5961,Retail-Catalog & Mail-Order Houses,Nasdaq
CDXS,United States,DE,1231,2860,Industrial Organic Chemicals,Nasdaq
CDZI,United States,DE,1231,4941,Water Supply,"Nasdaq,Nasdaq"
CE,United States,DE,1231,2820,"Plastic Material, Synth Resin/Rubber, Ce",NYSE
CECO,United States,DE,1231,3564,Industrial & Commercial Fans & Blowers &,Nasdaq
CEF,Foreign,A6,1231,6221,Commodity Contracts Brokers & Dealers,NYSE
CEG,United States,PA,1231,4911,Electric Services,Nasdaq
CEIN,United States,,1231,1311,Crude Petroleum & Natural Gas,OTC
CELC,United States,DE,1231,8071,Services-Medical Laboratories,Nasdaq
CELH,United States,NV,1231,2086,Bottled & Canned Soft Drinks & Carbonate,Nasdaq
CELU,United States,DE,1231,2834,Pharmaceutical Preparations,Nasdaq
CELZ,United States,NV,1231,2836,"Biological Products, (No Diagnostic Subs",Nasdaq
CENN,Foreign,NV,1231,3711,Motor Vehicles & Passenger Car Bodies,Nasdaq
CENT,United States,DE,0927,5190,Wholesale-Miscellaneous Nondurable Goods,"Nasdaq,Nasdaq"
CENX,United States,DE,1231,3334,Primary Production of  Aluminum,Nasdaq
CEPT,United States,E9,1231,6770,Blank Checks,
CEPU,Foreign,C1,1231,4911,Electric Services,NYSE
CEPV,United States,E9,1231,6770,Blank Checks,Nasdaq
CERO,United States,DE,1231,2836,"Biological Products, (No Diagnostic Subs","OTC,OTC"
CERS,United States,DE,1231,3841,Surgical & Medical Instruments & Apparat,Nasdaq
CERT,United States,DE,1231,7372,Services-Prepackaged Software,Nasdaq
CETI,United States,WY,1231,3690,"Miscellaneous Electrical Machinery, Equi",OTC
CETX,United States,DE,0930,1700,Construction - Special Trade Contractors,"Nasdaq,OTC"
CETY,United States,NV,1231,4924,Natural Gas Distribution,Nasdaq
CEVA,United States,DE,1231,7370,"Services-Computer Programming, Data Proc",Nasdaq
CF,United States,DE,1231,2870,Agricultural Chemicals,NYSE
CFBK,United States,DE,1231,6021,National Commercial Banks,Nasdaq
CFFI,United States,VA,1231,6022,State Commercial Banks,Nasdaq
CFFN,United States,MD,0930,6035,"Savings Institution, Federally Chartered",Nasdaq
CFG,United States,DE,1231,6022,State Commercial Banks,"NYSE,NYSE,NYSE,NYSE"
CFNB,United States,CA,0630,6021,National Commercial Banks,"None,OTC"
CFOO,United States,DE,1231,2833,Medicinal Chemicals & Botanical Products,OTC
CFOR,United States,DE,1231,8071,Services-Medical Laboratories,OTC
CFR,United States,TX,1231,6021,National Commercial Banks,"NYSE,NYSE"
CFTR-PA,United States,MD,1231,6798,Real Estate Investment Trusts,NYSE
CG,United States,DE,1231,6282,Investment Advice,"Nasdaq,Nasdaq"
CGAU,Foreign,Z4,1231,1040,Gold and Silver Ores,NYSE
CGBD,United States,MD,1231,,,Nasdaq
CGC,Foreign,Z4,0331,2833,Medicinal Chemicals & Botanical Products,Nasdaq
CGEH,United States,DE,0331,3510,Engines & Turbines,Nasdaq
CGEM,United States,DE,1231,2836,"Biological Products, (No Diagnostic Subs",Nasdaq
CGEN,Foreign,L3,1231,2836,"Biological Products, (No Diagnostic Subs",Nasdaq
CGNT,Foreign,L3,0131,7372,Services-Prepackaged Software,Nasdaq
CGNX,United States,MA,1231,3823,"Industrial Instruments For Measurement, ",Nasdaq
CGON,United States,DE,1231,2836,"Biological Products, (No Diagnostic Subs",Nasdaq
CGTL,Foreign,E9,0930,5045,Wholesale-Computers & Peripheral Equipme,Nasdaq
CGTX,United States,DE,1231,2836,"Biological Products, (No Diagnostic Subs",Nasdaq
CHA,Foreign,,1231,5810,Retail-Eating & Drinking Places,Nasdaq
CHAI,Foreign,A1,1231,4812,Radiotelephone Communications,Nasdaq
CHAR,United States,E9,1231,6770,Blank Checks,"Nasdaq,Nasdaq,Nasdaq"
CHCI,United States,DE,1231,6500,Real Estate,Nasdaq
CHCO,United States,WV,1231,6021,National Commercial Banks,Nasdaq
CHCT,United States,MD,1231,6798,Real Estate Investment Trusts,NYSE
CHD,United States,DE,1231,2840,"Soap, Detergents, Cleang Preparations, P",NYSE
CHDN,United States,KY,1231,7948,"Services-Racing, Including Track Operati",Nasdaq
CHE,United States,DE,1231,8082,Services-Home Health Care Services,NYSE
CHEF,United States,DE,1226,5141,"Wholesale-Groceries, General Line",Nasdaq
CHEV,United States,DE,1231,5013,Wholesale-Motor Vehicle Supplies & New P,OTC
CHGG,United States,DE,1231,8200,Services-Educational Services,NYSE
CHH,United States,DE,1231,7011,Hotels & Motels,NYSE
CHKP,Foreign,,1231,7372,Services-Prepackaged Software,Nasdaq
CHMG,United States,NY,1231,6022,State Commercial Banks,Nasdaq
CHMI,United States,MD,1231,6798,Real Estate Investment Trusts,"NYSE,NYSE,NYSE"
CHNR,Foreign,D8,1231,1040,Gold and Silver Ores,Nasdaq
CHOW,Foreign,E9,1231,7372,Services-Prepackaged Software,NYSE
CHPG,United States,E9,1231,6770,Blank Checks,"Nasdaq,Nasdaq,Nasdaq"
CHPT,United States,DE,0131,3690,"Miscellaneous Electrical Machinery, Equi",NYSE
CHR,Foreign,E9,1231,7374,Services-Computer Processing & Data Prep,Nasdaq
CHRD,United States,DE,1231,1311,Crude Petroleum & Natural Gas,Nasdaq
CHRN,United States,NV,1231,3569,General Industrial Machinery & Equipment,Nasdaq
CHRS,United States,DE,1231,2836,"Biological Products, (No Diagnostic Subs",Nasdaq
CHRW,United States,DE,1231,4731,Arrangement of  Transportation of  Freig,Nasdaq
CHSN,Foreign,E9,1231,2000,Food and Kindred Products,Nasdaq
CHT,Foreign,,,4812,Radiotelephone Communications,NYSE
CHTR,United States,,1231,4841,Cable & Other Pay Television Services,Nasdaq
CHUC,United States,NV,1231,2833,Medicinal Chemicals & Botanical Products,OTC
CHWY,United States,DE,0201,5961,Retail-Catalog & Mail-Order Houses,NYSE
CHYM,United States,DE,1231,6199,Finance Services,Nasdaq
CI,United States,DE,1231,6324,Hospital & Medical Service Plans,NYSE
CIA,United States,CO,1231,6311,Life Insurance,NYSE
CIB,Foreign,F8,1231,6029,"Commercial Banks, NEC",NYSE
CIEN,United States,MD,1031,3661,Telephone & Telegraph Apparatus,NYSE
CIFR,United States,,1231,6199,Finance Services,Nasdaq
CIG,Foreign,,1231,4911,Electric Services,"NYSE,NYSE"
CIGI,Foreign,A6,1231,6500,Real Estate,Nasdaq
CIIT,United States,NV,0731,3576,Computer Communications Equipment,Nasdaq
CIM,United States,NY,1231,6798,Real Estate Investment Trusts,"NYSE,NYSE,NYSE,NYSE,NYSE"
CIMG,United States,NV,0930,5900,Retail-Miscellaneous Retail,OTC
CINF,United States,OH,1231,6331,"Fire, Marine & Casualty Insurance",Nasdaq
CING,United States,DE,1231,2834,Pharmaceutical Preparations,"Nasdaq,Nasdaq"
CINT,Foreign,E9,1231,7371,Services-Computer Programming Services,NYSE
CION,United States,MD,1231,,,"NYSE,NYSE,NYSE"
CIRX,United States,NV,1231,2080,Beverages,OTC
CISO,United States,DE,1231,8742,Services-Management Consulting Services,Nasdaq
CISS,Foreign,1T,1231,4412,Deep Sea Foreign Transportation of  Frei,Nasdaq
CITR,United States,WY,1231,2800,Chemicals & Allied Products,NYSE
CIVB,United States,OH,1231,6022,State Commercial Banks,Nasdaq
CIX,United States,DE,1231,3420,"Cutlery, Handtools & General Hardware",NYSE
CIZN,United States,MS,1231,6022,State Commercial Banks,OTC
CJAX,United States,VA,1231,1311,Crude Petroleum & Natural Gas,OTC
CJMB,United States,NV,1231,7389,"Services-Business Services, NEC",Nasdaq
CKX,United States,LA,1231,1311,Crude Petroleum & Natural Gas,NYSE
CL,United States,DE,1231,2844,"Perfumes, Cosmetics & Other Toilet Prepa",NYSE
CLAR,United States,DE,1231,3949,"Sporting & Athletic Goods, NEC",Nasdaq
CLB,United States,DE,1231,1389,"Oil & Gas Field Services, NEC",NYSE
CLBK,United States,DE,1231,6035,"Savings Institution, Federally Chartered",Nasdaq
CLBT,Foreign,,1231,7372,Services-Prepackaged Software,Nasdaq
CLBZ,United States,NV,0930,6500,Real Estate,None
CLCS,United States,NV,1231,2834,Pharmaceutical Preparations,
CLDI,United States,DE,1231,2836,"Biological Products, (No Diagnostic Subs","NYSE,OTC"
CLDT,United States,MD,1231,6798,Real Estate Investment Trusts,"NYSE,NYSE"
CLDX,United States,DE,1231,2835,In Vitro & In Vivo Diagnostic Substances,Nasdaq
CLEV,United States,,0731,3590,Misc Industrial & Commercial Machinery &,OTC
CLF,United States,OH,1231,1000,Metal Mining,NYSE
CLFD,United States,MN,0930,3661,Telephone & Telegraph Apparatus,Nasdaq
CLGN,Foreign,L3,1231,3842,"Orthopedic, Prosthetic & Surgical Applia",Nasdaq
CLH,United States,MA,1231,4955,Hazardous Waste Management,NYSE
CLIK,Foreign,D8,0630,7361,Services-Employment Agencies,Nasdaq
CLIR,United States,DE,1231,3823,"Industrial Instruments For Measurement, ",Nasdaq
CLLS,Foreign,I0,1231,2836,"Biological Products, (No Diagnostic Subs",Nasdaq
CLMB,United States,DE,1231,5045,Wholesale-Computers & Peripheral Equipme,Nasdaq
CLMT,United States,,1231,2911,Petroleum Refining,Nasdaq
CLNE,United States,DE,1231,4932,Gas & Other Services Combined,Nasdaq
CLNK,United States,DE,1231,6221,Commodity Contracts Brokers & Dealers,NYSE
CLNN,United States,DE,1231,2834,Pharmaceutical Preparations,Nasdaq
CLNV,United States,NV,1231,2860,Industrial Organic Chemicals,OTC
CLOQ,United States,,1231,7372,Services-Prepackaged Software,OTC
CLOV,United States,DE,1231,6324,Hospital & Medical Service Plans,Nasdaq
CLOW,United States,FL,1231,7370,"Services-Computer Programming, Data Proc",OTC
CLPR,United States,MD,1231,6798,Real Estate Investment Trusts,NYSE
CLPS,Foreign,E9,0630,7372,Services-Prepackaged Software,Nasdaq
CLPT,United States,DE,1231,3841,Surgical & Medical Instruments & Apparat,Nasdaq
CLRB,United States,DE,1231,2834,Pharmaceutical Preparations,Nasdaq
CLRCF,United States,E9,1231,6770,Blank Checks,OTC
CLRI,United States,FL,0930,4812,Radiotelephone Communications,OTC
CLRO,United States,DE,1231,3661,Telephone & Telegraph Apparatus,Nasdaq
CLS,Foreign,A6,1231,3672,Printed Circuit Boards,NYSE
CLSDQ,United States,DE,1231,2834,Pharmaceutical Preparations,OTC
CLSK,United States,NV,0930,6199,Finance Services,"Nasdaq,Nasdaq"
CLST,United States,,,6035,"Savings Institution, Federally Chartered",Nasdaq
CLUS,United States,FL,1231,4899,"Communications Services, NEC",OTC
CLVT,Foreign,Y9,1231,7374,Services-Computer Processing & Data Prep,NYSE
CLW,United States,DE,1231,2631,Paperboard Mills,NYSE
CLWT,Foreign,D8,1231,5040,Wholesale-Professional & Commercial Equi,Nasdaq
CLX,United States,DE,0630,2842,"Specialty Cleaning, Polishing and Sanita",NYSE
CLYD,United States,DE,1231,2834,Pharmaceutical Preparations,None
CLYM,United States,DE,1231,2834,Pharmaceutical Preparations,Nasdaq
CM,Foreign,,1031,6029,"Commercial Banks, NEC","NYSE,OTC"
CMBMF,United States,E9,1231,3663,Radio & Tv Broadcasting & Communications,OTC
CMBT,Foreign,C9,1231,4412,Deep Sea Foreign Transportation of  Frei,NYSE
CMC,United States,DE,0831,3312,"Steel Works, Blast Furnaces & Rolling Mi",NYSE
CMCAF,United States,E9,0331,6770,Blank Checks,"OTC,OTC,OTC"
CMCL,Foreign,,1231,1040,Gold and Silver Ores,NYSE
CMCO,United States,NY,0331,3531,Construction Machinery & Equip,Nasdaq
CMCSA,United States,PA,1231,4841,Cable & Other Pay Television Services,"Nasdaq,NYSE"
CMCT,United States,MD,1231,6798,Real Estate Investment Trusts,Nasdaq
CMDB,Foreign,1T,1231,4400,Water Transportation,NYSE
CME,United States,DE,1231,6200,"Security & Commodity Brokers, Dealers, E",Nasdaq
CMG,United States,,1231,5812,Retail-Eating  Places,NYSE
CMI,United States,IN,1231,3510,Engines & Turbines,NYSE
CMLS,United States,DE,1231,4832,Radio Broadcasting Stations,"None,OTC"
CMMB,Foreign,L3,1231,2834,Pharmaceutical Preparations,Nasdaq
CMND,Foreign,Z4,1031,2834,Pharmaceutical Preparations,Nasdaq
CMP,United States,DE,0930,1400,Mining & Quarrying of  Nonmetallic Miner,NYSE
CMPR,United States,L2,0630,2750,Commercial Printing,Nasdaq
CMPS,Foreign,X0,1231,2834,Pharmaceutical Preparations,Nasdaq
CMPX,United States,DE,1231,2836,"Biological Products, (No Diagnostic Subs",Nasdaq
CMRC,United States,DE,1231,7372,Services-Prepackaged Software,Nasdaq
CMRE,Foreign,1T,1231,4412,Deep Sea Foreign Transportation of  Frei,"NYSE,NYSE,NYSE,NYSE"
CMRF,United States,MD,1231,6798,Real Estate Investment Trusts,OTC
CMS,United States,MI,1231,4931,Electric & Other Services Combined,"NYSE,NYSE,NYSE,NYSE,NYSE"
CMT,United States,DE,1231,3089,"Plastics Products, NEC",NYSE
CMTG,United States,MD,1231,6500,Real Estate,NYSE
CMTL,United States,DE,0731,3663,Radio & Tv Broadcasting & Communications,Nasdaq
CMTV,United States,VT,1231,6021,National Commercial Banks,Nasdaq
CNA,United States,DE,1231,6331,"Fire, Marine & Casualty Insurance",NYSE
CNBX,United States,NV,0831,2834,Pharmaceutical Preparations,OTC
CNC,United States,DE,1231,6324,Hospital & Medical Service Plans,NYSE
CNCK,Foreign,P7,0331,6199,Finance Services,"Nasdaq,Nasdaq"
CNDT,United States,NY,1231,7389,"Services-Business Services, NEC",Nasdaq
CNET,United States,NV,1231,7370,"Services-Computer Programming, Data Proc",Nasdaq
CNEY,Foreign,D8,0930,2860,Industrial Organic Chemicals,Nasdaq
CNF,Foreign,E9,1231,6199,Finance Services,NYSE
CNFN,United States,DE,1231,7389,"Services-Business Services, NEC",OTC
CNH,Foreign,P7,1231,3531,Construction Machinery & Equip,NYSE
CNI,Foreign,A8,1231,4011,"Railroads, Line-Haul Operating",NYSE
CNK,United States,DE,1231,7830,Services-Motion Picture Theaters,NYSE
CNL,Foreign,A6,1231,1040,Gold and Silver Ores,NYSE
CNM,United States,DE,0131,5099,"Wholesale-Durable Goods, NEC",NYSE
IMTX,Foreign,P7,1231,2836,"Biological Products, (No Diagnostic Subs",Nasdaq
IMUX,United States,DE,1231,2834,Pharmaceutical Preparations,Nasdaq
IMVT,United States,DE,0331,2836,"Biological Products, (No Diagnostic Subs",Nasdaq
IMXI,United States,DE,1231,7389,"Services-Business Services, NEC",Nasdaq
INAB,United States,DE,1231,2836,"Biological Products, (No Diagnostic Subs",Nasdaq
INAC,United States,,1231,6770,Blank Checks,"Nasdaq,Nasdaq,Nasdaq"
INBK,United States,IN,1231,6022,State Commercial Banks,"Nasdaq,Nasdaq"
INBP,United States,DE,0630,2834,Pharmaceutical Preparations,OTC
INBS,United States,DE,0630,3841,Surgical & Medical Instruments & Apparat,Nasdaq
INBX,United States,DE,1231,2836,"Biological Products, (No Diagnostic Subs",Nasdaq
INCR,Foreign,L3,1231,2834,Pharmaceutical Preparations,Nasdaq
INCY,United States,DE,1231,8731,Services-Commercial Physical & Biologica,Nasdaq
INDB,United States,MA,1231,6022,State Commercial Banks,Nasdaq
INDI,United States,DE,1231,3674,Semiconductors & Related Devices,Nasdaq
INDO,Foreign,E9,1231,1311,Crude Petroleum & Natural Gas,NYSE
INDP,United States,DE,1231,2834,Pharmaceutical Preparations,Nasdaq
INDV,Foreign,DE,1231,2834,Pharmaceutical Preparations,Nasdaq
INEO,Foreign,E9,1231,5010,Wholesale-Motor Vehicles & Motor Vehicle,Nasdaq
INFQ,United States,DE,1231,7374,Services-Computer Processing & Data Prep,"NYSE,NYSE"
INFU,United States,DE,1231,3841,Surgical & Medical Instruments & Apparat,NYSE
INFY,Foreign,,0331,7371,Services-Computer Programming Services,NYSE
ING,Foreign,P7,1231,6029,"Commercial Banks, NEC","NYSE,OTC"
INGM,United States,DE,1228,5045,Wholesale-Computers & Peripheral Equipme,NYSE
INGN,United States,DE,1231,3842,"Orthopedic, Prosthetic & Surgical Applia",Nasdaq
INGR,United States,DE,1231,2040,Grain Mill Products,NYSE
INHD,United States,TX,0930,5990,"Retail-Retail Stores, NEC",Nasdaq
INIO,United States,2M,1231,3621,Motors & Generators,Nasdaq
INIS,United States,TX,1231,3823,"Industrial Instruments For Measurement, ",OTC
INKT,United States,DE,1231,2836,"Biological Products, (No Diagnostic Subs",Nasdaq
INLF,Foreign,E9,1231,3569,General Industrial Machinery & Equipment,Nasdaq
INLX,United States,NV,1231,7372,Services-Prepackaged Software,NYSE
INM,United States,A1,0630,2834,Pharmaceutical Preparations,Nasdaq
INMB,United States,NV,1231,2836,"Biological Products, (No Diagnostic Subs",Nasdaq
INMD,Foreign,L3,1231,3845,Electromedical & Electrotherapeutic Appa,Nasdaq
INN,United States,MD,1231,6798,Real Estate Investment Trusts,"NYSE,NYSE,NYSE"
INNV,United States,DE,0630,8000,Services-Health Services,Nasdaq
INO,United States,DE,1231,2834,Pharmaceutical Preparations,Nasdaq
INOD,United States,DE,1231,7374,Services-Computer Processing & Data Prep,Nasdaq
INR,United States,DE,1231,1311,Crude Petroleum & Natural Gas,NYSE
INRE,United States,MD,1231,6798,Real Estate Investment Trusts,OTC
INSE,United States,DE,1231,7372,Services-Prepackaged Software,Nasdaq
INSG,United States,,1231,3669,"Communications Equipment, NEC",Nasdaq
INSM,United States,VA,1231,2834,Pharmaceutical Preparations,Nasdaq
INSP,United States,DE,1231,3841,Surgical & Medical Instruments & Apparat,NYSE
INSW,United States,1T,1231,4400,Water Transportation,NYSE
INTA,United States,DE,0630,7372,Services-Prepackaged Software,Nasdaq
INTC,United States,DE,1227,3674,Semiconductors & Related Devices,Nasdaq
INTG,United States,DE,0630,6513,Operators of  Apartment Buildings,Nasdaq
INTI,United States,DE,1231,2834,Pharmaceutical Preparations,OTC
INTJ,Foreign,,,8742,Services-Management Consulting Services,Nasdaq
INTR,Foreign,E9,1231,6029,"Commercial Banks, NEC",Nasdaq
INTS,United States,DE,1231,2836,"Biological Products, (No Diagnostic Subs",Nasdaq
INTT,United States,DE,1231,3825,Instruments For Meas & Testing of  Elect,NYSE
INTU,United States,DE,0731,7372,Services-Prepackaged Software,Nasdaq
INTZ,United States,DE,1231,3576,Computer Communications Equipment,Nasdaq
INUV,United States,NV,1231,7310,Services-Advertising,NYSE
INV,United States,DE,1231,6770,Blank Checks,"Nasdaq,OTC"
INVA,United States,DE,1231,2834,Pharmaceutical Preparations,Nasdaq
INVE,United States,DE,1231,3577,"Computer Peripheral Equipment, NEC",Nasdaq
INVH,United States,,1231,6510,Real Estate Operators (No Developers) & ,NYSE
INVU,United States,NV,1231,7389,"Services-Business Services, NEC","OTC,OTC"
INVX,United States,DE,1231,3533,Oil & Gas Field Machinery & Equipment,NYSE
INVZ,Foreign,L3,1231,3714,Motor Vehicle Parts & Accessories,Nasdaq
IOBTQ,United States,DE,1231,2834,Pharmaceutical Preparations,None
IONI,United States,DE,1231,6199,Finance Services,OTC
IONQ,United States,DE,1231,7373,Services-Computer Integrated Systems Des,"NYSE,NYSE"
IONR,Foreign,C3,1231,1400,Mining & Quarrying of  Nonmetallic Miner,"Nasdaq,OTC"
IONS,United States,CA,1231,2834,Pharmaceutical Preparations,Nasdaq
IOR,United States,NV,1231,6798,Real Estate Investment Trusts,NYSE
IOSP,United States,DE,1231,2800,Chemicals & Allied Products,Nasdaq
IOT,United States,NV,0130,7373,Services-Computer Integrated Systems Des,NYSE
IOTR,Foreign,E9,0331,4899,"Communications Services, NEC",Nasdaq
IOVA,United States,DE,1231,2836,"Biological Products, (No Diagnostic Subs",Nasdaq
IP,United States,NY,1231,2621,Paper Mills,"NYSE,OTC"
IPAR,United States,DE,1231,2844,"Perfumes, Cosmetics & Other Toilet Prepa",Nasdaq
IPDN,United States,DE,1231,7370,"Services-Computer Programming, Data Proc",Nasdaq
IPGP,United States,DE,1231,3674,Semiconductors & Related Devices,Nasdaq
IPHA,Foreign,I0,1231,2836,"Biological Products, (No Diagnostic Subs","Nasdaq,OTC"
IPI,United States,DE,1231,1400,Mining & Quarrying of  Nonmetallic Miner,NYSE
IPM,United States,DE,1231,7370,"Services-Computer Programming, Data Proc",Nasdaq
IPSC,United States,DE,1231,2836,"Biological Products, (No Diagnostic Subs",Nasdaq
IPSI,United States,NV,1231,5961,Retail-Catalog & Mail-Order Houses,OTC
IPST,United States,DE,1231,2080,Beverages,Nasdaq
IPW,United States,NV,0630,5200,"Retail-Building Materials, Hardware, Gar",Nasdaq
IPWR,United States,DE,1231,3674,Semiconductors & Related Devices,Nasdaq
IPX,Foreign,C3,0630,1090,Miscellaneous Metal Ores,Nasdaq
IQ,Foreign,E9,1231,7841,Services-Video Tape Rental,Nasdaq
IQST,United States,NV,1231,4813,Telephone Communications (No Radioteleph,Nasdaq
IQV,United States,DE,1231,8731,Services-Commercial Physical & Biologica,NYSE
IR,United States,DE,1231,3560,General Industrial Machinery & Equipment,NYSE
IRD,United States,DE,1231,2834,Pharmaceutical Preparations,Nasdaq
IRDM,United States,DE,1231,4899,"Communications Services, NEC",Nasdaq
IREN,Foreign,C3,0630,6199,Finance Services,Nasdaq
IRHO,United States,,1130,7389,"Services-Business Services, NEC","Nasdaq,Nasdaq,Nasdaq"
IRIX,United States,DE,0103,3845,Electromedical & Electrotherapeutic Appa,Nasdaq
IRM,United States,DE,1231,6798,Real Estate Investment Trusts,NYSE
IRMD,United States,DE,1231,3841,Surgical & Medical Instruments & Apparat,Nasdaq
IRON,United States,,1231,2834,Pharmaceutical Preparations,Nasdaq
IRS,Foreign,,0630,6552,Land Subdividers & Developers (No Cemete,NYSE
IRT,United States,MD,1231,6798,Real Estate Investment Trusts,NYSE
IRTC,United States,,1231,3841,Surgical & Medical Instruments & Apparat,Nasdaq
IRWD,United States,DE,1231,2834,Pharmaceutical Preparations,Nasdaq
ISBA,United States,MI,1231,6022,State Commercial Banks,Nasdaq
ISCO,United States,DE,1231,2834,Pharmaceutical Preparations,OTC
ISOU,Foreign,A6,1231,1090,Miscellaneous Metal Ores,NYSE
ISPC,United States,DE,1231,8731,Services-Commercial Physical & Biologica,Nasdaq
ISPR,United States,,0630,2111,Cigarettes,Nasdaq
ISRG,United States,DE,1231,3842,"Orthopedic, Prosthetic & Surgical Applia",Nasdaq
ISRLF,United States,E9,1231,6770,Blank Checks,"OTC,OTC,OTC"
ISSC,United States,PA,0930,7371,Services-Computer Programming Services,Nasdaq
ISTR,United States,LA,1231,6022,State Commercial Banks,Nasdaq
IT,United States,DE,1231,8741,Services-Management Services,NYSE
ITG,United States,DE,1231,1623,"Water, Sewer, Pipeline, Comm & Power Lin",Nasdaq
ITGR,United States,DE,1231,3845,Electromedical & Electrotherapeutic Appa,NYSE
ITHUF,United States,A1,1231,0100,Agricultural Production-Crops,OTC
ITIC,United States,NC,1231,6361,Title Insurance,Nasdaq
ITMSF,Foreign,A0,,7374,Services-Computer Processing & Data Prep,OTC
ITOX,United States,NV,1231,7372,Services-Prepackaged Software,OTC
ITP,United States,NV,1231,2670,Converted Paper & Paperboard Prods (No C,NYSE
ITRG,Foreign,A1,1231,1040,Gold and Silver Ores,NYSE
ITRI,United States,WA,1231,3825,Instruments For Meas & Testing of  Elect,Nasdaq
ITRMF,United States,L2,1231,2834,Pharmaceutical Preparations,OTC
ITRN,Foreign,L3,1231,5065,"Wholesale-Electronic Parts & Equipment, ",Nasdaq
ITT,United States,,1231,3561,Pumps & Pumping Equipment,NYSE
ITUB,Foreign,D5,1231,6022,State Commercial Banks,NYSE
ITW,United States,DE,1231,3560,General Industrial Machinery & Equipment,NYSE
ITXP,United States,NV,1231,8700,"Services-Engineering, Accounting, Resear",OTC
IVA,Foreign,I0,1231,2834,Pharmaceutical Preparations,"Nasdaq,OTC"
IVDA,United States,NV,1231,7372,Services-Prepackaged Software,"Nasdaq,Nasdaq"
IVDN,United States,DE,1031,2390,Miscellaneous Fabricated Textile Product,OTC
IVF,United States,NV,1231,3841,Surgical & Medical Instruments & Apparat,Nasdaq
IVFH,United States,FL,1231,5141,"Wholesale-Groceries, General Line",OTC
IVHI,United States,,1231,8742,Services-Management Consulting Services,OTC
IVPR,United States,NV,1231,0700,Agricultural Services,OTC
IVR,United States,MD,1231,6798,Real Estate Investment Trusts,"NYSE,NYSE"
IVT,United States,MD,1231,6798,Real Estate Investment Trusts,NYSE
IVVD,United States,DE,1231,2836,"Biological Products, (No Diagnostic Subs",Nasdaq
IVZ,United States,D0,1231,6282,Investment Advice,NYSE
IWAL,United States,NV,1231,3669,"Communications Equipment, NEC",OTC
IWSH,United States,DE,1231,6282,Investment Advice,OTC
IX,Foreign,M0,0331,6159,Miscellaneous Business Credit Institutio,"NYSE,OTC"
IXHL,Foreign,DE,0630,2834,Pharmaceutical Preparations,Nasdaq
IZEA,United States,NV,1231,7310,Services-Advertising,Nasdaq
IZM,Foreign,E9,,5731,"Retail-Radio, Tv & Consumer Electronics ",Nasdaq
J,United States,DE,1002,1600,Heavy Construction Other Than Bldg Const,NYSE
JACK,United States,DE,0927,5812,Retail-Eating  Places,Nasdaq
JAGU,United States,A1,1231,1000,Metal Mining,NYSE
JAGX,United States,DE,1231,2834,Pharmaceutical Preparations,Nasdaq
JAKK,United States,DE,1231,3944,"Games, Toys & Children's Vehicles (No Do",Nasdaq
JAN,United States,MD,1231,6798,Real Estate Investment Trusts,NYSE
JANL,United States,NV,0930,7389,"Services-Business Services, NEC",OTC
JANX,United States,DE,1231,2834,Pharmaceutical Preparations,Nasdaq
JATT,United States,E9,1231,6770,Blank Checks,Nasdaq
JAZZ,United States,L2,1231,2834,Pharmaceutical Preparations,Nasdaq
JBDI,Foreign,E9,0531,3412,"Metal Shipping Barrels, Drums, Kegs & Pa",Nasdaq
JBGS,United States,MD,1231,6798,Real Estate Investment Trusts,NYSE
JBHT,United States,AR,1231,4213,Trucking (No Local),Nasdaq
JBI,United States,DE,0101,3442,"Metal Doors, Sash, Frames, Moldings & Tr",NYSE
JBIO,United States,DE,1231,2834,Pharmaceutical Preparations,Nasdaq
JBL,United States,DE,0831,3672,Printed Circuit Boards,NYSE
JBLU,United States,DE,1231,4512,"Air Transportation, Scheduled",Nasdaq
JBSS,United States,DE,0628,2060,Sugar & Confectionery Products,Nasdaq
JBTM,United States,DE,1231,3550,Special Industry Machinery (No Metalwork,NYSE
JCAP,United States,DE,1231,6153,Short-Term Business Credit Institutions,Nasdaq
JCI,United States,L2,0930,3585,Air-Cond & Warm Air Heatg Equip & Comm &,NYSE
JCSE,Foreign,E9,1231,3990,Miscellaneous Manufacturing Industries,Nasdaq
JCTC,United States,OR,0831,5211,Retail-Lumber & Other Building Materials,Nasdaq
JDZG,Foreign,E9,1231,8200,Services-Educational Services,Nasdaq
JEF,United States,NY,1130,6211,"Security Brokers, Dealers & Flotation Co",NYSE
JELD,United States,DE,1231,2430,"Millwood, Veneer, Plywood, & Structural ",NYSE
JEM,Foreign,K3,0930,5600,Retail-Apparel & Accessory Stores,Nasdaq
JETMF,United States,DE,1231,4512,"Air Transportation, Scheduled","OTC,OTC"
JF,Foreign,E9,1231,7370,"Services-Computer Programming, Data Proc",Nasdaq
JFB,United States,NV,1231,1540,General Bldg Contractors - Nonresidentia,Nasdaq
JFIL,United States,NV,0228,7371,Services-Computer Programming Services,OTC
JFIN,Foreign,E9,1231,6199,Finance Services,Nasdaq
JFTH,United States,NV,0331,6770,Blank Checks,
JFU,Foreign,E9,1231,6199,Finance Services,Nasdaq
JG,Foreign,E9,1231,7370,"Services-Computer Programming, Data Proc",Nasdaq
JHG,United States,Y9,0630,6282,Investment Advice,
JHX,Foreign,,0331,3272,"Concrete Products, Except Block & Brick","NYSE,OTC"
JILL,United States,DE,0130,2330,"Women's, Misses':  and Juniors Outerwear",NYSE
JJSF,United States,NJ,0926,2052,Cookies & Crackers,Nasdaq
JKHY,United States,DE,0630,7373,Services-Computer Integrated Systems Des,Nasdaq
JKS,Foreign,E9,1231,3674,Semiconductors & Related Devices,NYSE
JL,Foreign,E9,,5600,Retail-Apparel & Accessory Stores,Nasdaq
JLHL,Foreign,,,8711,Services-Engineering Services,Nasdaq
JLL,United States,MD,1231,6531,Real Estate Agents & Managers (For Other,NYSE
JMIA,Foreign,2M,1231,5961,Retail-Catalog & Mail-Order Houses,NYSE
JMSB,United States,VA,1231,6022,State Commercial Banks,Nasdaq
JNJ,United States,NJ,0103,2834,Pharmaceutical Preparations,NYSE
JOB,United States,IL,0930,7361,Services-Employment Agencies,NYSE
JOBY,United States,DE,1231,3721,Aircraft,"NYSE,NYSE"
JOCM,United States,NV,1231,7380,Services-Miscellaneous Business Services,
JOE,United States,FL,1231,6552,Land Subdividers & Developers (No Cemete,NYSE
JOUT,United States,WI,1002,3949,"Sporting & Athletic Goods, NEC",Nasdaq
JPM,United States,DE,1231,6021,National Commercial Banks,"NYSE,NYSE,NYSE,NYSE,NYSE"
JRSH,United States,DE,0331,2300,Apparel & Other Finishd Prods of  Fabric,Nasdaq
JRSS,United States,FL,1231,8060,Services-Hospitals,
JRVR,United States,DE,1231,6331,"Fire, Marine & Casualty Insurance",Nasdaq
JSDA,United States,WA,1231,2080,Beverages,OTC
JSM,United States,DE,1231,6211,"Security Brokers, Dealers & Flotation Co","Nasdaq,Nasdaq"
JSPR,United States,DE,1231,2836,"Biological Products, (No Diagnostic Subs","Nasdaq,Nasdaq"
JTAI,United States,DE,1231,4522,"Air Transportation, Nonscheduled",Nasdaq
JUNS,United States,DE,1231,2834,Pharmaceutical Preparations,Nasdaq
JUSHF,United States,A1,1231,2833,Medicinal Chemicals & Botanical Products,OTC
JUVF,United States,PA,1231,6022,State Commercial Banks,OTC
JVA,United States,NV,1031,2090,Miscellaneous Food Preparations & Kindre,Nasdaq
JWEL,Foreign,E9,1231,5960,Retail-Nonstore Retailers,Nasdaq
JWSMF,United States,E9,1231,6770,Blank Checks,"OTC,OTC,OTC"
JXG,Foreign,1T,1231,5000,Wholesale-Durable Goods,Nasdaq
JXN,United States,DE,1231,6311,Life Insurance,"NYSE,NYSE"
JYD,Foreign,E9,,4731,Arrangement of  Transportation of  Freig,Nasdaq
JYNT,United States,DE,1231,6794,Patent Owners & Lessors,Nasdaq
JZ,Foreign,E9,1231,8200,Services-Educational Services,Nasdaq
JZXN,Foreign,E9,1031,5500,Retail-Auto Dealers & Gasoline Stations,Nasdaq
KACLF,United States,E9,0630,6770,Blank Checks,
KAI,United States,DE,0102,3550,Special Industry Machinery (No Metalwork,NYSE
KALA,United States,DE,1231,2834,Pharmaceutical Preparations,Nasdaq
KALU,United States,DE,1231,3350,Rolling Drawing & Extruding of  Nonferro,Nasdaq
KANP,United States,,1231,6552,Land Subdividers & Developers (No Cemete,OTC
KAPA,United States,DE,1231,2834,Pharmaceutical Preparations,NYSE
KARD,United States,DE,1231,2834,Pharmaceutical Preparations,Nasdaq
KARO,Foreign,U0,0228,7372,Services-Prepackaged Software,Nasdaq
KARX,United States,NV,0531,2844,"Perfumes, Cosmetics & Other Toilet Prepa",OTC
KAVL,United States,,1031,5960,Retail-Nonstore Retailers,OTC
KAYS,United States,DE,1231,2834,Pharmaceutical Preparations,OTC
KB,Foreign,M5,1231,6029,"Commercial Banks, NEC",NYSE
KBDC,United States,DE,1231,,,NYSE
KBH,United States,DE,1130,1531,Operative Builders,NYSE
KBLB,United States,WY,1231,2820,"Plastic Material, Synth Resin/Rubber, Ce",OTC
KBON,United States,E9,1231,6770,Blank Checks,"Nasdaq,Nasdaq,Nasdaq"
KBR,United States,DE,0101,1600,Heavy Construction Other Than Bldg Const,NYSE
KBSR,United States,MD,1231,6798,Real Estate Investment Trusts,OTC
KBSX,Foreign,,,3949,"Sporting & Athletic Goods, NEC","Nasdaq,OTC"
KC,Foreign,E9,1231,7372,Services-Prepackaged Software,"Nasdaq,OTC"
KCRD,United States,NV,0131,5940,Retail-Miscellaneous Shopping Goods Stor,OTC
KD,United States,DE,0331,7373,Services-Computer Integrated Systems Des,NYSE
KDK,United States,DE,1231,7373,Services-Computer Integrated Systems Des,"Nasdaq,Nasdaq"
KDOZF,Foreign,Z4,1231,7311,Services-Advertising Agencies,OTC
KDP,United States,DE,1231,2080,Beverages,Nasdaq
KE,United States,IN,0630,3672,Printed Circuit Boards,Nasdaq
KEEL,Foreign,DE,1231,6199,Finance Services,Nasdaq
KELYA,United States,DE,0103,7363,Services-Help Supply Services,"Nasdaq,Nasdaq"
KEN,Foreign,U0,1231,4911,Electric Services,NYSE
KEP,Foreign,M5,1231,4911,Electric Services,NYSE
KEQU,United States,DE,0430,3821,Laboratory Apparatus & Furniture,Nasdaq
KEX,United States,NV,1231,4400,Water Transportation,NYSE
KEY,United States,OH,1231,6021,National Commercial Banks,"NYSE,NYSE,NYSE,NYSE,NYSE"
KEYS,United States,DE,1031,3823,"Industrial Instruments For Measurement, ",NYSE
KFFB,United States,,0630,6035,"Savings Institution, Federally Chartered",Nasdaq
KFRC,United States,FL,1231,7363,Services-Help Supply Services,NYSE
KFY,United States,DE,0430,7361,Services-Employment Agencies,NYSE
KG,United States,D0,1231,6331,"Fire, Marine & Casualty Insurance",Nasdaq
KGC,Foreign,,1231,1040,Gold and Silver Ores,"NYSE,OTC"
KGEI,Foreign,FL,1231,1311,Crude Petroleum & Natural Gas,Nasdaq
KGS,United States,DE,1231,4922,Natural Gas Transmission,NYSE
KHC,United States,DE,1226,2030,"Canned, Frozen & Preservd Fruit, Veg & F",Nasdaq
KHOBF,Foreign,D8,1031,7371,Services-Computer Programming Services,OTC
KIDS,United States,,1231,3841,Surgical & Medical Instruments & Apparat,Nasdaq
KIDZ,United States,DE,1231,8200,Services-Educational Services,"Nasdaq,Nasdaq"
KIM,United States,MD,1231,6798,Real Estate Investment Trusts,"NYSE,NYSE,NYSE,NYSE"
KINS,United States,DE,1231,6331,"Fire, Marine & Casualty Insurance",Nasdaq
KIQSF,Foreign,A1,,3743,Railroad Equipment,OTC
KITL,United States,FL,1231,5810,Retail-Eating & Drinking Places,OTC
KITT,United States,DE,1231,3569,General Industrial Machinery & Equipment,"Nasdaq,Nasdaq"
KKR,United States,,1231,6282,Investment Advice,"NYSE,NYSE,NYSE,NYSE"
KLAC,United States,DE,0630,3827,Optical Instruments & Lenses,Nasdaq
KLAR,Foreign,X0,1231,6199,Finance Services,NYSE
KLC,United States,DE,0102,8351,Services-Child Day Care Services,NYSE
KLIC,United States,PA,1003,3674,Semiconductors & Related Devices,Nasdaq
KLNG,United States,NV,1231,3533,Oil & Gas Field Machinery & Equipment,OTC
KLRA,United States,DE,1231,2834,Pharmaceutical Preparations,Nasdaq
KLRS,United States,DE,1231,2836,"Biological Products, (No Diagnostic Subs",Nasdaq
KLTR,United States,,1231,7372,Services-Prepackaged Software,Nasdaq
KLXE,United States,,1231,1389,"Oil & Gas Field Services, NEC",Nasdaq
KMB,United States,DE,1231,2670,Converted Paper & Paperboard Prods (No C,Nasdaq
KMDA,Foreign,L3,1231,2834,Pharmaceutical Preparations,Nasdaq
KMFG,United States,NV,0331,5130,"Wholesale-Apparel, Piece Goods & Notions",OTC
KMI,United States,DE,1231,4922,Natural Gas Transmission,"NYSE,NYSE"
KMPR,United States,DE,1231,6331,"Fire, Marine & Casualty Insurance","NYSE,NYSE"
KMRK,Foreign,,,3944,"Games, Toys & Children's Vehicles (No Do",Nasdaq
KMT,United States,PA,0630,3541,"Machine Tools, Metal Cutting Types",NYSE
KMTS,United States,D0,0430,3841,Surgical & Medical Instruments & Apparat,Nasdaq
KMX,United States,VA,0228,5500,Retail-Auto Dealers & Gasoline Stations,NYSE
KN,United States,DE,1231,3651,Household Audio & Video Equipment,NYSE
KNDI,Foreign,,,3714,Motor Vehicle Parts & Accessories,Nasdaq
KNF,United States,DE,1231,1400,Mining & Quarrying of  Nonmetallic Miner,NYSE
KNOP,Foreign,1T,1231,4400,Water Transportation,NYSE
KNSA,United States,,1231,2834,Pharmaceutical Preparations,Nasdaq
KNSL,United States,,1231,6331,"Fire, Marine & Casualty Insurance",NYSE
KNTK,United States,DE,1231,4922,Natural Gas Transmission,NYSE
KNX,United States,,1231,4213,Trucking (No Local),NYSE
KO,United States,DE,1231,2080,Beverages,NYSE
KOAN,United States,NV,1231,7372,Services-Prepackaged Software,OTC
KOD,United States,DE,1231,2836,"Biological Products, (No Diagnostic Subs",Nasdaq
KODK,United States,NJ,1231,3861,Photographic Equipment & Supplies,NYSE
KOP,United States,PA,1231,2400,Lumber & Wood Products (No Furniture),NYSE
KOPN,United States,DE,1227,3674,Semiconductors & Related Devices,Nasdaq
KORE,United States,DE,1231,4899,"Communications Services, NEC",NYSE
KOS,United States,DE,1231,1311,Crude Petroleum & Natural Gas,NYSE
KOSS,United States,DE,0630,3651,Household Audio & Video Equipment,Nasdaq
KPEA,United States,,0930,8200,Services-Educational Services,OTC
KPET,United States,E9,1231,6770,Blank Checks,"NYSE,NYSE,NYSE"
KPLT,United States,DE,1231,7359,"Services-Equipment Rental & Leasing, NEC",Nasdaq
KPRX,United States,DE,1231,2834,Pharmaceutical Preparations,"Nasdaq,OTC"
KPTI,United States,DE,1231,2834,Pharmaceutical Preparations,Nasdaq
KR,United States,OH,0130,5411,Retail-Grocery Stores,NYSE
KRAQ,United States,E9,1231,6770,Blank Checks,"Nasdaq,Nasdaq,Nasdaq"
KRC,United States,MD,1231,6798,Real Estate Investment Trusts,NYSE
KREF,United States,MD,1231,6798,Real Estate Investment Trusts,"NYSE,NYSE"
KRFG,United States,DE,0331,7380,Services-Miscellaneous Business Services,OTC
KRG,United States,MD,1231,6798,Real Estate Investment Trusts,NYSE
KRKR,Foreign,E9,1231,7389,"Services-Business Services, NEC",Nasdaq
KRMD,United States,DE,1231,3841,Surgical & Medical Instruments & Apparat,Nasdaq
PARR,United States,DE,1231,1311,Crude Petroleum & Natural Gas,NYSE
PASW,Foreign,E9,,2300,Apparel & Other Finishd Prods of  Fabric,Nasdaq
PATH,United States,DE,0131,7372,Services-Prepackaged Software,NYSE
PATK,United States,IN,1231,3714,Motor Vehicle Parts & Accessories,Nasdaq
PAVM,United States,DE,1231,3841,Surgical & Medical Instruments & Apparat,Nasdaq
PAVS,Foreign,E9,0331,7374,Services-Computer Processing & Data Prep,Nasdaq
PAXH,United States,NV,0531,5700,"Retail-Home Furniture, Furnishings & Equ",
PAY,United States,DE,1231,7389,"Services-Business Services, NEC",NYSE
PAYC,United States,DE,1231,7372,Services-Prepackaged Software,NYSE
PAYD,United States,DE,1231,7389,"Services-Business Services, NEC",OTC
PAYO,United States,DE,1231,7389,"Services-Business Services, NEC",Nasdaq
PAYP,Foreign,M0,0331,7389,"Services-Business Services, NEC",Nasdaq
PAYS,United States,NV,1231,7389,"Services-Business Services, NEC",Nasdaq
PAYX,United States,DE,0531,8700,"Services-Engineering, Accounting, Resear",Nasdaq
PB,United States,TX,1231,6022,State Commercial Banks,NYSE
PBA,Foreign,A0,1231,1382,Oil & Gas Field Exploration Services,"NYSE,OTC,OTC,OTC,OTC,OTC"
PBF,United States,DE,1231,2911,Petroleum Refining,NYSE
PBFS,United States,MD,1231,6036,"Savings Institutions, Not Federally Char",Nasdaq
PBH,United States,,0331,2834,Pharmaceutical Preparations,NYSE
PBHC,United States,MD,1231,6022,State Commercial Banks,Nasdaq
PBI,United States,DE,1231,3579,"Office Machines, NEC","NYSE,NYSE"
PBK,Foreign,A6,0630,1700,Construction - Special Trade Contractors,Nasdaq
PBLS,United States,DE,1231,2834,Pharmaceutical Preparations,Nasdaq
PBM,Foreign,A6,0331,2834,Pharmaceutical Preparations,"Nasdaq,Nasdaq"
PBMLF,Foreign,A1,0131,1000,Metal Mining,OTC
PBR,Foreign,D5,1231,1311,Crude Petroleum & Natural Gas,"NYSE,NYSE"
PBSV,United States,,1031,8742,Services-Management Consulting Services,OTC
PBYI,United States,DE,1231,2834,Pharmaceutical Preparations,Nasdaq
PC,Foreign,E9,0630,5812,Retail-Eating  Places,Nasdaq
PCAR,United States,DE,1231,3711,Motor Vehicles & Passenger Car Bodies,Nasdaq
PCB,United States,,1231,6022,State Commercial Banks,Nasdaq
PCG,United States,CA,1231,4931,Electric & Other Services Combined,"NYSE,NYSE,NYSE,NYSE,NYSE"
PCLA,Foreign,M0,0930,3640,Electric Lighting & Wiring Equipment,Nasdaq
PCMC,United States,NV,0930,6770,Blank Checks,OTC
PCOR,United States,DE,1231,7372,Services-Prepackaged Software,NYSE
PCRX,United States,DE,1231,2834,Pharmaceutical Preparations,Nasdaq
PCSA,United States,DE,1231,2834,Pharmaceutical Preparations,Nasdaq
PCSC,United States,DE,1231,8071,Services-Medical Laboratories,Nasdaq
PCSV,United States,ID,0331,8200,Services-Educational Services,OTC
PCT,United States,X1,1231,2821,"Plastic Materials, Synth Resins & Nonvul","Nasdaq,OTC,Nasdaq,Nasdaq"
PCTY,United States,DE,0630,7372,Services-Prepackaged Software,Nasdaq
PCVX,United States,DE,1231,2836,"Biological Products, (No Diagnostic Subs",Nasdaq
PCYN,United States,CO,0630,2834,Pharmaceutical Preparations,
PCYO,United States,CO,0831,4941,Water Supply,Nasdaq
PD,United States,DE,0131,7372,Services-Prepackaged Software,NYSE
PDC,Foreign,M0,0430,7371,Services-Computer Programming Services,Nasdaq
PDD,Foreign,E9,1231,7389,"Services-Business Services, NEC",Nasdaq
PDEX,United States,,0630,3841,Surgical & Medical Instruments & Apparat,Nasdaq
PDFS,United States,DE,1231,7372,Services-Prepackaged Software,Nasdaq
PDLB,United States,MD,1231,6035,"Savings Institution, Federally Chartered",Nasdaq
PDM,United States,MD,1231,6512,Opeators of  Nonresidential Buildings,NYSE
PDS,Foreign,A0,1231,1381,Drilling Oil & Gas Wells,NYSE
PDSB,United States,DE,1231,2834,Pharmaceutical Preparations,Nasdaq
PDYN,United States,DE,1231,7372,Services-Prepackaged Software,"Nasdaq,Nasdaq"
PEB,United States,MD,1231,6798,Real Estate Investment Trusts,"NYSE,NYSE,NYSE,NYSE,NYSE"
PEBK,United States,NC,1231,6022,State Commercial Banks,Nasdaq
PEBO,United States,OH,1231,6022,State Commercial Banks,Nasdaq
PECE,United States,E9,1231,6770,Blank Checks,"Nasdaq,Nasdaq,Nasdaq,Nas"
PECO,United States,MD,1231,6798,Real Estate Investment Trusts,Nasdaq
PED,United States,TX,1231,1311,Crude Petroleum & Natural Gas,NYSE
PEG,United States,NJ,1231,4931,Electric & Other Services Combined,NYSE
PEGA,United States,MA,1231,7374,Services-Computer Processing & Data Prep,Nasdaq
PEN,United States,DE,1231,3841,Surgical & Medical Instruments & Apparat,NYSE
PENG,United States,DE,0829,3674,Semiconductors & Related Devices,Nasdaq
PENN,United States,PA,1231,7011,Hotels & Motels,Nasdaq
PEP,United States,NC,1226,2080,Beverages,Nasdaq
PEPG,United States,DE,1231,2834,Pharmaceutical Preparations,Nasdaq
PERI,Foreign,L3,1231,7371,Services-Computer Programming Services,Nasdaq
PESI,United States,DE,1231,4955,Hazardous Waste Management,Nasdaq
PETS,United States,FL,0331,5912,Retail-Drug Stores and Proprietary Store,Nasdaq
PETV,United States,NV,0331,3841,Surgical & Medical Instruments & Apparat,"OTC,OTC"
PETZ,Foreign,D8,1231,6531,Real Estate Agents & Managers (For Other,Nasdaq
PEVM,United States,DE,1231,3713,Truck & Bus Bodies,None
PEW,United States,TX,1231,5940,Retail-Miscellaneous Shopping Goods Stor,"NYSE,NYSE"
PFBX,United States,MS,1231,6022,State Commercial Banks,OTC
PFE,United States,DE,1231,2834,Pharmaceutical Preparations,NYSE
PFG,United States,DE,1231,6321,Accident & Health Insurance,Nasdaq
PFGC,United States,DE,0627,5141,"Wholesale-Groceries, General Line",NYSE
PFHO,United States,UT,1231,8090,"Services-Misc Health & Allied Services, ",OTC
PFIS,United States,PA,1231,6021,National Commercial Banks,Nasdaq
PFLT,United States,,0930,,,"NYSE,NYSE"
PFS,United States,DE,1231,6035,"Savings Institution, Federally Chartered",NYSE
PFSA,United States,DE,1231,3841,Surgical & Medical Instruments & Apparat,"Nasdaq,OTC"
PFSB,United States,,1231,6036,"Savings Institutions, Not Federally Char",OTC
PFSI,United States,DE,1231,6162,Mortgage Bankers & Loan Correspondents,NYSE
PFX,United States,DE,0930,,,"Nasdaq,Nasdaq"
PG,United States,OH,0630,2840,"Soap, Detergents, Cleang Preparations, P",NYSE
PGC,United States,NJ,1231,6029,"Commercial Banks, NEC",Nasdaq
PGEN,United States,VA,1231,2834,Pharmaceutical Preparations,Nasdaq
PGIM,United States,DE,1231,,,None
PGNY,United States,DE,1231,8090,"Services-Misc Health & Allied Services, ",Nasdaq
PGOL,United States,NV,1231,1040,Gold and Silver Ores,OTC
PGR,United States,OH,1231,6331,"Fire, Marine & Casualty Insurance",NYSE
PGY,Foreign,L3,1231,6199,Finance Services,"Nasdaq,Nasdaq"
PH,United States,OH,0630,3490,Miscellaneous Fabricated Metal Products,NYSE
PHAR,Foreign,P7,1231,2834,Pharmaceutical Preparations,Nasdaq
PHAT,United States,DE,1231,2834,Pharmaceutical Preparations,Nasdaq
PHBI,United States,NV,0930,4581,"Airports, Flying Fields & Airport Termin",OTC
PHCI,United States,NV,0731,8742,Services-Management Consulting Services,OTC
PHG,Foreign,P7,1231,3844,X-Ray Apparatus & Tubes & Related Irradi,"NYSE,OTC"
PHGE,United States,DE,1231,2836,"Biological Products, (No Diagnostic Subs",NYSE
PHI,Foreign,,1231,4813,Telephone Communications (No Radioteleph,"NYSE,OTC"
PHIN,United States,DE,1231,3714,Motor Vehicle Parts & Accessories,NYSE
PHIO,United States,DE,1231,2834,Pharmaceutical Preparations,Nasdaq
PHM,United States,MI,1231,1531,Operative Builders,NYSE
PHOE,Foreign,E9,0331,1700,Construction - Special Trade Contractors,Nasdaq
PHR,United States,DE,0131,7389,"Services-Business Services, NEC",NYSE
PHUN,United States,,1231,7374,Services-Computer Processing & Data Prep,Nasdaq
PHVS,Foreign,P7,1231,2834,Pharmaceutical Preparations,Nasdaq
PHXE-P,United States,DE,1231,1311,Crude Petroleum & Natural Gas,NYSE
PHYS,Foreign,,,6221,Commodity Contracts Brokers & Dealers,NYSE
PI,United States,DE,1231,3679,"Electronic Components, NEC",Nasdaq
PIAC,United States,MD,1231,,,OTC
PII,United States,DE,1231,3790,Miscellaneous Transportation Equipment,NYSE
PIII,United States,DE,1231,8000,Services-Health Services,"Nasdaq,Nasdaq"
PINE,United States,MD,1231,6798,Real Estate Investment Trusts,"NYSE,NYSE"
PINS,United States,DE,1231,7370,"Services-Computer Programming, Data Proc",NYSE
PIPR,United States,DE,1231,6211,"Security Brokers, Dealers & Flotation Co",NYSE
PJT,United States,DE,1231,6282,Investment Advice,NYSE
PK,United States,DE,1231,7011,Hotels & Motels,NYSE
PKBK,United States,NJ,1231,6022,State Commercial Banks,Nasdaq
PKE,United States,NY,0228,3728,"Aircraft Parts & Auxiliary Equipment, NE",NYSE
PKG,United States,,1231,2650,Paperboard Containers & Boxes,NYSE
PKOH,United States,OH,1231,3460,Metal Forgings & Stampings,Nasdaq
PKTX,United States,NV,1231,2834,Pharmaceutical Preparations,OTC
PKX,Foreign,,1231,3312,"Steel Works, Blast Furnaces & Rolling Mi",NYSE
PL,United States,DE,0131,3663,Radio & Tv Broadcasting & Communications,NYSE
PLAB,United States,CT,1031,3674,Semiconductors & Related Devices,Nasdaq
PLAG,United States,NV,1231,2030,"Canned, Frozen & Preservd Fruit, Veg & F",NYSE
PLAY,United States,DE,0202,5812,Retail-Eating  Places,Nasdaq
PLBC,United States,CA,1231,6153,Short-Term Business Credit Institutions,Nasdaq
PLBY,United States,DE,1231,5900,Retail-Miscellaneous Retail,Nasdaq
PLCE,United States,,0131,5651,Retail-Family Clothing Stores,Nasdaq
PLD,United States,MD,1231,6798,Real Estate Investment Trusts,"NYSE,OTC"
PLG,Foreign,A1,0831,1040,Gold and Silver Ores,NYSE
PLGO,Foreign,D0,1231,6331,"Fire, Marine & Casualty Insurance",NYSE
PLMR,United States,DE,1231,6331,"Fire, Marine & Casualty Insurance",Nasdaq
PLNH,United States,NV,1231,0100,Agricultural Production-Crops,OTC
PLNT,United States,DE,1231,7997,Services-Membership Sports & Recreation ,NYSE
PLOW,United States,DE,1231,3531,Construction Machinery & Equip,NYSE
PLPC,United States,OH,1231,1623,"Water, Sewer, Pipeline, Comm & Power Lin",Nasdaq
PLRX,United States,DE,1231,2834,Pharmaceutical Preparations,Nasdaq
PLRZ,Foreign,L3,1231,3841,Surgical & Medical Instruments & Apparat,Nasdaq
PLSE,United States,DE,1231,3841,Surgical & Medical Instruments & Apparat,Nasdaq
PLSH,United States,NV,1231,2833,Medicinal Chemicals & Botanical Products,
PLSM,Foreign,L3,1231,3841,Surgical & Medical Instruments & Apparat,Nasdaq
PLTK,United States,,1231,7374,Services-Computer Processing & Data Prep,Nasdaq
PLTM,United States,NY,0630,6221,Commodity Contracts Brokers & Dealers,NYSE
PLTR,United States,,1231,7372,Services-Prepackaged Software,Nasdaq
PLTS,Foreign,E9,0930,7372,Services-Prepackaged Software,Nasdaq
PLTYF,Foreign,E9,1231,3089,"Plastics Products, NEC",OTC
PLUG,United States,DE,1231,3620,Electrical Industrial Apparatus,Nasdaq
PLUN,United States,,0228,6770,Blank Checks,"NYSE,NYSE,NYSE"
PLUR,United States,NV,0630,2836,"Biological Products, (No Diagnostic Subs",Nasdaq
PLUS,United States,DE,0331,5045,Wholesale-Computers & Peripheral Equipme,Nasdaq
PLUT,Foreign,E9,1231,6200,"Security & Commodity Brokers, Dealers, E",Nasdaq
PLX,United States,DE,1231,2836,"Biological Products, (No Diagnostic Subs",NYSE
PLXS,United States,WI,1003,3672,Printed Circuit Boards,Nasdaq
PLYX,United States,WY,1231,2834,Pharmaceutical Preparations,Nasdaq
PM,United States,VA,1231,2111,Cigarettes,NYSE
PMCB,United States,NV,0430,2836,"Biological Products, (No Diagnostic Subs",Nasdaq
PMEC,Foreign,,,7340,Services-To Dwellings & Other Buildings,Nasdaq
PMHS,United States,NV,1231,2834,Pharmaceutical Preparations,OTC
PMI,United States,DE,1231,3841,Surgical & Medical Instruments & Apparat,NYSE
PMN,United States,Z4,1231,2834,Pharmaceutical Preparations,Nasdaq
PMNT,United States,DE,0331,2300,Apparel & Other Finishd Prods of  Fabric,OTC
PMT,United States,MD,1231,6798,Real Estate Investment Trusts,"NYSE,NYSE,NYSE,NYSE,NYSE"
PMTR,United States,E9,1231,6770,Blank Checks,"Nasdaq,Nasdaq,Nasdaq"
PMTS,United States,DE,1231,2750,Commercial Printing,Nasdaq
PMVP,United States,DE,1231,2834,Pharmaceutical Preparations,Nasdaq
PNBK,United States,CT,1231,6021,National Commercial Banks,Nasdaq
PNC,United States,PA,1231,6021,National Commercial Banks,NYSE
PNFP,United States,GA,1231,6021,National Commercial Banks,"NYSE,NYSE,NYSE,NYSE"
PNNT,United States,,0930,,,NYSE
PNR,United States,L2,1231,3550,Special Industry Machinery (No Metalwork,NYSE
PNRG,United States,DE,1231,1311,Crude Petroleum & Natural Gas,Nasdaq
PNSB,United States,MD,1231,6036,"Savings Institutions, Not Federally Char",OTC
PNTG,United States,DE,1231,8000,Services-Health Services,Nasdaq
PNW,United States,AZ,1231,4911,Electric Services,NYSE
PNXP,United States,NV,0131,7372,Services-Prepackaged Software,OTC
PNYG,United States,DE,1231,7500,"Services-Automotive Repair, Services & P",OTC
POCI,United States,MA,0630,3845,Electromedical & Electrotherapeutic Appa,Nasdaq
PODC,United States,DE,0331,7370,"Services-Computer Programming, Data Proc",Nasdaq
PODD,United States,DE,1231,3841,Surgical & Medical Instruments & Apparat,Nasdaq
POET,Foreign,A6,,3674,Semiconductors & Related Devices,Nasdaq
POLA,United States,DE,1231,3690,"Miscellaneous Electrical Machinery, Equi",Nasdaq
PONY,Foreign,E9,1231,7373,Services-Computer Integrated Systems Des,"Nasdaq,OTC"
POOL,United States,DE,1231,5090,Wholesale-Misc Durable Goods,Nasdaq
POR,United States,OR,1231,4911,Electric Services,NYSE
POSC,United States,TX,1231,3845,Electromedical & Electrotherapeutic Appa,OTC
POST,United States,MO,0930,2040,Grain Mill Products,NYSE
POWI,United States,CA,1231,3674,Semiconductors & Related Devices,Nasdaq
POWL,United States,NV,0930,3613,Switchgear & Switchboard Apparatus,Nasdaq
POWW,United States,DE,0331,7389,"Services-Business Services, NEC","Nasdaq,Nasdaq"
PPBT,Foreign,L3,1231,2834,Pharmaceutical Preparations,Nasdaq
PPC,United States,DE,1227,2015,Poultry Slaughtering and Processing,Nasdaq
PPCB,United States,DE,0630,2834,Pharmaceutical Preparations,Nasdaq
PPG,United States,PA,1231,2851,"Paints, Varnishes, Lacquers, Enamels & A",NYSE
PPHC,United States,DE,1231,8742,Services-Management Consulting Services,Nasdaq
PPIH,United States,DE,0131,3564,Industrial & Commercial Fans & Blowers &,Nasdaq
PPL,United States,,1231,4911,Electric Services,"NYSE,NYSE"
PPLT,United States,DE,1231,6221,Commodity Contracts Brokers & Dealers,NYSE
PPSI,United States,DE,1231,3690,"Miscellaneous Electrical Machinery, Equi",Nasdaq
PPTA,Foreign,A1,1231,1040,Gold and Silver Ores,Nasdaq
PR,United States,DE,1231,1311,Crude Petroleum & Natural Gas,NYSE
PRA,United States,DE,1231,6331,"Fire, Marine & Casualty Insurance",
PRAA,United States,DE,1231,6153,Short-Term Business Credit Institutions,Nasdaq
PRAX,United States,DE,1231,2834,Pharmaceutical Preparations,Nasdaq
PRCH,United States,,1231,7372,Services-Prepackaged Software,Nasdaq
PRCT,United States,DE,1231,3841,Surgical & Medical Instruments & Apparat,Nasdaq
PRDO,United States,DE,1231,8200,Services-Educational Services,Nasdaq
PRE,Foreign,E9,1231,2834,Pharmaceutical Preparations,"Nasdaq,Nasdaq"
PREJF,Foreign,,1231,6321,Accident & Health Insurance,
PREM,United States,NV,1231,3841,Surgical & Medical Instruments & Apparat,OTC
PRFX,Foreign,L3,1231,2834,Pharmaceutical Preparations,Nasdaq
PRG,United States,GA,1231,7359,"Services-Equipment Rental & Leasing, NEC",NYSE
PRGO,United States,L2,1231,2834,Pharmaceutical Preparations,NYSE
PRGS,United States,DE,1130,7372,Services-Prepackaged Software,Nasdaq
PRHI,United States,MI,1231,6331,"Fire, Marine & Casualty Insurance","Nasdaq,Nasdaq"
PRI,United States,DE,1231,6311,Life Insurance,NYSE
PRIAF,United States,E9,1231,6770,Blank Checks,
PRIM,United States,DE,1231,1623,"Water, Sewer, Pipeline, Comm & Power Lin",NYSE
PRK,United States,OH,1231,6021,National Commercial Banks,NYSE
PRKA,United States,NV,0927,7990,Services-Miscellaneous Amusement & Recre,OTC
PRKR,United States,FL,1231,3663,Radio & Tv Broadcasting & Communications,OTC
PRKS,United States,DE,1231,7990,Services-Miscellaneous Amusement & Recre,NYSE
PRLB,United States,MN,1231,3440,Fabricated Structural Metal Products,NYSE
PRLD,United States,DE,1231,2834,Pharmaceutical Preparations,Nasdaq
PRM,United States,,1231,2800,Chemicals & Allied Products,NYSE
PRMB,United States,DE,1231,2080,Beverages,NYSE
PRME,United States,DE,1231,2836,"Biological Products, (No Diagnostic Subs",Nasdaq
PROF,Foreign,A6,1231,3841,Surgical & Medical Instruments & Apparat,Nasdaq
PROP,United States,DE,1231,1311,Crude Petroleum & Natural Gas,Nasdaq
PROV,United States,DE,0630,6035,"Savings Institution, Federally Chartered",Nasdaq
PRPH,United States,DE,1231,2834,Pharmaceutical Preparations,OTC
PRPL,United States,DE,1231,2510,Household Furniture,Nasdaq
PRPO,United States,DE,1231,3826,Laboratory Analytical Instruments,Nasdaq
PRQR,Foreign,P7,1231,2834,Pharmaceutical Preparations,Nasdaq
PRSI,United States,CA,0630,6552,Land Subdividers & Developers (No Cemete,OTC
PRSO,United States,DE,1231,3674,Semiconductors & Related Devices,Nasdaq
PRSU,United States,DE,1231,7990,Services-Miscellaneous Amusement & Recre,NYSE
PRTA,United States,L2,1231,2834,Pharmaceutical Preparations,Nasdaq
PRTH,United States,DE,1231,7389,"Services-Business Services, NEC","Nasdaq,OTC"
PRTS,United States,DE,0102,5531,Retail-Auto & Home Supply Stores,Nasdaq
PRU,United States,NJ,1231,6311,Life Insurance,"NYSE,NYSE,NYSE,NYSE"
PRVA,United States,DE,1231,8000,Services-Health Services,Nasdaq
PRXA,United States,MD,1231,6798,Real Estate Investment Trusts,OTC
PRZO,Foreign,L3,1231,3728,"Aircraft Parts & Auxiliary Equipment, NE",Nasdaq
PS,United States,NV,1231,6282,Investment Advice,NYSE
PSA,United States,MD,1231,6798,Real Estate Investment Trusts,"NYSE,NYSE,NYSE,NYSE,NYSE"
PSBD,United States,MD,1231,,,NYSE
PSEC,United States,MD,0630,,,"Nasdaq,NYSE"
PSFE,Foreign,D0,1231,7389,"Services-Business Services, NEC",NYSE
PSHG,Foreign,1T,1231,4412,Deep Sea Foreign Transportation of  Frei,Nasdaq
PSIG,Foreign,E9,1231,4731,Arrangement of  Transportation of  Freig,Nasdaq
PSIX,United States,IL,1231,3510,Engines & Turbines,Nasdaq
PSKY,United States,DE,1231,4833,Television Broadcasting Stations,Nasdaq
PSLV,Foreign,A6,,6221,Commodity Contracts Brokers & Dealers,NYSE
PSMT,United States,DE,0831,5331,Retail-Variety Stores,Nasdaq
PSN,United States,DE,1231,7373,Services-Computer Integrated Systems Des,NYSE
PSNL,United States,DE,1231,8071,Services-Medical Laboratories,Nasdaq
PSO,Foreign,X0,1231,2731,Books: Publishing or  Publishing & Print,"NYSE,OTC"
PSPX,United States,DE,0831,5940,Retail-Miscellaneous Shopping Goods Stor,
PSQH,United States,DE,1231,7310,Services-Advertising,"NYSE,NYSE"
PSTL,United States,MD,1231,6798,Real Estate Investment Trusts,NYSE
PSTV,United States,DE,1231,3841,Surgical & Medical Instruments & Apparat,Nasdaq
PSX,United States,DE,1231,2911,Petroleum Refining,NYSE
PTC,United States,MA,0930,7372,Services-Prepackaged Software,Nasdaq
PTCHF,Foreign,X0,1231,2834,Pharmaceutical Preparations,
PTCO,United States,NV,0331,1311,Crude Petroleum & Natural Gas,OTC
PTCT,United States,DE,1231,2834,Pharmaceutical Preparations,Nasdaq
PTEN,United States,DE,1231,1381,Drilling Oil & Gas Wells,Nasdaq
PTGX,United States,DE,1231,2834,Pharmaceutical Preparations,Nasdaq
PTHS,United States,NV,1231,2836,"Biological Products, (No Diagnostic Subs",NYSE
PTIX,United States,DE,0331,2834,Pharmaceutical Preparations,OTC
PTLE,Foreign,,,5172,Wholesale-Petroleum & Petroleum Products,Nasdaq
PTLO,United States,DE,1227,5812,Retail-Eating  Places,Nasdaq
PTN,United States,NJ,0630,2834,Pharmaceutical Preparations,Nasdaq
PTON,United States,,0630,3949,"Sporting & Athletic Goods, NEC",Nasdaq
PTOS,United States,DE,0331,1700,Construction - Special Trade Contractors,OTC
PTPI,United States,DE,1231,2834,Pharmaceutical Preparations,OTC
PTRN,United States,DE,1231,5961,Retail-Catalog & Mail-Order Houses,Nasdaq
PUBC,United States,NV,1130,2870,Agricultural Chemicals,OTC
PUBM,United States,DE,1231,7370,"Services-Computer Programming, Data Proc",Nasdaq
PUK,Foreign,X0,1231,6311,Life Insurance,"NYSE,OTC"
PULM,United States,DE,1231,2834,Pharmaceutical Preparations,Nasdaq
PUMP,United States,TX,1231,1389,"Oil & Gas Field Services, NEC",NYSE
PURE,United States,DE,0731,2890,Miscellaneous Chemical Products,OTC
PURR,United States,DE,0630,6199,Finance Services,Nasdaq
PUSA,United States,NV,1231,7997,Services-Membership Sports & Recreation ,Nasdaq
PVCT,United States,DE,1231,2834,Pharmaceutical Preparations,OTC
PVH,United States,DE,0131,2320,"Men's & Boys' Furnishgs, Work Clothg, & ",NYSE
PVLA,United States,NV,1231,2834,Pharmaceutical Preparations,Nasdaq
PW,United States,MD,1231,6798,Real Estate Investment Trusts,"NYSE,NYSE"
PWDY,United States,DE,1231,7374,Services-Computer Processing & Data Prep,OTC
PWP,United States,DE,1231,6199,Finance Services,Nasdaq
PWR,United States,DE,1231,1731,Electrical Work,NYSE
PXED,United States,DE,0831,8200,Services-Educational Services,NYSE
PXLW,United States,OR,1231,7372,Services-Prepackaged Software,Nasdaq
PXS,Foreign,1T,1231,4412,Deep Sea Foreign Transportation of  Frei,Nasdaq
PYPD,Foreign,L3,1231,3841,Surgical & Medical Instruments & Apparat,Nasdaq
PYPL,United States,,1231,7389,"Services-Business Services, NEC",Nasdaq
PYRGF,Foreign,A8,1231,2834,Pharmaceutical Preparations,OTC
PYXS,United States,DE,1231,2834,Pharmaceutical Preparations,Nasdaq
PYYX,United States,,0331,5150,Wholesale-Farm Product Raw Materials,OTC
PZG,United States,NV,0630,1000,Metal Mining,NYSE
PZZA,United States,DE,1227,5812,Retail-Eating  Places,Nasdaq
Q,United States,DE,1231,3674,Semiconductors & Related Devices,NYSE
QBTS,United States,DE,1231,7374,Services-Computer Processing & Data Prep,Nasdaq
QCLS,United States,DE,1231,2835,In Vitro & In Vivo Diagnostic Substances,Nasdaq
QCOM,United States,DE,0927,3663,Radio & Tv Broadcasting & Communications,Nasdaq
QCRH,United States,DE,1231,6022,State Commercial Banks,Nasdaq
QDEL,United States,,0101,2835,In Vitro & In Vivo Diagnostic Substances,Nasdaq
QDMI,United States,FL,0331,6411,"Insurance Agents, Brokers & Service",OTC
QETA,United States,NY,1231,6770,Blank Checks,"Nasdaq,Nasdaq,Nasdaq"
QETH,United States,DE,1231,6221,Commodity Contracts Brokers & Dealers,CBOE
QFIN,Foreign,E9,1231,6199,Finance Services,"Nasdaq,OTC"
QGEN,Foreign,P7,1231,2836,"Biological Products, (No Diagnostic Subs",NYSE
QH,Foreign,E9,1231,7389,"Services-Business Services, NEC",Nasdaq
QIND,United States,NV,1231,3590,Misc Industrial & Commercial Machinery &,OTC
QLEP,United States,E9,1231,6770,Blank Checks,"NYSE,NYSE"
QLYS,United States,DE,1231,7372,Services-Prepackaged Software,Nasdaq
QMCI,United States,NV,1231,7389,"Services-Business Services, NEC",OTC
QMCO,United States,DE,0331,3572,Computer Storage Devices,Nasdaq
QMMM,Foreign,E9,0930,7311,Services-Advertising Agencies,Nasdaq
QNBC,United States,PA,1231,6022,State Commercial Banks,OTC
QNC,Foreign,A8,1231,7372,Services-Prepackaged Software,NYSE
QNCX,United States,CA,1231,2836,"Biological Products, (No Diagnostic Subs",Nasdaq
QNRX,Foreign,L3,,2834,Pharmaceutical Preparations,Nasdaq
QNST,United States,,0630,7389,"Services-Business Services, NEC",Nasdaq
QNT,United States,DE,1231,7373,Services-Computer Integrated Systems Des,Nasdaq
QNTM,Foreign,A6,1231,2834,Pharmaceutical Preparations,Nasdaq
QNTO,United States,PA,1231,6036,"Savings Institutions, Not Federally Char",OTC
QPRC,United States,,1231,5190,Wholesale-Miscellaneous Nondurable Goods,OTC
QRED,United States,E9,0131,6770,Blank Checks,"NYSE,NYSE,NYSE"
QRHC,United States,NV,1231,4953,Refuse Systems,Nasdaq
UFPI,United States,MI,1226,2421,"Sawmills & Planting Mills, General",Nasdaq
UG,United States,DE,1231,2844,"Perfumes, Cosmetics & Other Toilet Prepa",Nasdaq
UGA,United States,DE,1231,6221,Commodity Contracts Brokers & Dealers,NYSE
UGI,United States,PA,0930,4932,Gas & Other Services Combined,NYSE
UGP,Foreign,,1231,4924,Natural Gas Distribution,NYSE
UHAL,United States,NV,0331,7510,Services-Auto Rental & Leasing (No Drive,"NYSE,NYSE"
UHS,United States,DE,1231,8062,Services-General Medical & Surgical Hosp,NYSE
UHT,United States,MD,1231,6798,Real Estate Investment Trusts,NYSE
UI,United States,DE,0630,3663,Radio & Tv Broadcasting & Communications,NYSE
UIS,United States,DE,1231,7373,Services-Computer Integrated Systems Des,NYSE
UL,Foreign,,1231,2840,"Soap, Detergents, Cleang Preparations, P","NYSE,OTC"
ULBI,United States,DE,1231,3690,"Miscellaneous Electrical Machinery, Equi",Nasdaq
ULCC,United States,DE,1231,4512,"Air Transportation, Scheduled",Nasdaq
ULH,United States,NV,1231,4213,Trucking (No Local),Nasdaq
ULS,United States,DE,1231,8734,Services-Testing Laboratories,NYSE
ULTA,United States,,0130,5990,"Retail-Retail Stores, NEC",Nasdaq
UMAC,United States,NV,1231,3663,Radio & Tv Broadcasting & Communications,NYSE
UMBF,United States,MO,1231,6021,National Commercial Banks,"Nasdaq,Nasdaq"
UMC,Foreign,F5,1231,3674,Semiconductors & Related Devices,NYSE
UMEW,Foreign,DE,0930,7372,Services-Prepackaged Software,OTC
UMH,United States,MD,1231,6798,Real Estate Investment Trusts,"NYSE,NYSE"
UNB,United States,VT,1231,6022,State Commercial Banks,Nasdaq
UNCY,United States,DE,1231,2834,Pharmaceutical Preparations,Nasdaq
UNF,United States,MA,0829,7200,Services-Personal Services,NYSE
UNFI,United States,DE,0731,5141,"Wholesale-Groceries, General Line",NYSE
UNG,United States,,1231,6221,Commodity Contracts Brokers & Dealers,NYSE
UNH,United States,DE,1231,6324,Hospital & Medical Service Plans,NYSE
UNIT,United States,DE,1231,4813,Telephone Communications (No Radioteleph,Nasdaq
UNL,United States,,1231,6221,Commodity Contracts Brokers & Dealers,NYSE
UNM,United States,DE,1231,6321,Accident & Health Insurance,"NYSE,NYSE"
UNP,United States,UT,1231,4011,"Railroads, Line-Haul Operating",NYSE
UNTY,United States,NJ,1231,6022,State Commercial Banks,Nasdaq
UOKAF,Foreign,E9,1231,6531,Real Estate Agents & Managers (For Other,OTC
UONE,United States,DE,1231,4832,Radio Broadcasting Stations,"Nasdaq,Nasdaq"
UP,United States,,1231,4522,"Air Transportation, Nonscheduled",NYSE
UPB,United States,DE,1231,2834,Pharmaceutical Preparations,Nasdaq
UPBD,United States,DE,1231,7359,"Services-Equipment Rental & Leasing, NEC",Nasdaq
UPC,Foreign,F4,0930,2834,Pharmaceutical Preparations,Nasdaq
UPLD,United States,TX,1231,7372,Services-Prepackaged Software,Nasdaq
UPS,United States,DE,1231,4210,Trucking & Courier Services (No Air),NYSE
UPST,United States,DE,1231,6199,Finance Services,Nasdaq
UPWK,United States,DE,1231,7374,Services-Computer Processing & Data Prep,Nasdaq
UPXI,United States,DE,0630,6199,Finance Services,Nasdaq
UPYY,United States,NV,0228,7372,Services-Prepackaged Software,OTC
URBN,United States,PA,0131,5651,Retail-Family Clothing Stores,Nasdaq
URG,Foreign,Z4,1231,1040,Gold and Silver Ores,NYSE
URGN,Foreign,L3,1231,2834,Pharmaceutical Preparations,Nasdaq
URI,United States,DE,1231,7359,"Services-Equipment Rental & Leasing, NEC",NYSE
UROY,Foreign,Z4,0430,6221,Commodity Contracts Brokers & Dealers,Nasdaq
URSB,United States,MD,1231,6036,"Savings Institutions, Not Federally Char",OTC
USAC,United States,,1231,4922,Natural Gas Transmission,NYSE
USAQ,United States,NV,1231,3841,Surgical & Medical Instruments & Apparat,OTC
USAR,United States,E9,1231,1000,Metal Mining,Nasdaq
USAS,Foreign,Z4,,1000,Metal Mining,NYSE
USAU,United States,NV,0430,1000,Metal Mining,Nasdaq
USB,United States,DE,1231,6021,National Commercial Banks,"NYSE,NYSE,NYSE,NYSE,NYSE"
USBC,United States,NV,1231,6199,Finance Services,NYSE
USCB,United States,FL,1231,6022,State Commercial Banks,Nasdaq
USCI,United States,,1231,6221,Commodity Contracts Brokers & Dealers,"NYSE,NYSE"
USDE,United States,DE,1231,6199,Finance Services,"Nasdaq,Nasdaq"
USDW,United States,NV,0228,7374,Services-Computer Processing & Data Prep,OTC
USEA,Foreign,1T,1231,4400,Water Transportation,Nasdaq
USFD,United States,IL,0102,5140,Wholesale-Groceries & Related Products,NYSE
USGO,United States,NV,1231,1040,Gold and Silver Ores,Nasdaq
USIO,United States,NV,1231,6099,"Functions Related To Depository Banking,",Nasdaq
USL,United States,,1231,6221,Commodity Contracts Brokers & Dealers,NYSE
USLM,United States,TX,1231,1400,Mining & Quarrying of  Nonmetallic Miner,Nasdaq
USNA,United States,UT,0103,2833,Medicinal Chemicals & Botanical Products,NYSE
USO,United States,DE,1231,6221,Commodity Contracts Brokers & Dealers,NYSE
USPH,United States,NV,1231,8000,Services-Health Services,NYSE
UTGN,United States,,1231,6311,Life Insurance,OTC
UTHR,United States,DE,1231,2834,Pharmaceutical Preparations,Nasdaq
UTI,United States,DE,0930,8200,Services-Educational Services,NYSE
UTKN,United States,WY,1231,6199,Finance Services,OTC
UTL,United States,NH,1231,4931,Electric & Other Services Combined,NYSE
