cik,sym,public_float,basis
16040,CBT,4429047299000000.0,CY2025Q1I
1005284,OLED,6792425456000.0,CY2025Q2I
704532,ONTO,4817275689000.0,CY2025Q2I
1116942,TTMI,4165937635000.0,CY2025Q2I
90896,SKY,4135959950000.0,CY2025Q3I
1045810,NVDA,4000000000000.0,CY2025Q2I
789019,MSFT,3600000000000.0,CY2025Q4I
1076930,NOVTU,3496559430000.0,CY2025Q2I
320193,AAPL,3253431000000.0,CY2025Q1I
752714,MGRC,2853953135000.0,CY2025Q2I
1529864,ENVA,2669865303000.0,CY2025Q2I
1959023,RENX,2290409000000.0,CY2025Q2I
1018724,AMZN,2118061430046.0,CY2025Q2I
827876,CLSKW,1967000000000.0,CY2025Q1I
1652044,GOOGN,1900000000000.0,CY2025Q2I
1326801,META,1600000000000.0,CY2025Q2I
36146,TRMK,961600000000.0,CY2025Q2I
1720424,HIVE,950740231000.0,CY2026Q1I
1730168,AVGO,939200000000.0,CY2025Q1I
1067983,BRK-A,902700000000.0,CY2025Q2I
1318605,TSLA,892930000000.0,CY2025Q2I
903129,THRM,853967174000.0,CY2025Q2I
1693256,WTTR,837400000000.0,CY2025Q2I
59478,LLY,807887000000.0,CY2025Q2I
19617,JPM-PM,794433813496.0,CY2025Q2I
1403161,V,601100000000.0,CY2025Q1I
1065280,NFLX,565657747980.0,CY2025Q2I
1141391,MA,505000000000.0,CY2025Q2I
34088,XOM,460000000000.0,CY2025Q2I
909832,COST,451600000000.0,CY2026Q1I
1720592,RPAY,399708338000.0,CY2025Q2I
104169,WMT,391703475732.0,CY2025Q2I
354950,HD,371800000000.0,CY2025Q2I
723125,MU,368100000000.0,CY2026Q1I
200406,JNJ,367000000000.0,CY2025Q2I
70858,BML-PJ,351903673230.0,CY2025Q2I
944745,CIVB,351125166000.0,CY2025Q2I
1341439,ORCL-PD,346760150000.0,CY2026Q2I
80424,PG,333000000000.0,CY2025Q4I
1551152,ABBV,325061294916.0,CY2025Q2I
21344,KO,300552956545.0,CY2025Q2I
1321655,PLTR,299300000000.0,CY2025Q2I
858877,CSCO,294500000000.0,CY2025Q4I
1413329,PM,283000000000.0,CY2025Q2I
731766,UNH,281907836350.0,CY2025Q2I
51143,IBM,274500000000.0,CY2025Q2I
40545,GE,270200000000.0,CY2025Q2I
72971,WFC-PA,257300000000.0,CY2025Q2I
93410,CVX,247400000000.0,CY2025Q2I
25475,CRD-B,239809090000.0,CY2025Q2I
1638290,MCFT,238500000000.0,CY2025Q4I
1800,ABT,232169255381.0,CY2025Q2I
4962,AXP,221800000000.0,CY2025Q2I
1707925,LIN,220000000000.0,CY2025Q2I
1467373,ACN,218315987018.0,CY2025Q1I
895421,MS-PA,217968854713.0,CY2025Q2I
886982,GS-PD,213200000000.0,CY2025Q2I
63908,MCD,208464334129.0,CY2025Q2I
732717,T-PC,207000000000.0,CY2025Q2I
310158,MRK,198051000000.0,CY2025Q2I
101829,RTX,195405729090.0,CY2025Q2I
1035267,ISRG,193900000000.0,CY2025Q2I
1108524,CRM,191800000000.0,CY2025Q2I
97476,TXN,188509303179.0,CY2025Q2I
1543151,UBER,187600000000.0,CY2025Q2I
1075531,BKNG,187400000000.0,CY2025Q2I
732712,VZ,182400000000.0,CY2025Q2I
18230,CAT,180900000000.0,CY2025Q4I
77476,PEP,179000000000.0,CY2025Q2I
707549,LRCX,178309002956.0,CY2025Q4I
1744489,DIS,176600000000.0,CY2025Q1I
1373715,NOW,175700000000.0,CY2025Q2I
804328,QCOM,167900000000.0,CY2025Q1I
64040,SPGI-WI,161000000000.0,CY2025Q2I
319201,KLAC,159300000000.0,CY2025Q4I
2012383,BLK,159000000000.0,CY2025Q2I
885725,BSX,158700000000.0,CY2025Q2I
12927,BA-PA,158300000000.0,CY2025Q2I
316709,SCHW-PJ,156300000000.0,CY2025Q2I
831001,C-PR,156200000000.0,CY2025Q2I
80661,PGR,155911082530.0,CY2025Q2I
97745,TMO,154038987000.0,CY2025Q2I
318154,AMGN,150100000000.0,CY2025Q2I
773840,HONIV,145300000000.0,CY2025Q2I
796343,ADBE,144940000000.0,CY2025Q2I
310764,SYK,144306436547.0,CY2025Q2I
1996810,GEV,144000000000.0,CY2025Q2I
753308,NEE-PS,142860484569.0,CY2025Q2I
1594805,SHOP,140315345495.0,CY2025Q2I
109198,TJX,140000000000.0,CY2025Q2I
1551182,ETN,139000000000.0,CY2025Q2I
78003,PFE,138000000000.0,CY2025Q2I
100885,UNP,136100000000.0,CY2025Q2I
896878,INTU,135600000000.0,CY2025Q4I
927628,COF-PN,135200000000.0,CY2025Q2I
1166691,CCZ,130745000000.0,CY2025Q2I
60667,LOW,126900000000.0,CY2025Q2I
313616,DHR,125900000000.0,CY2025Q2I
315189,DE,124313866554.0,CY2025Q1I
1327567,PANW,123400000000.0,CY2025Q4I
1099590,MELI,122884971142.0,CY2025Q2I
6951,AMAT,121318219350.0,CY2025Q1I
1613103,MDT,120100000000.0,CY2025Q3I
896159,CB,115000000000.0,CY2025Q2I
1023313,FORR,114000000000.0,CY2025Q2I
875320,VRTX,113400000000.0,CY2025Q2I
1283699,TMUSL,112400000000.0,CY2025Q2I
1163165,COP,112000000000.0,CY2025Q2I
829224,SBUX,111000000000.0,CY2025Q1I
76334,PH,110763388251.0,CY2025Q4I
1535527,CRWD,109300000000.0,CY2025Q2I
1393818,BX,108900000000.0,CY2025Q2I
62709,MRSH,107422546097.0,CY2025Q2I
936468,LMT,106500000000.0,CY2025Q2I
820313,APH,106029000000.0,CY2025Q2I
1596532,ANET,105600000000.0,CY2025Q2I
1050446,STRD,105450000000.0,CY2025Q2I
1571949,ICE,104400000000.0,CY2025Q2I
8670,ADP,103569897016.0,CY2025Q4I
1053507,AMT,103400000000.0,CY2025Q2I
882095,GILD,103200000000.0,CY2025Q2I
1751008,APP,102700000000.0,CY2025Q2I
766704,WELL,102303567000.0,CY2025Q2I
92122,SOJD,101000000000.0,CY2025Q2I
1868275,CEG,100560269473.0,CY2025Q2I
50863,INTC,99300000000.0,CY2025Q2I
1156375,CME,98900000000.0,CY2025Q2I
895728,EBBGF,98800000000.0,CY2025Q2I
764180,MO,98000000000.0,CY2025Q2I
1045609,PLDGP,97322102425.0,CY2025Q2I
1466258,TT,97200000000.0,CY2025Q2I
927653,MCK,95300000000.0,CY2025Q3I
14272,CELG-RI,94188864457.0,CY2025Q2I
798354,FISV,93881636110.0,CY2025Q2I
1222333,GLD,93451270652.0,CY2025Q1I
823768,WM,92000000000.0,CY2025Q2I
1326160,DUK-PA,91703190830.0,CY2025Q2I
1404912,KKR-PD,91100000000.0,CY2025Q2I
1792789,DASH,90800000000.0,CY2025Q2I
1739940,CI,88000000000.0,CY2025Q2I
1156039,ELV,87349478366.0,CY2025Q2I
1103982,MDLZ,87100000000.0,CY2025Q2I
1059556,MCO,87000000000.0,CY2025Q2I
64803,CVS,86382523283.0,CY2025Q2I
89800,SHW,85532942889.0,CY2025Q2I
813672,CDNS,83968000000.0,CY2025Q2I
6281,ADI,81121000000.0,CY2025Q1I
66740,MMM,81100000000.0,CY2025Q2I
320187,NKE,80529120635.0,CY2025Q4I
884887,RCL,79100000000.0,CY2025Q2I
1101239,EQIX,77800000000.0,CY2025Q2I
1060391,RSG,77000000000.0,CY2025Q2I
315293,AON,76965213677.0,CY2025Q2I
1260221,TDG,76426902522.0,CY2025Q1I
4281,HWM,75000000000.0,CY2025Q2I
723254,CTAS,74381019287.0,CY2025Q4I
1090727,UPS,74239665022.0,CY2025Q2I
1679788,COIN,74200000000.0,CY2025Q2I
1980994,IBIT,74190144855.0,CY2025Q2I
1640147,SNOW,73500000000.0,CY2025Q2I
21665,CL,73400000000.0,CY2025Q2I
713676,PNC,73200000000.0,CY2025Q2I
16875,CP,72746204564.0,CY2025Q2I
49826,ITW,71900000000.0,CY2025Q2I
1133421,NOC,71500000000.0,CY2025Q2I
1783879,HOOD,71300000000.0,CY2025Q2I
1633917,PYPL,71300000000.0,CY2025Q2I
354190,AJG,71117000000.0,CY2025Q2I
36104,USB-PS,70500000000.0,CY2025Q2I
40533,GD,69581612877.0,CY2025Q2I
1555280,ZTS,69233000000.0,CY2025Q2I
107263,WMB,67728227765.0,CY2025Q2I
31462,ECL,67088288734.0,CY2025Q2I
2969,APD,65600000000.0,CY2025Q1I
1315098,RBLX,65500000000.0,CY2025Q2I
10795,BDX,65472902857.0,CY2025Q1I
1692819,VST,65311459773.0,CY2025Q2I
821189,EOG,65231000000.0,CY2025Q2I
1048911,FDX,64600000000.0,CY2025Q4I
769397,ADSK,64500000000.0,CY2025Q2I
1390777,BNY-PK,64230991381.0,CY2025Q2I
1835632,MRVL,64119895583.0,CY2025Q2I
1164727,NEMCL,64108664771.0,CY2025Q2I
1058090,CMG,64000000000.0,CY2025Q2I
898173,ORLY,63300585790.0,CY2025Q2I
860730,HCA,63269000000.0,CY2025Q2I
1069183,AXON,62200000000.0,CY2025Q2I
831259,FCX,61900000000.0,CY2025Q2I
849395,CRH,61825009498.0,CY2025Q2I
1585689,HLT,61525000000.0,CY2025Q2I
32604,EMR,61500000000.0,CY2025Q1I
1048286,MAR,61232412426.0,CY2025Q2I
68505,MSI,61000000000.0,CY2025Q2I
277948,CSX,61000000000.0,CY2025Q2I
882835,ROP,60800000000.0,CY2025Q2I
86312,TRV,59986121526.0,CY2025Q2I
883241,SNPS,59300000000.0,CY2025Q1I
1297996,DLR-PJ,59000000000.0,CY2025Q2I
1783180,CARR,58500000000.0,CY2025Q2I
1858681,APOS,58394760022.0,CY2025Q2I
866787,AZO,57759306497.0,CY2025Q1I
702165,NSC,57481458868.0,CY2025Q2I
1506307,EP-PC,57054291328.0,CY2025Q2I
1262039,FTNT,56846175983.0,CY2025Q2I
865752,MNST,56505471480.0,CY2025Q2I
1559720,ABNB,56200000000.0,CY2025Q2I
4904,AEP,56119786438.0,CY2025Q2I
4977,AFL,56035389963.0,CY2025Q2I
1276187,ET-PI,55980000000.0,CY2025Q2I
1050915,PWR,55800000000.0,CY2025Q2I
92230,TFC-PR,55400000000.0,CY2025Q2I
872589,REGN,54800000000.0,CY2025Q2I
1413447,NXPI,54700000000.0,CY2025Q2I
3570,LNG,53600000000.0,CY2025Q2I
1099219,MET-PF,53600000000.0,CY2025Q2I
899051,ALL-PB,52830000000.0,CY2025Q2I
833444,JCI,52600000000.0,CY2025Q1I
726728,O,52600000000.0,CY2025Q2I
1063761,SPG-PJ,52048000000.0,CY2025Q2I
1039684,OKE,51100000000.0,CY2025Q2I
1510295,MPC,50600000000.0,CY2025Q2I
1755672,CTVA,50600000000.0,CY2025Q2I
1635327,FLUT,50370000000.0,CY2025Q2I
820027,AMP,50300000000.0,CY2025Q2I
1327811,WDAY,49500000000.0,CY2025Q2I
1032208,SREA,49400000000.0,CY2025Q2I
75362,PCAR,49010000000.0,CY2025Q2I
712515,EA,48323000000.0,CY2025Q3I
1674101,VRT,48225235174.0,CY2025Q2I
1534701,PSX,48200000000.0,CY2025Q2I
715957,D,48200000000.0,CY2025Q2I
721371,CAH,48192692777.0,CY2025Q4I
1318220,WCN,48127773335.0,CY2025Q2I
815556,FAST,48111881160.0,CY2025Q2I
5272,AIG,47910000000.0,CY2025Q2I
106040,WDC,47690000000.0,CY2025Q4I
946581,TTWO,47087317833.0,CY2025Q3I
1467858,GM,47000000000.0,CY2025Q2I
1278680,IAU,46389389528.0,CY2025Q2I
56873,KR,46100000000.0,CY2025Q3I
202058,LHX,46020545333.0,CY2025Q2I
1099800,EW,45899189298.0,CY2025Q2I
87347,SLB,45580000000.0,CY2025Q2I
1061219,EPDU,45380000000.0,CY2025Q2I
27419,TGT,45284343058.0,CY2025Q2I
1339688,LCGMF,45271707000.0,CY2025Q2I
26172,CMI,45100000000.0,CY2025Q2I
24741,GLW,45000000000.0,CY2025Q2I
1418135,KDP,44800000000.0,CY2025Q2I
1051470,CCI,44700000000.0,CY2025Q2I
1393311,PSA-PS,44239441000.0,CY2025Q2I
1109357,EXC,43835664870.0,CY2025Q2I
1690820,CVNA,43800000000.0,CY2025Q2I
745732,ROST,43685150538.0,CY2025Q2I
1408198,MSCI,43149826814.0,CY2025Q2I
1561550,DDOG,43000000000.0,CY2025Q2I
874716,IDXX,42899749759.0,CY2025Q2I
2011641,FERG,42870902857.0,CY2025Q2I
55785,KMB,42800000000.0,CY2025Q2I
1067701,URI,42700000000.0,CY2025Q2I
1178670,ALNY,42630000000.0,CY2025Q2I
1393052,VEEV,42600000000.0,CY2025Q2I
1442145,VRSK,42587525686.0,CY2025Q2I
1136893,FIS,42560250917.0,CY2025Q2I
37996,F-PD,42411872532.0,CY2025Q2I
1385157,TEL,42200000000.0,CY2025Q1I
788784,PEG,41911658020.0,CY2025Q2I
1037868,AME,41800000000.0,CY2025Q2I
1035002,VLO,41800000000.0,CY2025Q2I
1138118,CBRE,41500000000.0,CY2025Q2I
797468,OXY-WT,41400000000.0,CY2025Q2I
277135,GWW,41053116330.0,CY2025Q2I
1041061,YUM,41000000000.0,CY2025Q2I
1120193,NDAQ,40600000000.0,CY2025Q2I
2023554,SNDK,40500000000.0,CY2025Q4I
72903,XELLL,40260845645.0,CY2025Q2I
1769628,CRWV,39600000000.0,CY2025Q2I
1944048,KVUE,39600000000.0,CY2025Q2I
1512673,BSQKZ,39400000000.0,CY2025Q2I
1571996,DELL,39200000000.0,CY2025Q2I
882184,DHI,39000000000.0,CY2025Q1I
1781335,OTIS,38824474742.0,CY2025Q2I
1058290,CTSH,38100000000.0,CY2025Q2I
1140859,COR,37887695618.0,CY2025Q1I
1137774,PRS,37810000000.0,CY2025Q2I
1701605,BKR,37733037083.0,CY2025Q2I
1876042,CRCL,37600000000.0,CY2025Q2I
1004980,PCG-PX,37246000000.0,CY2025Q2I
1091667,CHTR,37100000000.0,CY2025Q2I
65984,ETR,37100000000.0,CY2025Q2I
1389170,TRGP,37012700000.0,CY2025Q2I
1047862,ED,36200000000.0,CY2025Q2I
814547,FICO,36060682209.0,CY2025Q1I
874766,HIG-PG,36000000000.0,CY2025Q2I
723531,PAYX,35959981648.0,CY2025Q4I
900075,CPRT,35722169296.0,CY2025Q4I
1477333,NET,35700000000.0,CY2025Q2I
96021,SYY,35217557254.0,CY2025Q4I
943819,RSMDF,34917180979.0,CY2025Q4I
33213,EQT,34700000000.0,CY2025Q2I
820318,COHR,34498305389.0,CY2025Q4I
1396009,VMC,34416549004.0,CY2025Q2I
1705696,VICI,34400000000.0,CY2025Q2I
1121788,GRMN,34219000000.0,CY2025Q2I
1093557,DXCM,34200000000.0,CY2025Q2I
1065088,EBAY,34086444146.0,CY2025Q2I
827054,MCHPP,34000000000.0,CY2025Q3I
1932393,GEHC,34000000000.0,CY2025Q2I
1057352,CSGP,33900000000.0,CY2025Q2I
1834584,CPNG,33600000000.0,CY2025Q2I
783325,WEC,33500000000.0,CY2025Q2I
947484,ACGLO,33000000000.0,CY2025Q2I
1699150,IR,33000000000.0,CY2025Q2I
33185,EFX,32108903494.0,CY2025Q2I
27904,DAL,32100000000.0,CY2025Q2I
1560385,FWONB,32100000000.0,CY2025Q2I
1671933,TTD,32045240502.0,CY2025Q2I
79282,BRO,31616025136.0,CY2025Q2I
73309,NUE,31440000000.0,CY2025Q2I
943452,WAB,31100000000.0,CY2025Q2I
1524472,XYL,31000000000.0,CY2025Q2I
1289490,EXR,30991880775.0,CY2025Q2I
878927,ODFL,30418290020.0,CY2025Q2I
93751,STT-PG,30310000000.0,CY2025Q2I
749251,IT,30300000000.0,CY2025Q2I
1807794,CRDO,30000000000.0,CY2025Q3I
1140536,WTW,29918279975.0,CY2025Q2I
1397911,LPLA,29900000000.0,CY2025Q2I
1020569,IRM,29800000000.0,CY2025Q2I
36270,MTB-PH,29618092321.0,CY2025Q2I
49071,HUM,29182689695.0,CY2025Q2I
1024478,ROK,29100000000.0,CY2025Q1I
915912,AVB,28875214928.0,CY2025Q2I
916076,MLM,28822918628.0,CY2025Q2I
740260,VTR,28600000000.0,CY2025Q2I
46619,HEI-A,28298175000.0,CY2025Q1I
1404655,HUBS,28297314702.0,CY2025Q2I
720005,RJF,28106525241.0,CY2025Q1I
1437107,WBD,28000000000.0,CY2025Q2I
1650372,TEAM,27600000000.0,CY2025Q4I
2035989,AMRZ,27362509572.0,CY2025Q2I
936340,DTB,27300000000.0,CY2025Q2I
1071739,CNC,26700000000.0,CY2025Q2I
1013871,NRG,26643647974.0,CY2025Q2I
1090872,A,26600000000.0,CY2025Q1I
1116132,TPR,26530000000.0,CY2025Q4I
1478242,IQV,26500000000.0,CY2025Q2I
1001250,EL,26000000000.0,CY2025Q4I
1002910,AEE,25948493142.0,CY2025Q2I
1383312,BR,25945139278.0,CY2025Q4I
1539838,FANG,25800000000.0,CY2025Q2I
40704,GIS,25787000000.0,CY2025Q4I
1967680,VLTO,25700000000.0,CY2025Q2I
79879,PPG,25642000000.0,CY2025Q2I
906107,EQR,25600000000.0,CY2025Q2I
100517,UAL,25600000000.0,CY2025Q2I
860731,TYL,25541975159.0,CY2025Q2I
7084,ADM,25200000000.0,CY2025Q2I
815097,CCL,25100000000.0,CY2025Q2I
1034054,SBAC,25100000000.0,CY2025Q2I
29905,DOV,25034983332.0,CY2025Q2I
1609711,GDDY,24900000000.0,CY2025Q2I
16918,STZ,24900000000.0,CY2025Q3I
1096343,MKL,24853000000.0,CY2025Q2I
1601712,SYF-PB,24823465409.0,CY2025Q2I
1280452,MPWR,24700000000.0,CY2025Q2I
47111,HSY,24680833539.0,CY2025Q2I
51434,INPAP,24671507117.0,CY2025Q2I
920760,LEN-B,24643058075.0,CY2025Q2I
731802,ATO,24413133216.0,CY2025Q1I
1374310,CBOE,24400000000.0,CY2025Q2I
1757898,STE,24222300000.0,CY2025Q3I
1037646,MTD,24200000000.0,CY2025Q2I
47217,HPQ,24121817659.0,CY2025Q1I
1335258,LYV,24100000000.0,CY2025Q2I
73124,NTRSO,24100000000.0,CY2025Q2I
49196,HBANP,24100000000.0,CY2025Q2I
35527,FITB-PK,23900000000.0,CY2025Q2I
1130310,CNP,23867105630.0,CY2025Q2I
1094285,TDY,23800000000.0,CY2025Q2I
1410636,AWK,23779400000.0,CY2025Q2I
1381197,IBKR,23755862670.0,CY2025Q2I
72741,ES,23590442517.0,CY2025Q2I
1402057,CDW,23377000000.0,CY2025Q2I
1031296,FE,23208851454.0,CY2025Q2I
1937926,BAM,23200000000.0,CY2025Q2I
1097864,ON,23198209519.0,CY2025Q2I
1650164,TOST,23000000000.0,CY2025Q2I
313927,CHD,22900000000.0,CY2025Q2I
20286,CINF,22846561651.0,CY2025Q2I
1175454,CPAY,22608739528.0,CY2025Q2I
719955,WSM,22608389080.0,CY2025Q2I
2005951,SW,22371000000.0,CY2025Q2I
1145197,PODD,22100000000.0,CY2025Q2I
916365,TSCO,22000000000.0,CY2025Q2I
1637459,KHC,22000000000.0,CY2025Q2I
11544,WRB-PH,21940921884.0,CY2025Q2I
1604821,NTRA,21830000000.0,CY2025Q2I
920148,LH,21700000000.0,CY2025Q2I
48898,HUBB,21586750695.0,CY2025Q2I
1852317,FBTC,21502562250.0,CY2025Q2I
1618756,QSR,21428256686.0,CY2025Q2I
1713445,RDDT,21200000000.0,CY2025Q2I
1645590,HPE-PC,21184000000.0,CY2025Q1I
1104506,INSM,21100000000.0,CY2025Q2I
29534,DG,21100000000.0,CY2025Q2I
866374,FLEX,21100000000.0,CY2025Q3I
1336920,LDOS,21002965945.0,CY2025Q2I
1000697,WAT,20973515517.0,CY2025Q2I
1113169,TROW,20900000000.0,CY2025Q2I
1820953,AFRM,20800000000.0,CY2025Q4I
822416,PHM,20700000000.0,CY2025Q2I
811156,CMS-PC,20644000000.0,CY2025Q2I
1281761,RF-PF,20566150882.0,CY2025Q2I
906163,NVR,20284815000.0,CY2025Q2I
1090012,DVN,20200000000.0,CY2025Q2I
1687229,INVH,20100000000.0,CY2025Q2I
940944,DRI,20084300000.0,CY2025Q4I
2058873,Q,20000000000.0,CY2025Q3I
1811074,TPL,20000000000.0,CY2025Q2I
1818874,SOFI,20000000000.0,CY2025Q2I
1022079,DGX,20000000000.0,CY2025Q2I
1324424,EXPE,19967985000.0,CY2025Q2I
1588489,GBTC,19941743766.0,CY2025Q2I
1585521,ZM,19800000000.0,CY2025Q2I
827052,EIX,19800000000.0,CY2025Q2I
1665918,USFD,19700000000.0,CY2025Q2I
895126,EXE,19600000000.0,CY2025Q2I
1046102,RBA,19400000000.0,CY2025Q2I
91576,KEY-PL,19378924449.0,CY2025Q2I
1123360,GPN,19310238934.0,CY2025Q2I
1748790,AMCCF,19300000000.0,CY2025Q4I
759944,CFG-PI,19237809260.0,CY2025Q2I
1552000,MPLXP,19100000000.0,CY2025Q2I
726958,CASY,19100000000.0,CY2025Q3I
1883685,DKNG,19100000000.0,CY2025Q2I
1441816,MDB,19100000000.0,CY2025Q2I
1111711,NI,18966136571.0,CY2025Q2I
51253,IFF,18848336277.0,CY2025Q2I
1506293,PINS,18700000000.0,CY2025Q2I
1447669,TWLO,18700000000.0,CY2025Q2I
1751788,DOW,18700000000.0,CY2025Q2I
864749,TRMB,18700000000.0,CY2025Q2I
1035983,FIX,18640000000.0,CY2025Q2I
857005,PTC,18551172440.0,CY2025Q1I
1713683,ZS,18500000000.0,CY2025Q4I
106535,WY,18500000000.0,CY2025Q2I
875045,BIIB,18378285308.0,CY2025Q2I
1368622,AVAV,18333500000.0,CY2025Q3I
1659166,FTV,18200000000.0,CY2025Q2I
1069202,LII,18200000000.0,CY2025Q2I
818686,TEVJF,18160000000.0,CY2025Q2I
920522,ESS,18100000000.0,CY2025Q2I
1136869,ZBH,18023763265.0,CY2025Q2I
1030894,CLS,17900000000.0,CY2025Q2I
1126328,PFG,17700000000.0,CY2025Q2I
1274494,FSLR,17700000000.0,CY2025Q2I
1397187,LULU,17576000000.0,CY2025Q2I
1013237,FDS,17509083420.0,CY2025Q1I
1402436,SSNC,17502751030.0,CY2025Q2I
100493,TSN,17422448530.0,CY2025Q1I
798941,FCNCN,17263599044.0,CY2025Q2I
105634,EME,17258000000.0,CY2025Q2I
1330568,SLV,17190036500.0,CY2025Q2I
1579298,BURL,17151432284.0,CY2025Q2I
1002047,NTAP,17100000000.0,CY2025Q3I
1408710,FN,17100000000.0,CY2025Q4I
1552033,TRU,17100000000.0,CY2025Q2I
1601046,KEYS,17000000000.0,CY2025Q1I
1474432,P,17000000000.0,CY2025Q2I
1333986,EQH-PC,16900000000.0,CY2025Q2I
1758730,TW,16900000000.0,CY2025Q2I
40987,GPC,16900000000.0,CY2025Q2I
92380,LUV,16890396912.0,CY2025Q2I
1403568,ULTA,16866064000.0,CY2025Q2I
1802768,RPRX,16700000000.0,CY2025Q2I
75677,PKG,16692388603.0,CY2025Q2I
77360,PNR,16631780229.0,CY2025Q2I
1673358,YUMC,16500000000.0,CY2025Q2I
1633978,LITE,16469000000.0,CY2025Q4I
861884,RS,16450000000.0,CY2025Q2I
1014473,VRSN,16400000000.0,CY2025Q2I
1660134,OKTA,16400000000.0,CY2025Q2I
26324,CW,16400000000.0,CY2025Q2I
711404,COO,16200000000.0,CY2025Q1I
10456,BAX,16000000000.0,CY2025Q2I
1179929,MOH,16000000000.0,CY2025Q2I
91440,SNA,15900000000.0,CY2025Q2I
1032975,LOGI,15881278174.0,CY2025Q3I
84839,ROL,15803310776.0,CY2025Q2I
790051,CSL,15800000000.0,CY2025Q2I
1575515,SFM,15781871524.0,CY2025Q2I
912593,SUI,15745164541.0,CY2025Q2I
105770,WST,15700000000.0,CY2025Q2I
17843,CRS,15681972606.0,CY2025Q4I
1711269,EVRG,15667375144.0,CY2025Q2I
105016,WSO-B,15615000000.0,CY2025Q2I
849399,GENVR,15555822937.0,CY2025Q3I
352541,LNT,15500000000.0,CY2025Q2I
877212,ZBRA,15500000000.0,CY2025Q2I
1287750,ARCC,15415428367.0,CY2025Q2I
746515,EXPD,15362848688.0,CY2025Q2I
60086,L,15362000000.0,CY2025Q2I
1048695,FFIV,15351963269.0,CY2025Q1I
1286681,DPZ,15285523540.0,CY2025Q2I
9389,BALL,15260000000.0,CY2025Q2I
45012,HAL,15200000000.0,CY2025Q2I
1375365,SMCIP,15104749459.0,CY2025Q4I
1261333,DOCU,15100000000.0,CY2025Q2I
1819994,RKLB,14900000000.0,CY2025Q2I
1617640,Z,14900000000.0,CY2025Q2I
1489393,LYB,14800000000.0,CY2025Q2I
1324404,CF,14796888341.0,CY2025Q2I
1521332,APTV,14783719749.0,CY2025Q2I
910521,DECK,14764483936.0,CY2025Q3I
1651308,BEIGF,14700000000.0,CY2025Q2I
1773383,DT,14600000000.0,CY2025Q3I
1531152,BJ,14500000000.0,CY2025Q2I
898293,JBL,14400000000.0,CY2025Q1I
1166003,XPO,14400000000.0,CY2025Q2I
52988,J,14400000000.0,CY2025Q1I
217346,TXT,14300000000.0,CY2025Q2I
1874178,RIVN,14300000000.0,CY2025Q2I
1095073,EG,14300000000.0,CY2025Q2I
879101,KIM-PN,14200000000.0,CY2025Q2I
1957132,SN,13962651458.0,CY2025Q2I
5513,UNMA,13900000000.0,CY2025Q2I
1331875,FNF,13873627890.0,CY2025Q2I
29989,OMC,13815889740.0,CY2025Q2I
1069157,EWBC,13774364511.0,CY2025Q2I
1206264,SGI,13757330408.0,CY2025Q2I
1236275,QXO-PB,13730000000.0,CY2025Q2I
1973266,TKO,13650540272.0,CY2025Q2I
1025378,WPC,13600000000.0,CY2025Q2I
8818,AVY,13600000000.0,CY2025Q2I
1527166,CGABL,13579714543.0,CY2025Q2I
110621,RPM,13565090468.0,CY2025Q4I
62996,MAS,13438348177.0,CY2025Q2I
1562088,DUOL,13342902822.0,CY2025Q2I
1622536,TLN,13300000000.0,CY2025Q2I
1943896,RBRK,13260000000.0,CY2025Q2I
832101,IEX,13228549364.0,CY2025Q2I
1618181,GLDM,13227538500.0,CY2025Q1I
1486957,BWXT,13200000000.0,CY2025Q2I
1736297,ALAB,13200000000.0,CY2025Q2I
898174,RZC,13100000000.0,CY2025Q2I
1964738,SOLV,13100000000.0,CY2025Q2I
779152,JKHY,13092756060.0,CY2025Q4I
1300514,LVS,13023793216.0,CY2025Q2I
1022671,STLD,13000000000.0,CY2025Q2I
2046386,MDLN,13000000000.0,CY2025Q4I
910606,REGCO,12800000000.0,CY2025Q2I
1796209,APG,12700000000.0,CY2025Q2I
1575965,GLPI,12700000000.0,CY2025Q2I
97210,TER,12700000000.0,CY2025Q2I
1642896,IOT,12686300000.0,CY2025Q2I
1316835,BLDR,12600000000.0,CY2025Q2I
1823945,OWL,12500000000.0,CY2025Q2I
1289460,TXRH,12500000000.0,CY2025Q2I
1035443,ARE,12400000000.0,CY2025Q2I
1579241,ALLE,12300000000.0,CY2025Q2I
216228,ITT,12200000000.0,CY2025Q2I
868857,ACM,12200000000.0,CY2025Q1I
1611983,LBRDP,12200000000.0,CY2025Q2I
785161,EHC,12200000000.0,CY2025Q2I
70318,THC,12200000000.0,CY2025Q2I
1324948,RBC,12165027584.0,CY2025Q3I
1043219,NLY-PJ,12100000000.0,CY2025Q2I
1037976,JLL,12017132438.0,CY2025Q2I
40729,ALLY,12000000000.0,CY2025Q2I
1018963,ATI,12000000000.0,CY2025Q2I
1666700,DD,12000000000.0,CY2025Q2I
906345,CPT,11980283165.0,CY2025Q2I
1037038,RL,11943000000.0,CY2025Q3I
1856525,CNM,11940000000.0,CY2025Q2I
1219601,CCK,11923400233.0,CY2025Q2I
764478,BBY,11900000000.0,CY2025Q2I
1878848,IREN,11900000000.0,CY2025Q4I
1590955,PAYC,11900000000.0,CY2025Q2I
912595,MAA-PI,11900000000.0,CY2025Q2I
1056696,MANH,11791338195.0,CY2025Q2I
1618673,PFGC,11771720185.0,CY2025Q4I
29644,DCI,11736158004.0,CY2025Q4I
895417,ELS,11707300000.0,CY2025Q2I
85535,RGLD,11700000000.0,CY2025Q2I
822818,CLH,11700000000.0,CY2025Q2I
1562401,AMH-PH,11700000000.0,CY2025Q2I
1433270,AR,11700000000.0,CY2025Q2I
1590364,FTAIM,11700000000.0,CY2025Q2I
1780312,ASTS,11664700000.0,CY2025Q2I
16058,CACI,11655273629.0,CY2025Q4I
1720635,NVT,11651892767.0,CY2025Q4I
1564408,SNAP,11600000000.0,CY2025Q2I
1370946,OC,11500066698.0,CY2025Q2I
1824920,IONQ-WT,11500000000.0,CY2025Q2I
1285785,MOS,11500000000.0,CY2025Q4I
1567094,CNH,11500000000.0,CY2025Q2I
1443646,BAH,11488325864.0,CY2025Q3I
1043277,CHRW,11317245827.0,CY2025Q2I
913144,RNR-PG,11300000000.0,CY2025Q2I
1089063,DKS,11281312684.0,CY2025Q2I
59527,LECO,11267215663.0,CY2025Q2I
1082554,UTHR,11233042523.0,CY2025Q2I
879169,INCY,11200000000.0,CY2025Q2I
1302215,HLI,11190000000.0,CY2025Q3I
1086222,AKAM,11183900000.0,CY2025Q2I
89089,SCI,11126104381.0,CY2025Q2I
1097149,ALGN,11100000000.0,CY2025Q2I
1159152,JHIUF,11100000000.0,CY2025Q3I
1717115,TEM,11000000000.0,CY2025Q2I
1842022,DTM,11000000000.0,CY2025Q2I
310522,FNMAH,11000000000.0,CY2025Q2I
728535,JBHT,10900000000.0,CY2025Q2I
720672,SFB,10900000000.0,CY2025Q2I
1852131,NXT,10800000000.0,CY2025Q3I
888491,OHI,10743896520.0,CY2025Q2I
72331,NDSN,10705289437.0,CY2025Q1I
1996862,BG,10701000000.0,CY2025Q2I
36966,FHN-PH,10700000000.0,CY2025Q2I
1604028,WMS,10679000000.0,CY2025Q3I
764622,PNW,10673413436.0,CY2025Q2I
1037540,BXP,10663223539.0,CY2025Q2I
927066,DVA,10600000000.0,CY2025Q2I
91419,SJM,10590293766.0,CY2025Q3I
945841,POOL,10541563662.0,CY2025Q2I
1658566,PR,10503468331.0,CY2025Q2I
93556,SWK,10500000000.0,CY2025Q2I
1070750,HST,10405713884.0,CY2025Q2I
1360901,EVR,10400000000.0,CY2025Q2I
1618732,NTNX,10400000000.0,CY2025Q4I
78128,WTRG,10396206999.0,CY2025Q2I
1792044,VTRS,10384706269.0,CY2025Q2I
896622,ATR,10345798465.0,CY2025Q2I
46080,HAS,10300000000.0,CY2025Q2I
15615,MTZ,10300000000.0,CY2025Q2I
936395,CIEN,10300000000.0,CY2025Q1I
1090425,LAMR,10177995114.0,CY2025Q2I
1773751,HIMS,10100000000.0,CY2025Q2I
320335,GL-PD,10000000000.0,CY2025Q2I
1669162,KNSL,9978331145.0,CY2025Q2I
1267238,AIZN,9930000000.0,CY2025Q2I
1682852,MRNA,9900000000.0,CY2025Q2I
1516513,DOCS,9860000000.0,CY2025Q3I
794170,TOL,9852684000.0,CY2025Q1I
1635088,ROIV,9800000000.0,CY2025Q3I
1681459,FTI,9800000000.0,CY2025Q2I
4127,SWKS,9800000000.0,CY2025Q1I
1792580,OVV,9780270102.0,CY2025Q2I
352915,UHS,9700000000.0,CY2025Q2I
1636222,WING,9700000000.0,CY2025Q2I
1428439,ROKU,9700000000.0,CY2025Q2I
1341766,CELH,9700000000.0,CY2025Q2I
1321732,PEN,9700000000.0,CY2025Q2I
1174922,WYNN,9660000000.0,CY2025Q2I
1298675,CUBE,9659711015.0,CY2025Q2I
315852,RRC,9592497000.0,CY2025Q2I
1352010,EPAM,9570000000.0,CY2025Q2I
914475,NBIX,9520000000.0,CY2025Q2I
109563,AIT,9513847000.0,CY2025Q4I
82811,RRX,9500000000.0,CY2025Q2I
350894,SEIC,9500000000.0,CY2025Q2I
1065696,LKQ,9500000000.0,CY2025Q2I
1501585,HII,9475000000.0,CY2025Q2I
1707753,ESTC,9400000000.0,CY2025Q3I
939767,EXEL,9400000000.0,CY2025Q2I
765880,DOC,9400000000.0,CY2025Q2I
1772016,BRBR,9367938437.0,CY2025Q1I
1584509,ARMK,9291400000.0,CY2025Q1I
1944013,CR,9272583912.0,CY2025Q2I
764038,SSB,9225644000.0,CY2025Q2I
1639438,CAVA,9200000000.0,CY2025Q2I
1110803,ILMN,9200000000.0,CY2025Q2I
1722482,AVTR,9173395483.0,CY2025Q2I
1633931,BLD,9100000000.0,CY2025Q2I
801337,WBS-PG,9100000000.0,CY2025Q2I
842023,TECH,9100000000.0,CY2025Q4I
1637207,PLNT,9100000000.0,CY2025Q2I
1170010,KMX,9059759286.0,CY2025Q3I
1001838,SCCO,9019800000.0,CY2025Q2I
14693,BF-B,9000000000.0,CY2026Q1I
1326380,GME-WT,9000000000.0,CY2025Q2I
1513761,NCLH,9000000000.0,CY2025Q2I
1810806,U,9000000000.0,CY2025Q2I
71691,NYT,9000000000.0,CY2025Q2I
1042046,AFGE,8990000000.0,CY2025Q2I
1021635,OGE,8937916402.0,CY2025Q2I
1144215,AYI,8900000000.0,CY2025Q1I
929008,WCC,8900000000.0,CY2025Q2I
1000228,HSIC,8885457000.0,CY2025Q2I
1475922,PRI,8880345744.0,CY2025Q2I
74260,ORI,8832423187.0,CY2025Q2I
1177394,SNX,8743705927.0,CY2025Q2I
49600,EGP,8720772824.0,CY2025Q2I
1889539,CRBD,8710000000.0,CY2025Q2I
922621,ERIE,8700000000.0,CY2025Q2I
1046257,INGR,8692000000.0,CY2025Q2I
1023128,LAD,8685471000.0,CY2025Q2I
89439,MLI,8641564012.0,CY2025Q2I
48465,HRL,8637339615.0,CY2025Q1I
1423689,AGNCZ,8600000000.0,CY2025Q2I
1034670,ALV,8595000000.0,CY2025Q2I
1849253,RYAN,8557552987.0,CY2025Q2I
23217,CAG,8500625571.0,CY2025Q4I
1866581,BROS,8500000000.0,CY2025Q2I
1070423,PAAPU,8500000000.0,CY2025Q2I
1101302,ENTG,8500000000.0,CY2025Q2I
915389,EMN,8452123241.0,CY2025Q4I
2082866,PNFP-PB,8441256440.0,CY2025Q2I
1571283,REXR-PC,8400000000.0,CY2025Q2I
1639300,OLLI,8400000000.0,CY2025Q2I
1212545,WAL-PA,8360000000.0,CY2025Q2I
1334933,UEC,8300000000.0,CY2025Q4I
1289419,MORN,8300000000.0,CY2025Q2I
1795586,CHYM,8300000000.0,CY2025Q2I
1423902,WES,8300000000.0,CY2025Q2I
707179,ONBPP,8296882698.0,CY2025Q2I
1433195,APPF,8256000000.0,CY2025Q2I
1015328,WTFCN,8232734235.0,CY2025Q2I
1611052,PCOR,8209500000.0,CY2025Q2I
34903,FRT-PC,8200000000.0,CY2025Q2I
39263,CFR-PB,8200000000.0,CY2025Q2I
1124198,FLR,8200000000.0,CY2025Q2I
1169561,CVLT,8200000000.0,CY2025Q3I
1507079,FND,8200000000.0,CY2025Q2I
96223,JEF,8180207998.0,CY2025Q2I
2000178,LOAR,8100000000.0,CY2025Q2I
1214816,AXS-PE,8100000000.0,CY2025Q2I
1002638,OTEX,8100000000.0,CY2025Q4I
751364,NNN,8061407000.0,CY2025Q2I
1679273,LW,8000000000.0,CY2025Q4I
1474735,GNRC,8000000000.0,CY2025Q2I
1766502,CHWY,8000000000.0,CY2025Q2I
24545,TAP-A,8000000000.0,CY2025Q2I
1581068,BRX,7910967832.0,CY2025Q2I
1411207,ALSN,7896000000.0,CY2025Q2I
1604778,QRVO,7873633809.0,CY2025Q3I
1573516,MUSA,7848130000.0,CY2025Q2I
22356,CBSH,7759000000.0,CY2025Q2I
918646,EXP,7700000000.0,CY2025Q3I
275880,PSN,7700000000.0,CY2025Q2I
1915657,DINO,7700000000.0,CY2025Q2I
88205,SPXC,7649879906.0,CY2025Q2I
1398659,G,7632233960.0,CY2025Q2I
1877322,ESAB,7614000000.0,CY2025Q2I
831641,TTEK,7600000000.0,CY2025Q1I
1675149,AA,7600000000.0,CY2025Q2I
1031308,BSY,7600000000.0,CY2025Q2I
67215,DY,7581619164.0,CY2025Q2I
101382,UMBFO,7565682253.0,CY2025Q2I
1616862,AXTA,7550000000.0,CY2025Q2I
109380,ZIONP,7521166801.0,CY2025Q2I
2042694,PRMB,7515300000.0,CY2025Q2I
763901,BPOPM,7500000000.0,CY2025Q2I
874761,AES,7490000000.0,CY2025Q2I
892553,GTLS,7485849790.0,CY2025Q2I
891103,MTCH,7426689174.0,CY2025Q2I
908937,SIRI,7407294638.0,CY2025Q2I
6201,AAL,7400000000.0,CY2025Q2I
1528396,GWRE,7400000000.0,CY2025Q4I
915913,ALB-PA,7400000000.0,CY2025Q2I
67347,MOD,7390000000.0,CY2025Q3I
1655888,OBDC,7328431719.0,CY2025Q2I
1100682,CRL,7322905711.0,CY2025Q2I
1278021,MKTX,7300000000.0,CY2025Q4I
1743881,BBIO,7300000000.0,CY2025Q2I
1177702,SAIA,7298010244.0,CY2025Q2I
775158,OSK,7276796085.0,CY2025Q2I
1177609,FIVE,7261931467.0,CY2025Q2I
911177,CWST,7200000000.0,CY2025Q2I
908255,BWA,7200000000.0,CY2025Q2I
9092,BMI,7180000000.0,CY2025Q2I
1880661,TPGXL,7161600000.0,CY2025Q2I
2007855,VG,7100000000.0,CY2025Q2I
1437578,BFAM,7100000000.0,CY2025Q2I
108312,WWD,7090000000.0,CY2025Q1I
1492691,KNX,7075782710.0,CY2025Q2I
884614,UGI,7075625221.0,CY2025Q1I
19584,CHE,7010301507.0,CY2025Q2I
70145,NFG,7009145000.0,CY2025Q1I
1849056,OKLO,7000000000.0,CY2025Q2I
1739104,ELAN,7000000000.0,CY2025Q2I
1668397,MEDP,7000000000.0,CY2025Q2I
1428336,HQY,7000000000.0,CY2025Q2I
737758,TTC,7000000000.0,CY2025Q1I
7431,AWI,7000000000.0,CY2025Q2I
1736035,BXSL,6968000000.0,CY2025Q2I
1747777,OTF,6964994518.0,CY2025Q2I
1144879,APLD,6900000000.0,CY2025Q4I
1579091,CART,6900000000.0,CY2025Q2I
1297989,EXLS,6886850585.0,CY2025Q2I
769520,MIDDV,6873088716.0,CY2025Q2I
899689,VNO-PO,6833930000.0,CY2025Q2I
874238,STRL,6830000000.0,CY2025Q2I
1032033,SLMBP,6800000000.0,CY2025Q2I
1867072,KD,6800000000.0,CY2025Q3I
1535929,VOYA-PB,6800000000.0,CY2025Q2I
1479094,STAG,6764000000.0,CY2025Q2I
1584207,OMF,6754235520.0,CY2025Q2I
1048477,BMRN,6700000000.0,CY2025Q2I
1628171,RVMDW,6700000000.0,CY2025Q2I
795403,WTS,6695455530.0,CY2025Q2I
20212,CHDN,6693961648.0,CY2025Q2I
1049502,MKSI,6672873031.0,CY2025Q2I
1591698,PCTY,6600000000.0,CY2025Q4I
1237831,GMED,6600000000.0,CY2025Q2I
59558,LNC-PD,6600000000.0,CY2025Q2I
1841666,APA,6561964169.0,CY2025Q2I
7536,ARW,6525264346.0,CY2025Q2I
703351,EAT,6521752786.0,CY2025Q4I
1824502,ACHR-WT,6500000000.0,CY2025Q2I
66570,MNESP,6500000000.0,CY2025Q2I
1069258,KTOS,6500000000.0,CY2025Q2I
317540,COKE,6464713553.0,CY2025Q2I
920371,SSD,6463559567.0,CY2025Q2I
102729,VMI,6424049320.0,CY2025Q2I
1068851,PB,6410000000.0,CY2025Q2I
880266,AGCO,6400000000.0,CY2025Q2I
1623925,AM,6400000000.0,CY2025Q2I
1794669,FOUR-PA,6400000000.0,CY2025Q2I
1465128,STWD,6400000000.0,CY2025Q2I
1653482,GTLB,6367400000.0,CY2025Q2I
921825,FR,6345600000.0,CY2025Q2I
750004,LNWO,6338303809.0,CY2025Q2I
63276,MAT,6314108780.0,CY2025Q2I
277509,FSS,6305527709.0,CY2025Q2I
1759509,LYFT,6300000000.0,CY2025Q2I
876437,MTG,6300000000.0,CY2025Q2I
85961,R,6300000000.0,CY2025Q2I
1728951,EPRT,6300000000.0,CY2025Q2I
56047,KEX,6300000000.0,CY2025Q2I
1866368,CWAN,6253649261.0,CY2025Q2I
1232524,JAZZ,6250820994.0,CY2025Q2I
1057877,IDA,6209260280.0,CY2025Q2I
1408075,GPK,6200000000.0,CY2025Q2I
1576280,GH,6200000000.0,CY2025Q2I
1433660,JBTM,6184278020.0,CY2025Q2I
1519751,FBIN,6137574374.0,CY2025Q2I
1722684,WH,6120000000.0,CY2025Q2I
1088856,CORT,6107076423.0,CY2025Q2I
1357615,KBR,6100000000.0,CY2025Q2I
1590717,CTRE,6100000000.0,CY2025Q2I
1274173,JHG,6067332650.0,CY2025Q2I
1472787,FAF,6056068344.0,CY2025Q2I
1306830,CE,6048316998.0,CY2025Q2I
944695,THG,6046846082.0,CY2025Q2I
1638826,TTAN,6046600000.0,CY2025Q2I
1040829,RHP,6029634108.0,CY2025Q2I
1439288,ZWS,6000000000.0,CY2025Q2I
730272,RGEN,6000000000.0,CY2025Q2I
1556593,RITM-PE,6000000000.0,CY2025Q2I
1632970,AHR,5992308000.0,CY2025Q2I
1562476,TMHC,5972996298.0,CY2025Q2I
916540,DAR,5963190000.0,CY2025Q2I
1125376,ENSG,5958688000.0,CY2025Q2I
780571,ITRI,5942208893.0,CY2025Q2I
1108426,TXNM,5934944097.0,CY2025Q2I
1192448,GKOS,5913000000.0,CY2025Q2I
38777,BEN,5900000000.0,CY2025Q1I
60519,LPX,5897870878.0,CY2025Q2I
1410384,QTWO,5827609522.0,CY2025Q2I
701985,BBWI,5800000000.0,CY2025Q2I
1422183,FSK,5800000000.0,CY2025Q2I
1552275,SUN,5800000000.0,CY2025Q2I
789570,MGM,5800000000.0,CY2025Q2I
1069878,TREX,5800000000.0,CY2025Q2I
1718512,GTES,5792400000.0,CY2025Q2I
1530950,POST,5759346648.0,CY2025Q1I
1405495,IDCC,5717601306.0,CY2025Q2I
1828108,AUROW,5712000000.0,CY2025Q2I
1507605,MARA,5700000000.0,CY2025Q2I
1493594,MTSI,5700000000.0,CY2025Q1I
766421,ALK,5700000000.0,CY2025Q2I
849869,SLGN,5700000000.0,CY2025Q2I
914208,IVZ,5700000000.0,CY2025Q2I
1476150,TRNO,5685616027.0,CY2025Q2I
1819848,JOBY-WT,5630000000.0,CY2025Q2I
1468174,H,5626000000.0,CY2025Q2I
730263,THO,5612000000.0,CY2025Q4I
215466,CDE,5605534558.0,CY2025Q2I
1157601,MDGL,5600000000.0,CY2025Q2I
350698,AN,5600000000.0,CY2025Q2I
1590895,CZR,5600000000.0,CY2025Q2I
889331,LFUS,5591411587.0,CY2025Q2I
1361113,VRNS,5560000000.0,CY2025Q2I
1486159,CHRD,5544699884.0,CY2025Q2I
1360604,HR,5534691368.0,CY2025Q2I
1520006,MTDR,5506467014.0,CY2025Q2I
912767,UFPI,5506165241.0,CY2025Q2I
22444,CMC,5500000000.0,CY2025Q1I
1031203,GPI,5500000000.0,CY2025Q2I
1852244,GXO,5500000000.0,CY2025Q2I
84246,RLI,5490497507.0,CY2025Q2I
12659,HRB,5481026737.0,CY2025Q4I
30625,FLS,5471227019.0,CY2025Q2I
1433642,HLNE,5470900000.0,CY2025Q3I
1004434,MGRB,5442489568.0,CY2025Q2I
1647639,UPST,5437795847.0,CY2025Q2I
106640,WHR-PA,5409388540.0,CY2025Q2I
40211,GATX,5400000000.0,CY2025Q2I
1786842,VNT,5400000000.0,CY2025Q2I
856982,MMSI,5400000000.0,CY2025Q2I
1026214,FREJP,5400000000.0,CY2025Q2I
1448893,ESNT,5389787812.0,CY2025Q2I
851968,MHK,5376388614.0,CY2025Q2I
16732,CPB,5375793679.0,CY2025Q4I
67887,MOG-B,5360000000.0,CY2025Q1I
1692115,SWX,5354455918.0,CY2025Q2I
1822966,SMR,5300000000.0,CY2025Q2I
1650729,SITE,5285762414.0,CY2025Q2I
874015,IONS,5275488712.0,CY2025Q2I
1014739,OPCH,5271294634.0,CY2025Q2I
851205,CGNX,5267183673.0,CY2025Q2I
1818201,CCC,5261000000.0,CY2025Q2I
1331520,HOMB,5260000000.0,CY2025Q2I
230557,SIGIP,5226605951.0,CY2025Q2I
840489,FCFS,5217000000.0,CY2025Q2I
1434588,LOPE,5200000000.0,CY2025Q2I
1092699,SPSC,5200000000.0,CY2025Q2I
1600033,ELF,5200000000.0,CY2025Q3I
1616707,W,5200000000.0,CY2025Q2I
917273,RMBS,5200000000.0,CY2025Q2I
74208,UDR,5200000000.0,CY2025Q2I
1450923,SGOL,5197792000.0,CY2025Q2I
103379,VFC,5184000000.0,CY2025Q3I
37785,FMC,5177967529.0,CY2025Q2I
1620533,SHAK,5163677020.0,CY2025Q2I
9326,BCPC,5138000000.0,CY2025Q2I
1796022,STEP,5111500000.0,CY2025Q3I
1583708,S,5100000000.0,CY2025Q2I
917251,ADC-PA,5088774755.0,CY2025Q2I
1296445,ORA,5086197847.0,CY2025Q2I
868671,GBCI,5081362682.0,CY2025Q2I
1396440,MAIN,5078600000.0,CY2025Q2I
37808,FNB,5043012309.0,CY2025Q2I
1869699,ARKB,5034361000.0,CY2025Q2I
4457,UHAL-B,5028850534.0,CY2025Q3I
25232,CUZ,5011905168.0,CY2025Q2I
842162,LEA,5002133126.0,CY2025Q2I
772406,CRUS,5001900563.0,CY2025Q3I
1013857,PEGA,5000000000.0,CY2025Q2I
1789832,HESM,5000000000.0,CY2025Q2I
2074176,VNOM,5000000000.0,CY2025Q2I
1309108,WEX,5000000000.0,CY2025Q2I
1038074,SLAB,5000000000.0,CY2025Q2I
1571123,SAIC,5000000000.0,CY2025Q2I
1801368,MP,5000000000.0,CY2025Q2I
714310,VLYPN,5000000000.0,CY2025Q2I
729986,UBSI,4995534716.0,CY2025Q2I
824142,AAON,4993400000.0,CY2025Q2I
36029,FFIN,4960000000.0,CY2025Q2I
927003,AEIS,4950205433.0,CY2025Q2I
1907982,QBTS,4929610182.0,CY2025Q2I
1142417,NXST,4901766022.0,CY2025Q2I
750577,HWCPZ,4900000000.0,CY2025Q2I
1388658,IRTC,4900000000.0,CY2025Q2I
1636519,MSGS,4900000000.0,CY2025Q4I
1286043,KRG,4900000000.0,CY2025Q2I
1647088,WSC,4900000000.0,CY2025Q2I
1370637,ETSY,4900000000.0,CY2025Q2I
356309,NJR,4899102123.0,CY2025Q1I
1581760,LIFX,4840000000.0,CY2025Q2I
912615,URBN,4829187910.0,CY2026Q2I
890926,RDN,4826211704.0,CY2025Q2I
355811,GNTX,4813633848.0,CY2025Q2I
1835830,KVYO,4800000000.0,CY2025Q2I
1734722,PATH,4800000000.0,CY2025Q2I
1809987,MIR,4800000000.0,CY2025Q2I
1334036,CROX,4800000000.0,CY2025Q2I
1786352,BILL,4800000000.0,CY2025Q4I
853816,LSTR,4792022000.0,CY2025Q2I
1230245,PIPR,4780000000.0,CY2025Q2I
2015034,BTC,4746331139.0,CY2025Q2I
1451809,SITM,4729021877.0,CY2025Q2I
833079,MTH,4700000000.0,CY2025Q2I
1822993,JXN-PA,4700000000.0,CY2025Q2I
812011,MTN,4694414924.0,CY2025Q4I
1520262,ALKS,4657775005.0,CY2025Q2I
1144980,ABG,4650000000.0,CY2025Q2I
1955520,KNF,4626062431.0,CY2025Q2I
887936,FCN,4600000000.0,CY2025Q2I
1021860,NOV,4600000000.0,CY2025Q2I
1596967,MC,4580000000.0,CY2025Q2I
1282637,NEU,4530332981.0,CY2025Q2I
1901440,ULS,4518000000.0,CY2025Q2I
825313,AB,4500000000.0,CY2025Q2I
1568651,OSCR,4500000000.0,CY2025Q2I
1049521,MRCY,4500000000.0,CY2025Q4I
1159036,HALO,4500000000.0,CY2025Q2I
1372612,BXCAP,4500000000.0,CY2025Q2I
1319161,WMG,4500000000.0,CY2025Q1I
1311370,LAZ,4497454911.0,CY2025Q2I
717605,HXL,4492763527.0,CY2025Q2I
98362,TKR,4480810537.0,CY2025Q2I
776867,WTM,4475428063.0,CY2025Q2I
2025410,SARO,4465333414.0,CY2025Q2I
1045450,EPR-PG,4458055841.0,CY2025Q2I
784977,POR,4436840693.0,CY2025Q2I
1756262,TMDX,4427000000.0,CY2025Q2I
1126956,SRJN,4420436221.0,CY2025Q1I
1855509,VEEE,4415000000.0,CY2025Q2I
1800667,FROG,4400000000.0,CY2025Q2I
1674910,VVV,4400000000.0,CY2025Q1I
1579428,AXSM,4400000000.0,CY2025Q2I
18926,LUMN,4400000000.0,CY2025Q2I
1492298,SBRA,4400000000.0,CY2025Q2I
1476204,PECO,4400000000.0,CY2025Q2I
2011286,AMTM,4396836997.0,CY2025Q1I
2000638,ETHA,4395311558.0,CY2025Q2I
883948,AUB-PA,4392659315.0,CY2025Q2I
906553,BYD,4300000000.0,CY2025Q2I
1739445,ACA,4300000000.0,CY2025Q2I
1727263,FTDR,4300000000.0,CY2025Q2I
1477294,ST,4300000000.0,CY2025Q2I
1364479,HRI,4290000000.0,CY2025Q2I
91767,SON,4289986457.0,CY2025Q2I
1703056,ADT,4282000000.0,CY2025Q2I
1521036,LNTH,4274700000.0,CY2025Q2I
1389050,AROC,4265752484.0,CY2025Q2I
1114483,ITGR,4261000000.0,CY2025Q2I
1763415,BITB,4255977600.0,CY2025Q2I
1109354,BRKRP,4251097535.0,CY2025Q2I
1839341,CORZR,4250000000.0,CY2025Q2I
1368514,ADMA,4229956395.0,CY2025Q2I
1466085,IRT,4214951514.0,CY2025Q2I
351569,ABCB,4210000000.0,CY2025Q2I
1587732,OGS,4200000000.0,CY2025Q2I
912093,VIAV,4200000000.0,CY2025Q4I
1361538,PRIM,4200000000.0,CY2025Q2I
1018840,ANF,4185511161.0,CY2025Q2I
793733,SKYW,4156927217.0,CY2025Q2I
1289308,ENS,4153025193.0,CY2025Q3I
315709,IBOC,4136750000.0,CY2025Q2I
1580905,IBP,4123968168.0,CY2025Q2I
310142,SXT,4117864471.0,CY2025Q2I
790526,RDNT,4100000000.0,CY2025Q2I
912242,MAC,4100000000.0,CY2025Q2I
1698990,MGY,4100000000.0,CY2025Q2I
861459,GVA,4100000000.0,CY2025Q2I
860748,KMPB,4100000000.0,CY2025Q2I
1660280,TENB,4100000000.0,CY2025Q2I
1455863,COLD,4100000000.0,CY2025Q2I
1674416,CRSP,4100000000.0,CY2025Q2I
866706,ESE,4095000000.0,CY2025Q3I
1130464,BKH,4057141834.0,CY2025Q2I
1025996,KRC,4045451305.0,CY2025Q2I
315213,RHI,4039828938.0,CY2025Q2I
1761312,PLMR,4034049965.0,CY2025Q2I
1039065,OSIS,4020393452.0,CY2025Q4I
1682745,VRRM,4018079851.0,CY2025Q2I
1624794,CSW,4012300000.0,CY2025Q3I
1164863,NPO,4008276843.0,CY2025Q2I
88941,SMTC,4000000000.0,CY2025Q2I
39911,GAP,4000000000.0,CY2025Q2I
7789,ASB-PF,3998795954.0,CY2025Q2I
1273813,AGO,3975235987.0,CY2025Q2I
8858,AVT,3961019216.0,CY2025Q4I
1350593,MWA,3951500000.0,CY2025Q1I
1430723,SFBS,3949440122.0,CY2025Q2I
38725,FELE,3941700813.0,CY2025Q2I
719413,HL-PB,3940331126.0,CY2025Q2I
1590714,ESI,3940000000.0,CY2025Q2I
1610250,BOOT,3935000000.0,CY2025Q3I
1476765,GBDC,3923000000.0,CY2025Q1I
1029199,EEFT,3900000000.0,CY2025Q2I
1664703,BE,3900000000.0,CY2025Q2I
1626115,PJT,3900000000.0,CY2025Q2I
1040971,SLG-PI,3900000000.0,CY2025Q2I
797721,VSAT,3893760718.0,CY2025Q3I
932696,NSIT,3881353490.0,CY2025Q2I
2019410,CAI,3870000000.0,CY2025Q2I
944148,CBZ,3830600000.0,CY2025Q2I
16160,CALM,3825418582.0,CY2025Q4I
1838359,RGTIW,3820000000.0,CY2025Q2I
1609253,CRC,3803313982.0,CY2025Q2I
1032220,MMS,3801184315.0,CY2025Q1I
1609550,INSP,3801161459.0,CY2025Q2I
1649904,RYTM,3800000000.0,CY2025Q2I
1704292,ZLAB,3800000000.0,CY2025Q2I
1869198,LTH,3795100000.0,CY2025Q2I
2017206,MRP,3786226188.0,CY2025Q2I
1094831,BGC,3770519808.0,CY2025Q2I
1415404,SATS,3741000000.0,CY2025Q2I
1107843,QLYS,3714000000.0,CY2025Q2I
78890,BCO,3704193507.0,CY2025Q2I
866291,ALGM,3703521114.0,CY2025Q3I
1581990,PAGP,3700000000.0,CY2025Q2I
1649094,PCVX,3700000000.0,CY2025Q2I
764065,CLF,3695647401.0,CY2025Q2I
1003078,MSM,3664801326.0,CY2025Q1I
886346,KAI,3652564000.0,CY2025Q2I
1585364,PRGO,3650573391.0,CY2025Q2I
746598,BRC,3638047763.0,CY2025Q4I
1781755,BWIN,3632545757.0,CY2025Q2I
887343,COLB,3631178288.0,CY2025Q2I
1760965,KTB,3610000000.0,CY2025Q2I
1674168,HGV,3607000000.0,CY2025Q2I
857855,UCB,3601588221.0,CY2025Q2I
1224608,CNO-PA,3600000000.0,CY2025Q2I
1861560,NUVL,3600000000.0,CY2025Q2I
1859392,GLXY,3600000000.0,CY2025Q2I
1070412,CNX,3582679149.0,CY2025Q2I
1840856,SOUNW,3580200000.0,CY2025Q2I
1077428,TCBIO,3569474000.0,CY2025Q2I
1012019,RUSHB,3565130872.0,CY2025Q2I
46250,HWKN,3549600000.0,CY2025Q3I
1592386,VIRT,3542700000.0,CY2025Q2I
1710366,CNR,3514239816.0,CY2025Q2I
795266,KBH,3510028491.0,CY2025Q2I
1833756,DRS,3508000000.0,CY2025Q2I
1445305,WK,3500000000.0,CY2025Q2I
1570827,VCTR,3500000000.0,CY2025Q2I
1711279,KRYS,3500000000.0,CY2025Q2I
730464,CVSA,3488231961.0,CY2025Q4I
3453,MATX,3466200557.0,CY2025Q2I
28917,DDT,3465020033.0,CY2025Q2I
1046311,CHH,3445513422.0,CY2025Q2I
855658,LSCC,3426088902.0,CY2025Q2I
1299709,AX,3416606130.0,CY2025Q4I
78239,PVH,3410569350.0,CY2025Q2I
52827,RYN,3410088408.0,CY2025Q2I
1385280,CNK,3400000000.0,CY2025Q2I
1515673,RARE,3400000000.0,CY2025Q2I
1895262,NE-WT,3400000000.0,CY2025Q2I
785786,PLXS,3400000000.0,CY2025Q1I
67716,MDU,3394621007.0,CY2025Q2I
1718227,ROAD,3385566578.0,CY2025Q1I
899715,SKT,3378785572.0,CY2025Q2I
715072,RNST,3347830064.0,CY2025Q2I
8947,AZZ,3332353625.0,CY2025Q3I
935036,ACIW,3310154477.0,CY2025Q2I
794367,M,3307905601.0,CY2025Q2I
1361658,TNL,3302014433.0,CY2025Q2I
921082,HIW,3300000000.0,CY2025Q2I
1611647,FRPT,3300000000.0,CY2025Q2I
1740332,REZI,3300000000.0,CY2025Q2I
1056288,FHI,3300000000.0,CY2025Q2I
1561894,HASI,3300000000.0,CY2025Q2I
923796,GEO,3300000000.0,CY2025Q2I
1280784,HCXY,3260000000.0,CY2025Q2I
1777921,AVPT,3259757209.7,CY2025Q2I
1666134,BL,3239000000.0,CY2025Q2I
1057706,FBP,3238291527.0,CY2025Q2I
1128928,FLO,3234078278.0,CY2025Q2I
924805,FRHC,3228266994.0,CY2025Q3I
883984,ICUI,3225011330.0,CY2025Q2I
1750,AIR,3224000000.0,CY2025Q4I
1161728,MGEE,3223355207.0,CY2025Q2I
1817358,ASO,3200000000.0,CY2025Q2I
1782170,RELY,3200000000.0,CY2025Q2I
1588978,PRCT,3200000000.0,CY2025Q2I
1851003,ZETA,3200000000.0,CY2025Q2I
700564,FULTP,3200000000.0,CY2025Q2I
1065059,LEU,3200000000.0,CY2025Q2I
1061630,BXMT,3200000000.0,CY2025Q2I
1328581,BCC,3200000000.0,CY2025Q2I
910073,FLG-PU,3200000000.0,CY2025Q2I
105132,WDFC,3191726331.0,CY2025Q1I
57515,MZTI,3184500000.0,CY2025Q4I
717954,UNF,3167000083.0,CY2025Q1I
1662991,SEZL,3165900000.0,CY2025Q2I
1563190,COMP,3159363419.0,CY2025Q2I
818479,XRAY,3158220816.0,CY2025Q2I
1993004,NWE,3149159359.0,CY2025Q2I
1466593,OTTR,3126792910.0,CY2025Q2I
1276520,GNW,3100000000.0,CY2025Q2I
874499,GPOR,3100000000.0,CY2025Q2I
36377,FHB,3100000000.0,CY2025Q2I
1868159,LINE,3100000000.0,CY2025Q2I
1467623,DBX,3097800000.0,CY2025Q2I
1019849,PAG,3088386118.0,CY2025Q2I
1544522,FRSH,3080000000.0,CY2025Q2I
104918,AVA,3078099757.0,CY2025Q2I
1999001,FUN,3069333387.0,CY2025Q2I
828944,WSFS,3065102095.0,CY2025Q2I
1528849,RH,3061262360.0,CY2025Q2I
104889,GHC,3061000000.0,CY2025Q2I
50725,GFF,3060000000.0,CY2025Q1I
832988,SIG,3054140516.0,CY2025Q2I
1841408,DAVEW,3052000000.0,CY2025Q2I
2041385,RAL,3050000000.0,CY2026Q1I
1759124,IAUM,3040345000.0,CY2025Q2I
39368,FUL,3003336830.0,CY2025Q2I
861842,CATY,3002701770.0,CY2025Q2I
1308547,DLB,3000000000.0,CY2025Q1I
1424182,BNL,3000000000.0,CY2025Q2I
42582,GT,3000000000.0,CY2025Q2I
1685040,BHFAP,3000000000.0,CY2025Q2I
1570585,LBTYK,3000000000.0,CY2025Q2I
1122976,AVNT,3000000000.0,CY2025Q2I
1811414,QS,3000000000.0,CY2025Q2I
851520,EXPO,3000000000.0,CY2025Q2I
1463101,ENPH,3000000000.0,CY2025Q2I
1699136,WHD,3000000000.0,CY2025Q2I
1921963,ATMU,2992200000.0,CY2025Q2I
771497,ABM,2989420395.0,CY2025Q1I
97216,TEX,2988000000.0,CY2025Q2I
912766,LAUR,2986000000.0,CY2025Q2I
723188,CBU,2983297493.0,CY2025Q2I
1607678,VKTX,2976737289.0,CY2025Q2I
1295947,PBH,2970200000.0,CY2025Q3I
278166,CVCO,2963526058.0,CY2025Q3I
1803599,CNXC,2948926137.0,CY2025Q2I
203596,WSBCO,2942930253.0,CY2025Q2I
56679,KFY,2929744000.0,CY2025Q3I
1834622,HAYW,2929389201.0,CY2025Q2I
1056903,AWR,2924564166.0,CY2025Q2I
887596,CAKE,2906437670.0,CY2025Q2I
1794515,GTM,2900000000.0,CY2025Q2I
799292,MHO,2900000000.0,CY2025Q2I
76605,PATK,2900000000.0,CY2025Q2I
1377121,PTGX,2900000000.0,CY2025Q2I
1114995,PI,2900000000.0,CY2025Q2I
1849635,DJTWW,2900000000.0,CY2025Q2I
877860,NHI,2900000000.0,CY2025Q2I
1810546,EBC,2884333931.0,CY2025Q2I
1745916,PFSI,2883314266.0,CY2025Q2I
1691421,LMND,2880712049.0,CY2025Q2I
885550,CACC,2842500000.0,CY2025Q2I
1714174,BUR,2839948646.0,CY2025Q2I
1725210,ETHE,2839935512.0,CY2025Q2I
913760,SNEX,2838700000.0,CY2025Q1I
723612,CAR,2832437145.0,CY2025Q2I
100591,AGX,2828180674.0,CY2025Q2I
793952,HOG,2822510184.0,CY2025Q2I
19745,CPK,2800000000.0,CY2025Q2I
913142,BDC,2797374091.0,CY2025Q2I
1086600,ARLP,2791674155.0,CY2025Q2I
1567683,CWEN,2789000000.0,CY2025Q2I
708821,PAR,2784987956.0,CY2025Q2I
1650132,FCPT,2719182574.0,CY2025Q2I
1800227,IAC,2712201206.0,CY2025Q2I
1547903,NMIH,2710628478.0,CY2025Q2I
1809104,ALIT,2703242376.0,CY2025Q2I
1674862,ASH,2700000000.0,CY2025Q1I
1579877,OUT,2700000000.0,CY2025Q2I
1603923,WFRD,2700000000.0,CY2025Q2I
1365135,WU,2700000000.0,CY2025Q2I
1104485,NOG,2700000000.0,CY2025Q2I
1676238,BRZE,2700000000.0,CY2025Q2I
1101215,BFH-PB,2700000000.0,CY2025Q2I
1811210,LCID,2700000000.0,CY2025Q2I
1637873,ACVA,2700000000.0,CY2025Q2I
1658247,CRNX,2700000000.0,CY2025Q2I
310354,SXI,2681246305.0,CY2025Q4I
1726978,GSHD,2662284768.0,CY2025Q2I
776901,INDB,2657263240.0,CY2025Q2I
1504008,BKU,2643515369.0,CY2025Q2I
1418819,IRDM,2643200000.0,CY2025Q2I
46195,BOH-PB,2641853015.0,CY2025Q2I
25445,CXT,2639200410.0,CY2025Q2I
760498,BANFP,2638485942.0,CY2025Q2I
805676,PRK,2626149253.0,CY2025Q2I
876167,PRGS,2605000000.0,CY2025Q2I
1395942,OPLN,2602669761.0,CY2025Q2I
102752,VSECU,2600000000.0,CY2025Q2I
1638833,SGRY,2600000000.0,CY2025Q2I
46765,HP,2600000000.0,CY2025Q1I
2040127,KRMN,2600000000.0,CY2025Q2I
1929561,RXO,2600000000.0,CY2025Q2I
1653653,RRR,2600000000.0,CY2025Q2I
1727196,SRRK,2600000000.0,CY2025Q2I
860413,FIBK,2600000000.0,CY2025Q2I
1287865,MPT,2600000000.0,CY2025Q2I
860546,CDP,2600000000.0,CY2025Q2I
880807,AMSC,2581300000.0,CY2025Q3I
1856314,YOU,2576287610.0,CY2025Q2I
1418121,APLE,2568813396.0,CY2025Q2I
921638,SSRGF,2566832789.0,CY2025Q2I
354647,CVBF,2560000000.0,CY2025Q2I
1806837,VERX,2551796149.0,CY2025Q2I
1758009,QUBT,2545765591.0,CY2025Q2I
1295401,TBBK,2520000000.0,CY2025Q2I
2015845,ECG,2520000000.0,CY2025Q2I
1369568,CPRX,2514112459.0,CY2025Q2I
1639825,PTON,2500000000.0,CY2025Q4I
1691303,HCC,2500000000.0,CY2025Q2I
1565687,INTA,2500000000.0,CY2025Q4I
921738,PENN,2500000000.0,CY2025Q2I
1821825,OGN,2500000000.0,CY2025Q2I
1836981,BBAI-WT,2500000000.0,CY2025Q2I
1111335,VC,2500000000.0,CY2025Q2I
1262823,WLK,2500000000.0,CY2025Q2I
1001316,TGTX,2500000000.0,CY2025Q2I
875357,BOKF,2500000000.0,CY2025Q2I
1061983,CYTK,2500000000.0,CY2025Q2I
314808,VAL-WT,2500000000.0,CY2025Q2I
1611547,UE,2500000000.0,CY2025Q2I
1757073,NVST,2500000000.0,CY2025Q2I
1639691,LIVN,2500000000.0,CY2025Q2I
1958140,BATRB,2500000000.0,CY2025Q2I
1534504,PBF,2500000000.0,CY2025Q2I
6955,EPAC,2490000000.0,CY2025Q1I
1599298,SMMT,2483800000.0,CY2025Q2I
899629,AKR,2432870000.0,CY2025Q2I
1364250,DEI,2420000000.0,CY2025Q2I
825542,SMG,2415372479.0,CY2025Q1I
1582313,XENE,2404900000.0,CY2025Q2I
730708,SBCF,2400000000.0,CY2025Q2I
1618563,NSA-PB,2400000000.0,CY2025Q2I
29002,DIOD,2400000000.0,CY2025Q2I
1529274,ALKT,2400000000.0,CY2025Q2I
1047127,AMKR,2391000000.0,CY2025Q2I
822663,IPAR,2384600367.0,CY2025Q2I
700923,MYRG,2380000000.0,CY2025Q2I
910108,LXP-PC,2378500000.0,CY2025Q2I
717423,MUR,2375149725.0,CY2025Q2I
2014596,CON,2365492630.0,CY2025Q2I
1688568,DXC,2363606269.0,CY2025Q3I
90498,SFNC,2349194653.0,CY2025Q2I
1865782,BTSGU,2349000000.0,CY2025Q2I
1511737,UI,2340584731.0,CY2025Q4I
1451505,RIG,2340000000.0,CY2025Q2I
1041803,PSMT,2338529913.0,CY2025Q1I
868780,DORM,2330749619.0,CY2025Q2I
78749,AGYS,2328842858.0,CY2025Q3I
1289848,HURN,2326000000.0,CY2025Q2I
1581280,TWST,2320000000.0,CY2025Q1I
1530721,CPRI,2308538495.0,CY2025Q3I
833640,POWI,2300000000.0,CY2025Q2I
1070235,BB,2300000000.0,CY2025Q3I
889900,PTEN,2300000000.0,CY2025Q2I
1759425,MIRM,2300000000.0,CY2025Q2I
1070494,ACAD,2300000000.0,CY2025Q2I
1384905,RNG,2300000000.0,CY2025Q2I
897723,SANM,2300000000.0,CY2025Q1I
1498547,CMRF,2300000000.0,CY2025Q2I
1522540,MQ,2300000000.0,CY2025Q2I
96943,TFX,2297660795.0,CY2025Q2I
708955,FFBC,2296993000.0,CY2025Q2I
74303,OLN,2296919833.0,CY2025Q2I
1815442,KYMR,2294800000.0,CY2025Q4I
1559865,EVTC,2293153226.0,CY2025Q2I
931015,PII,2285523000.0,CY2025Q2I
1621434,BSM,2277701287.0,CY2025Q2I
936528,WAFDP,2276388597.0,CY2025Q1I
1517175,CHEF,2256669269.0,CY2025Q2I
897077,ALG,2245513970.0,CY2025Q2I
26780,DAN,2237467839.0,CY2025Q2I
835324,SYBT,2232422008.0,CY2025Q2I
313143,HAE,2226588933.0,CY2025Q3I
874866,CRVL,2224229000.0,CY2025Q3I
1070985,CXW,2216804746.0,CY2025Q2I
1020859,UNFI,2209000000.0,CY2025Q4I
1383650,CQP,2200000000.0,CY2025Q2I
23194,CRK,2200000000.0,CY2025Q2I
712534,FRMEP,2200000000.0,CY2025Q2I
1280263,AMBA,2200000000.0,CY2025Q2I
937098,TNET,2200000000.0,CY2025Q2I
2027317,CURB,2200000000.0,CY2025Q2I
814453,NWL,2200000000.0,CY2025Q2I
1632790,ENR,2200000000.0,CY2025Q1I
1981792,HHH,2200000000.0,CY2025Q2I
1158324,CCOI,2200000000.0,CY2025Q2I
946673,BANR,2183779995.0,CY2025Q2I
1524358,VAC,2180020753.0,CY2025Q2I
1113232,ACLS,2179725003.0,CY2025Q2I
1504776,WRBY,2174041230.0,CY2025Q2I
99780,TRN,2167600000.0,CY2025Q2I
1519449,SKWD,2165161643.0,CY2025Q2I
1508655,TSLX,2158484033.0,CY2025Q2I
1178970,PFS,2130000000.0,CY2025Q2I
790359,NBTB,2120430098.0,CY2025Q2I
1990354,WAY,2106581546.0,CY2025Q2I
1805284,RKT,2105643644.0,CY2025Q2I
1406666,CALX,2101000000.0,CY2025Q2I
1628369,CWK,2100000000.0,CY2025Q2I
890564,EFOR,2100000000.0,CY2025Q2I
887359,VCEL,2100000000.0,CY2025Q2I
1520697,ACHC,2100000000.0,CY2025Q2I
1902733,NCNO,2100000000.0,CY2025Q2I
819793,AIN,2100000000.0,CY2025Q2I
1167419,RIOT,2100000000.0,CY2025Q2I
1307748,IVT,2100000000.0,CY2025Q2I
98222,TDGMW,2100000000.0,CY2025Q2I
1952073,MSGE,2100000000.0,CY2025Q4I
1000753,NSP,2100000000.0,CY2025Q2I
816761,TDC,2100000000.0,CY2025Q2I
1576018,SPNT,2100000000.0,CY2025Q2I
1284812,CNS,2100000000.0,CY2025Q2I
1974138,NATL,2080000000.0,CY2025Q2I
77543,TPC,2072338656.0,CY2025Q2I
1468328,ADUS,2065724000.0,CY2025Q4I
1832466,ALHC,2060116814.0,CY2025Q2I
1758488,OSW,2058444047.0,CY2025Q2I
1595974,MGNI,2045628555.0,CY2025Q2I
1819928,DV,2040086166.0,CY2025Q2I
1601830,RXRX,2030000000.0,CY2025Q2I
1788060,VOYG,2030000000.0,CY2025Q2I
817720,SYNA,2029344033.0,CY2025Q4I
1845815,PAYO,2019068359.0,CY2025Q2I
1670592,YETI,2016715281.0,CY2025Q2I
1856485,SLVM,2008755141.0,CY2025Q2I
1617406,PK,2005000000.0,CY2025Q2I
885590,BHC,2004729038.0,CY2025Q2I
893538,SM,2003565230.0,CY2025Q2I
1025835,EFSCP,2003558653.0,CY2025Q2I
1585389,SMA,2000553000.0,CY2025Q2I
1672013,GOLF,2000000000.0,CY2025Q2I
2065601,CBC,2000000000.0,CY2025Q4I
73756,OII,2000000000.0,CY2025Q2I
1013934,STRA,2000000000.0,CY2025Q2I
78814,PBI-PB,2000000000.0,CY2025Q2I
1450922,SIVR,1988898000.0,CY2025Q2I
103730,VSH,1984000000.0,CY2025Q2I
1253986,ABR-PF,1980000000.0,CY2025Q2I
1157408,LRN,1974309000.0,CY2025Q4I
1534675,TGLS,1972055163.0,CY2025Q2I
1258602,NNI,1970647108.0,CY2025Q2I
1692787,KNTK,1970000000.0,CY2025Q2I
785956,JJSF,1968027965.0,CY2025Q1I
314489,BUSEP,1950000000.0,CY2025Q2I
1906324,QDEL,1940523408.0,CY2025Q2I
1373670,GRBK-PA,1919559894.0,CY2025Q2I
1030469,OFG,1915000000.0,CY2025Q2I
1439222,AGIO,1914339201.0,CY2025Q2I
1420800,ENOV,1910000000.0,CY2025Q2I
1526520,TRIP,1903322909.0,CY2025Q2I
845877,AGM-PI,1901912280.0,CY2025Q2I
1679688,DBRG-PJ,1900000000.0,CY2025Q2I
1666138,ATKR,1900000000.0,CY2025Q1I
1169770,BANC-PF,1900000000.0,CY2025Q2I
1767042,KGS,1900000000.0,CY2025Q2I
1158449,AAP,1900000000.0,CY2025Q2I
1699031,GRAL,1900000000.0,CY2025Q2I
1551306,PGNY,1900000000.0,CY2025Q2I
1522727,USAC,1900000000.0,CY2025Q2I
1830033,PCTTW,1900000000.0,CY2025Q2I
871763,MAN,1870022393.0,CY2025Q2I
882796,BCRX,1863392680.0,CY2025Q2I
802481,PPC,1860373070.0,CY2025Q2I
1459200,ALRM,1858300000.0,CY2025Q2I
1022321,GEL,1855000000.0,CY2025Q2I
1880319,PRM,1854719564.0,CY2025Q2I
1022408,PLUS,1849899831.0,CY2025Q3I
30697,WEN,1841400000.0,CY2025Q2I
1910139,MBLY,1840000000.0,CY2025Q2I
354707,HE,1834863997.0,CY2025Q2I
1625297,INDV,1830000000.0,CY2025Q2I
94845,LEVI,1823793396.0,CY2025Q2I
914156,UFPT,1814993392.0,CY2025Q2I
1111928,IPGP,1800000000.0,CY2025Q2I
1676725,IDYA,1800000000.0,CY2025Q2I
94344,STC,1800000000.0,CY2025Q2I
766829,HTO,1800000000.0,CY2025Q2I
1563411,CSTM,1800000000.0,CY2025Q2I
1679049,INSW,1800000000.0,CY2025Q2I
1690680,NMRK,1800000000.0,CY2025Q2I
745308,JOE,1800000000.0,CY2025Q2I
1469367,RUN,1800000000.0,CY2025Q2I
1694028,LBRT,1800000000.0,CY2025Q2I
1078075,NTCT,1798552586.0,CY2025Q3I
1819989,CIFR,1796700000.0,CY2025Q2I
811589,FBNC,1795079000.0,CY2025Q2I
64996,MCY,1789234305.0,CY2025Q2I
1517228,VISN,1781600000.0,CY2025Q2I
1046568,PRDO,1775000000.0,CY2025Q2I
1974640,APGE,1757900000.0,CY2025Q2I
56978,KLIC,1753200000.0,CY2025Q1I
1546652,OUNZ,1752291265.9,CY2025Q2I
108516,WOR,1751131672.0,CY2025Q4I
1759655,PRVA,1750000000.0,CY2025Q2I
1964789,HUT,1747264000.0,CY2025Q4I
1494259,CARG,1739144042.0,CY2025Q2I
923120,GBX,1735793000.0,CY2025Q1I
894405,ARCB,1730288228.0,CY2025Q2I
1830081,RUMBW,1725500000.0,CY2025Q2I
1822479,SHC,1714111104.0,CY2025Q2I
1488813,CUBB,1714105685.0,CY2025Q2I
913241,SHOO,1713156667.0,CY2025Q2I
1280058,BLKB,1709331328.0,CY2025Q2I
1865631,NXNVW,1708615797.0,CY2025Q2I
1307954,HUN,1706900085.0,CY2025Q2I
1798562,TMCWW,1705461265.0,CY2025Q2I
1497770,WD,1700000000.0,CY2025Q2I
1627223,CC,1700000000.0,CY2025Q2I
1819790,TARS,1700000000.0,CY2025Q2I
1968915,PHIN,1700000000.0,CY2025Q2I
1482981,COCO,1700000000.0,CY2025Q2I
1526113,GNL-PD,1700000000.0,CY2025Q2I
912562,ROCK,1700000000.0,CY2025Q2I
1745999,BEAM,1700000000.0,CY2025Q2I
726854,CHCO,1700000000.0,CY2025Q2I
1723128,AMRX,1700000000.0,CY2025Q2I
1384101,VCYT,1700000000.0,CY2025Q2I
1158895,LMAT,1700000000.0,CY2025Q2I
907471,CASH,1700000000.0,CY2025Q1I
1991792,CGON,1700000000.0,CY2025Q2I
1356576,SUPN,1694871061.0,CY2025Q2I
850141,HMN,1692400000.0,CY2025Q2I
1400810,HCIIP,1691271339.0,CY2025Q2I
109177,SPB,1690000000.0,CY2025Q1I
1582961,DOCN,1680000000.0,CY2025Q2I
712537,FCF,1674644899.0,CY2025Q4I
1104657,MTRN,1673905817.0,CY2025Q2I
873303,SRPT,1670773865.0,CY2025Q2I
2052959,LION,1664728093.0,CY2025Q3I
1818331,WGSWW,1660000000.0,CY2025Q2I
919012,AEO,1659429666.0,CY2025Q2I
1627475,UPWK,1657936950.0,CY2025Q2I
48287,HNI,1653610031.0,CY2025Q2I
1828318,ENVX,1640000000.0,CY2025Q2I
763744,LCII,1635882005.0,CY2025Q2I
1471265,NWBI,1634000000.0,CY2025Q2I
1782524,MSDL,1628000000.0,CY2025Q2I
1460235,PPLT,1615740500.0,CY2025Q2I
793074,WERN,1615000000.0,CY2025Q2I
1733998,NWN,1610512005.0,CY2025Q2I
1393434,OCUL,1604700000.0,CY2025Q2I
1332349,BKD,1600000000.0,CY2025Q2I
1295810,SHO-PI,1600000000.0,CY2025Q2I
70866,NCRRP,1600000000.0,CY2025Q2I
1174850,NIC,1600000000.0,CY2025Q2I
1298946,DRH,1600000000.0,CY2025Q2I
886163,LGNZZ,1600000000.0,CY2025Q2I
1788882,ROOT,1600000000.0,CY2025Q2I
1599617,DNOW,1600000000.0,CY2025Q2I
1669811,DFIN,1600000000.0,CY2025Q2I
1043509,SAH,1600000000.0,CY2025Q2I
901491,PZZA,1586641166.0,CY2025Q2I
1035201,CWT,1582000000.0,CY2025Q2I
1323885,ATRC,1571500000.0,CY2025Q2I
1886428,SLDE,1568646159.0,CY2025Q2I
1838028,HODL,1568121495.0,CY2025Q2I
1653477,NGVT,1567103311.0,CY2025Q2I
1836833,PL,1562830913.0,CY2025Q2I
887905,LTC,1561278000.0,CY2025Q2I
903651,INOD,1559767165.0,CY2025Q2I
1050797,COLM,1559351388.0,CY2025Q2I
1320414,SEM,1558171836.0,CY2025Q2I
949870,SAM,1558130000.0,CY2025Q2I
1708646,AAAU,1544176538.0,CY2025Q2I
1412408,PHR,1541348304.0,CY2025Q2I
1362004,ICFI,1538000000.0,CY2025Q2I
1649749,FBK,1537509208.0,CY2025Q2I
880631,WT,1534924970.0,CY2025Q2I
1477449,TDOC,1531762802.0,CY2025Q2I
1787306,ARQT,1527940146.0,CY2025Q2I
789460,WKC,1525000000.0,CY2025Q2I
1606163,LMB,1523500000.0,CY2025Q2I
885245,BKE,1523351809.0,CY2025Q2I
81362,KWR,1514771520.0,CY2025Q2I
721994,LKFN,1512755000.0,CY2025Q2I
1673743,HNGE,1500000000.0,CY2025Q2I
1677576,IIPR-PA,1500000000.0,CY2025Q2I
1576940,CCS,1500000000.0,CY2025Q2I
1158463,JBLU,1500000000.0,CY2025Q2I
1323468,GLP-PB,1500000000.0,CY2025Q2I
2030781,SAIL,1500000000.0,CY2025Q2I
1657573,XMTR,1500000000.0,CY2025Q2I
1078271,EXTR,1500000000.0,CY2025Q4I
826675,DX-PC,1500000000.0,CY2025Q2I
1587523,KN,1500000000.0,CY2025Q2I
1671927,IMCR,1500000000.0,CY2025Q2I
107140,WLYB,1498000000.0,CY2025Q3I
1856437,VSXY,1492198063.0,CY2025Q2I
1158114,AAOI,1491234829.0,CY2025Q2I
1428205,ARR-PC,1477111863.0,CY2025Q2I
1560327,RPD,1472401190.0,CY2025Q2I
110471,WWW,1471743972.0,CY2025Q2I
1093691,PLUG,1463243116.0,CY2025Q2I
1736946,ARLO,1454000000.0,CY2025Q2I
1483386,GLTR,1440213750.0,CY2025Q2I
1096752,EPC,1436230216.0,CY2025Q1I
836157,LNN,1435554352.0,CY2025Q1I
719220,STBA,1434409389.0,CY2025Q2I
1052752,GTY,1430225000.0,CY2025Q2I
1345016,YELP,1423349104.0,CY2025Q2I
69633,NSSC,1421890270.0,CY2025Q4I
97134,TNC,1417121984.0,CY2025Q2I
933036,UPBD,1412799433.0,CY2025Q2I
1475841,NBHC,1411000000.0,CY2025Q2I
714395,GABC,1409904373.0,CY2025Q2I
1639723,NAVN,1400000000.0,CY2026Q1I
879407,ARWR,1400000000.0,CY2025Q1I
80420,POWL,1400000000.0,CY2025Q1I
1827090,CERT,1400000000.0,CY2025Q2I
863436,BHE,1400000000.0,CY2025Q2I
1477815,SG,1400000000.0,CY2025Q2I
752642,UMH-PD,1400000000.0,CY2025Q2I
1579733,VITL,1400000000.0,CY2025Q2I
356171,TCBK,1400000000.0,CY2025Q2I
1798100,NTST,1400000000.0,CY2025Q2I
102037,UVV,1400000000.0,CY2025Q3I
1568100,PD,1400000000.0,CY2025Q2I
2013745,CLMT,1400000000.0,CY2025Q2I
1816736,IRON,1400000000.0,CY2025Q2I
1822492,HLMN,1398000000.0,CY2025Q2I
784199,AORT,1393778346.0,CY2025Q2I
1478320,ADPT,1385000000.0,CY2025Q2I
104894,ELME,1382385686.0,CY2025Q2I
1005210,SPH,1380607000.0,CY2025Q1I
1820144,GRND,1380000000.0,CY2025Q2I
1048268,IESC,1378300000.0,CY2025Q1I
1580808,ATEN,1377600000.0,CY2025Q2I
1793659,RSI,1376213662.0,CY2025Q2I
1680062,ACMR,1371200000.0,CY2025Q2I
1541401,ESRT,1361556000.0,CY2025Q2I
1841156,PAY,1353800000.0,CY2025Q2I
1580560,FLYW,1351794027.0,CY2025Q2I
1936258,NAMSW,1345893076.0,CY2025Q2I
1411579,AMC,1342745039.0,CY2025Q2I
1821586,MLTX,1340000000.0,CY2025Q2I
57131,LZB,1339000000.0,CY2025Q3I
1941365,MBC,1336014734.0,CY2025Q2I
1411342,EFC-PC,1333824255.0,CY2025Q2I
1210677,FA,1331899011.0,CY2025Q2I
2020455,ETH,1331604817.0,CY2025Q2I
1690437,BAR,1330184500.0,CY2026Q2I
1723788,BITW,1326351938.0,CY2025Q2I
1371285,TRUP,1324459301.0,CY2025Q2I
1802665,HRMY,1322400000.0,CY2025Q2I
1128361,HOPE,1313217875.0,CY2025Q2I
1290677,TPB,1310000000.0,CY2025Q2I
1816581,OUST,1309700000.0,CY2025Q2I
1438533,TVTX,1309524306.0,CY2025Q2I
1831828,VERA,1300000000.0,CY2025Q2I
926326,OMCL,1300000000.0,CY2025Q2I
1467760,ARI,1300000000.0,CY2025Q2I
1770787,TXG,1300000000.0,CY2025Q2I
1764046,CLVT,1300000000.0,CY2025Q2I
1023024,ANIP,1300000000.0,CY2025Q2I
1628908,EVH,1300000000.0,CY2025Q2I
1350653,ATEC,1300000000.0,CY2025Q2I
744218,CLDX,1300000000.0,CY2025Q2I
1438133,TNDM,1300000000.0,CY2025Q2I
811596,KALU,1300000000.0,CY2025Q2I
1844452,LUNR,1300000000.0,CY2025Q2I
1866175,CRGY,1300000000.0,CY2025Q2I
1710155,EYE,1300000000.0,CY2025Q2I
1286139,LZ,1300000000.0,CY2025Q2I
1473844,STEL,1300000000.0,CY2025Q2I
1477720,ASAN,1300000000.0,CY2025Q2I
1567925,SILA,1294636000.0,CY2025Q2I
1054905,IOSP,1289000000.0,CY2025Q2I
1805077,EOSE,1283000000.0,CY2025Q2I
1692063,SNDR,1273300000.0,CY2025Q2I
1083301,WULF,1272261399.0,CY2025Q2I
1564902,PRKS,1272248356.0,CY2025Q2I
821483,PARR,1267736899.0,CY2025Q2I
1080014,INVA,1260000000.0,CY2025Q2I
1437958,CCB,1255281080.0,CY2025Q2I
1576427,CRTO,1254000000.0,CY2025Q2I
2000046,FETH,1253466000.0,CY2025Q2I
1764013,IMVT,1252100000.0,CY2025Q3I
1265131,HTH,1250000000.0,CY2025Q2I
1694426,DK,1243507000.0,CY2025Q2I
1539638,TFIN-P,1241998000.0,CY2025Q2I
26058,CTS,1241753026.0,CY2025Q2I
1172358,DMLP,1238406846.0,CY2025Q2I
1261654,UTI,1237000000.0,CY2025Q1I
84748,ROG,1236592460.0,CY2025Q2I
1572694,GSBD,1232950000.0,CY2025Q2I
1328237,DBC,1231174500.0,CY2025Q2I
1414932,OCSL,1231000000.0,CY2025Q1I
1847903,CNTA,1227567000.0,CY2025Q2I
1327068,USO,1226307166.0,CY2025Q2I
1262976,CMPR,1220000000.0,CY2026Q2I
1866692,AMPL,1214900000.0,CY2025Q2I
17313,CSWC,1208032692.0,CY2025Q3I
1577670,LADR,1206473100.0,CY2025Q2I
1409970,LC,1205883976.0,CY2025Q2I
821026,ANDE,1205300000.0,CY2025Q2I
103145,VECO,1205043869.0,CY2025Q2I
715787,TILE,1203605034.0,CY2025Q2I
922864,AIV,1200000000.0,CY2025Q2I
1651562,COUR,1200000000.0,CY2025Q2I
1771515,GO,1200000000.0,CY2025Q2I
1474098,PEB-PH,1200000000.0,CY2025Q2I
921582,IMAX,1200000000.0,CY2025Q2I
1710072,EWTX,1200000000.0,CY2025Q2I
1657788,KRP,1200000000.0,CY2025Q2I
1577526,AI,1200000000.0,CY2025Q3I
1831481,SOC,1200000000.0,CY2025Q2I
816956,CNMD,1200000000.0,CY2025Q2I
1580670,LGIH,1200000000.0,CY2025Q2I
1612720,NEXT,1200000000.0,CY2025Q2I
729580,BELFB,1200000000.0,CY2025Q2I
891014,MTX,1200000000.0,CY2025Q2I
1064728,BTU,1200000000.0,CY2025Q2I
1053706,CRAI,1200000000.0,CY2025Q2I
30305,DCO,1200000000.0,CY2025Q2I
1777835,PWP,1200000000.0,CY2025Q2I
1789029,AEVA,1197000000.0,CY2025Q2I
1616000,XHR,1190000000.0,CY2025Q2I
34782,SRCE,1183258224.0,CY2025Q2I
58492,LEG,1182418000.0,CY2025Q2I
311094,WABC,1179753833.96,CY2025Q2I
1821769,NVTS,1177000000.0,CY2025Q2I
55242,KMT,1173200000.0,CY2025Q4I
733269,RAMP,1170058106.0,CY2025Q3I
821002,GIII,1166321849.0,CY2025Q2I
1735707,GTX,1165000000.0,CY2025Q2I
1786431,REYN,1163000000.0,CY2025Q2I
94049,SCL,1161792172.0,CY2025Q2I
1795139,GTBIF,1161708000.0,CY2025Q2I
1127703,PRA,1158734618.0,CY2025Q2I
1288847,FIVN,1158500000.0,CY2025Q2I
1172052,SAFT,1158391399.0,CY2025Q2I
1967649,VSTS,1146700000.0,CY2025Q1I
1537054,GOGO,1142289746.0,CY2025Q2I
883237,VRTS,1140000000.0,CY2025Q2I
1108134,BBT,1140000000.0,CY2025Q2I
812074,OI,1134960000.0,CY2025Q2I
1801170,CLOV,1131971907.0,CY2025Q2I
899460,MNKD,1131550191.0,CY2025Q2I
1385849,UUUU,1130000000.0,CY2025Q2I
1490978,SDGR,1124429157.0,CY2025Q2I
906465,QCRH,1122163334.0,CY2025Q2I
1746109,BFC,1120000000.0,CY2025Q2I
1968487,WS,1116545985.0,CY2025Q4I
837465,CALY,1116200000.0,CY2025Q2I
1730430,KNSA,1114000000.0,CY2025Q2I
1883085,PGYWW,1113790997.0,CY2025Q2I
1024795,HLIO,1111893953.0,CY2025Q2I
1409493,CIM-PC,1107087713.0,CY2025Q2I
1724965,TALO,1106796185.0,CY2025Q2I
1366868,GSAT,1100000000.0,CY2025Q2I
1689796,JBGS,1100000000.0,CY2025Q2I
1714899,DNLI,1100000000.0,CY2025Q2I
1024305,COTY,1100000000.0,CY2025Q4I
1083446,ASTH,1100000000.0,CY2025Q2I
1517375,SPT,1100000000.0,CY2025Q2I
1670541,ADNT,1100000000.0,CY2025Q1I
1984060,AESI,1100000000.0,CY2025Q2I
1593275,HG,1100000000.0,CY2025Q2I
1636282,SYRE,1100000000.0,CY2025Q2I
1465740,TWOD,1100000000.0,CY2025Q2I
1569345,CXM,1100000000.0,CY2025Q2I
712771,CNOBP,1100000000.0,CY2025Q2I
1795250,SPHR,1100000000.0,CY2025Q2I
1288469,MXL,1100000000.0,CY2025Q2I
66382,MLKN,1100000000.0,CY2025Q4I
1817713,JANX,1100000000.0,CY2025Q2I
1020710,DXPE,1100000000.0,CY2025Q2I
1671858,SPRY,1094900000.0,CY2025Q2I
1596993,LPG,1093630707.0,CY2025Q3I
107687,WGO,1093005000.0,CY2025Q1I
1511337,RLJ-PA,1085810857.0,CY2025Q2I
8063,ATROB,1082000000.0,CY2025Q2I
846617,DCBG,1080000000.0,CY2025Q2I
1047340,FDP,1079979727.0,CY2025Q2I
1597033,SABR,1074779962.0,CY2025Q2I
1504619,PFLA,1069500000.0,CY2025Q1I
1173420,NG,1068600000.0,CY2025Q2I
82020,USLM,1066695434.0,CY2025Q2I
28823,DBD,1062492335.0,CY2025Q2I
1704720,CNNE,1061691612.0,CY2025Q2I
1516912,OBK,1060000000.0,CY2025Q2I
1462120,LOB-PA,1054284376.0,CY2025Q2I
1616533,PENG,1050000000.0,CY2025Q1I
1611115,OMDA,1050000000.0,CY2025Q2I
1935979,BHVN,1044000000.0,CY2025Q2I
1500217,AAT,1042000000.0,CY2025Q2I
1725255,AHCO,1040000000.0,CY2025Q2I
1857475,DOLE,1037784426.0,CY2025Q4I
2020795,UNIT,1034749382.0,CY2025Q2I
1647822,SVMB,1033970872.0,CY2025Q3I
1589526,BLBD,1033900000.0,CY2025Q1I
318300,PEBO,1029478000.0,CY2025Q2I
1669779,CWH,1027431568.0,CY2025Q2I
902791,BBSI,1025988565.0,CY2025Q2I
751978,VICR,1020010501.0,CY2025Q2I
1275014,UCTT,1019600000.0,CY2025Q2I
1000694,NVAX,1018000000.0,CY2025Q2I
854775,DGII,1010000000.0,CY2025Q1I
798359,CSR,1004902285.0,CY2025Q2I
1360214,HROW,1004000000.0,CY2025Q2I
1013488,BJRI,1003428121.0,CY2025Q2I
1784970,NXTT,1003409810.5,CY2025Q2I
933974,AZTA,1003383280.0,CY2025Q1I
1593538,JSM,1000000000.0,CY2025Q2I
842633,TRS,1000000000.0,CY2025Q2I
1879016,IE,1000000000.0,CY2025Q2I
1823529,ACT,1000000000.0,CY2025Q2I
1370450,WLDN,1000000000.0,CY2025Q2I
1600620,AUPH,1000000000.0,CY2025Q2I
1804745,DRVN,1000000000.0,CY2025Q2I
1217234,CDNA,1000000000.0,CY2025Q2I
1482512,HPP-PC,1000000000.0,CY2025Q2I
1837240,SYM,1000000000.0,CY2025Q1I
1517413,FSLY,1000000000.0,CY2025Q2I
1525769,PLAY,1000000000.0,CY2025Q2I
1805385,EVLVW,999000000.0,CY2025Q2I
21175,CNA,998000000.0,CY2025Q2I
1645113,NVCR,994959266.0,CY2025Q2I
1496099,NMFCZ,994000000.0,CY2025Q2I
1629019,MBINN,990600000.0,CY2025Q2I
1766400,PNTG,989438000.0,CY2025Q2I
1004702,OCFC,977631160.0,CY2025Q2I
1688757,ESTA,975097617.0,CY2025Q2I
711377,NEOG,972141875.0,CY2025Q4I
1055160,MFAO,966000000.0,CY2025Q2I
1839839,JBI,966000000.0,CY2025Q2I
1697500,SEI,959438489.0,CY2025Q2I
66004,MSEXP,954602892.0,CY2025Q2I
1124796,LASR,953500000.0,CY2025Q2I
1818794,DYN,948000000.0,CY2025Q2I
792987,ASTE,947900000.0,CY2025Q2I
1544206,CGBD,947175156.0,CY2025Q2I
1171486,NRP,947000000.0,CY2025Q2I
1517022,AKBA,946381036.0,CY2025Q2I
1622194,DEA,946000000.0,CY2025Q2I
949157,CENX,946000000.0,CY2025Q2I
1590750,VRDN,943000000.0,CY2025Q2I
50493,IMKTA,938100000.0,CY2025Q1I
1748824,AAMI,935317174.0,CY2025Q2I
810136,PLAB,934773176.0,CY2025Q1I
350852,CTBI,934500000.0,CY2025Q2I
1708035,ECVT,932918934.0,CY2025Q2I
1267565,COLL,926400000.0,CY2025Q2I
917520,IART,925100000.0,CY2025Q2I
1437402,ARDX,923706456.0,CY2025Q2I
1786108,TRINZ,920918691.0,CY2025Q2I
1005731,IDT,915300000.0,CY2025Q4I
6845,APOG,915200000.0,CY2025Q3I
1739566,UTZ,911700000.0,CY2025Q2I
1981599,CTRI,911500000.0,CY2025Q2I
1410098,CRMD,909700000.0,CY2025Q2I
1368458,SBH,903679000.0,CY2025Q1I
1767258,XPEL,900884616.0,CY2025Q2I
1047335,NHC,900600000.0,CY2025Q2I
1712184,LILAP,900000000.0,CY2025Q2I
1443669,PRLB,900000000.0,CY2025Q2I
1731348,TLRY,900000000.0,CY2025Q4I
893949,MD,899915751.0,CY2025Q2I
1042776,PDM,899746764.0,CY2025Q2I
700565,FMBH,899341799.0,CY2025Q2I
731012,HCSG,897000000.0,CY2025Q2I
1819810,RDW,895600000.0,CY2025Q2I
1287032,PSEC-PA,889500000.0,CY2025Q4I
908315,WINA,888324416.0,CY2025Q2I
1803696,ADEA,887181255.0,CY2025Q2I
718937,STAA,883907564.0,CY2025Q2I
1084048,ZD,883468363.0,CY2025Q2I
1689548,PRAX,883200000.0,CY2025Q2I
1575828,XPRO,882300000.0,CY2025Q2I
1518621,ORC,881144340.0,CY2025Q2I
21535,COHU,879400000.0,CY2025Q2I
885275,WBHC,878725095.2,CY2025Q2I
1084961,ECPG,876500000.0,CY2025Q2I
1005817,TMP,875300000.0,CY2025Q2I
1702750,BY,874467566.0,CY2025Q2I
1652130,NTLA,869490759.0,CY2025Q2I
1526243,PPTA,868313051.0,CY2025Q2I
915779,DAKT,867125359.0,CY2025Q3I
1793497,SVIX,865936970.0,CY2025Q2I
1796280,ORIC,862400000.0,CY2025Q2I
1362468,ALGT,860700000.0,CY2025Q2I
886744,GERN,860500000.0,CY2025Q2I
1562528,FBRT-PE,858000000.0,CY2025Q2I
866829,HLX,855200000.0,CY2025Q2I
102212,UVSP,852602670.0,CY2025Q2I
1631574,WVE,851013538.0,CY2025Q2I
1737706,SDRL,849000000.0,CY2025Q2I
1819576,LQDA,847006478.0,CY2025Q2I
834365,BLFS,845000000.0,CY2025Q2I
1784535,PRCH,840000000.0,CY2025Q2I
705432,SBSI,837300000.0,CY2025Q2I
1672619,ELVN,836000000.0,CY2025Q2I
1888886,GPCR,834900000.0,CY2025Q2I
755001,UTL,832805747.0,CY2025Q2I
3197,CECO,832700000.0,CY2025Q2I
1379785,BBDC,830916996.0,CY2025Q2I
1783398,UWMC,828651516.0,CY2025Q2I
1353613,FXY,824955000.0,CY2025Q2I
918965,SCSC,821623038.0,CY2025Q4I
1018979,AMSF,819600000.0,CY2025Q2I
1314727,SONO,818100000.0,CY2025Q1I
1845257,LFST,817211756.0,CY2025Q2I
1525221,VTOL,816833000.0,CY2025Q2I
799167,MRTN,816756000.0,CY2025Q2I
1808834,PRG,816504124.0,CY2025Q2I
1379041,EIG,814547414.0,CY2025Q2I
1922446,DEC,814000000.0,CY2025Q2I
1386570,NAGE,813900000.0,CY2025Q2I
1871509,PTLO,812118271.0,CY2025Q2I
1552797,DKL,809835436.0,CY2025Q2I
1376139,CVI,809000000.0,CY2025Q2I
1122904,NTGR,807600000.0,CY2025Q2I
1549595,NRIX,807500000.0,CY2025Q2I
1746618,RVLV,804300000.0,CY2025Q2I
1418076,SLRC,803600000.0,CY2025Q2I
1095651,SAFE,800000000.0,CY2025Q2I
69891,FIZZ,800000000.0,CY2025Q3I
1459839,SIBN,800000000.0,CY2025Q2I
1395937,SNDX,799200000.0,CY2025Q2I
1657853,HTZWW,799000000.0,CY2025Q2I
1046025,HFWA,796871573.0,CY2025Q2I
1464423,PMT-PC,796813522.0,CY2025Q2I
1495932,AGNT,795700000.0,CY2025Q2I
1509991,KOS,790254200.0,CY2025Q2I
1703057,ABCL,789227743.0,CY2025Q2I
1142750,AMN,787746040.0,CY2025Q2I
1383082,DBA,787416000.0,CY2025Q2I
1538379,IBTA,779300000.0,CY2025Q2I
1117297,QNST,779144648.0,CY2025Q4I
1964333,BHRB,777623000.0,CY2025Q2I
1075415,DHCNL,776900000.0,CY2025Q2I
1734713,BV,774100000.0,CY2025Q1I
1622229,COGT,772900000.0,CY2025Q2I
1643615,ONT,772100000.0,CY2025Q2I
930236,RWTO,767882919.0,CY2025Q2I
1590560,QURE,764800000.0,CY2025Q2I
1069899,PAHC,763701688.0,CY2025Q4I
1868279,AVBP,762664165.0,CY2025Q2I
1180262,HLF,762000000.0,CY2025Q2I
1704715,AMR,761000000.0,CY2025Q2I
357173,OSBC,760500000.0,CY2025Q2I
1396814,PCRX,757500000.0,CY2025Q2I
1535778,MSIF,748900000.0,CY2025Q2I
1423221,NX,748107510.0,CY2025Q1I
1603145,XIFR,747971110.0,CY2025Q2I
42682,GRC,744600000.0,CY2025Q2I
744187,REX,743279294.0,CY2025Q2I
885978,USPH,736600000.0,CY2025Q2I
1424929,FOXF,736414775.0,CY2025Q2I
701347,CPF,735757000.0,CY2025Q2I
1050377,CNXN,735000000.0,CY2025Q2I
1235468,LQDT,733900000.0,CY2025Q1I
1789940,FWRG,733400000.0,CY2025Q2I
1872789,EMBC,732000000.0,CY2025Q1I
1867096,XERS,731100000.0,CY2025Q2I
1546417,BLMN,731000000.0,CY2025Q2I
1042729,MBWM,730000000.0,CY2025Q2I
1472012,IMNM,728500000.0,CY2025Q2I
1683606,CARS,725620471.0,CY2025Q2I
1578732,MMI,722000000.0,CY2025Q2I
1514705,SXC,721117091.0,CY2025Q2I
1490906,CFFN,720800000.0,CY2025Q1I
1376339,MDXG,719000000.0,CY2025Q2I
1891027,MNTN,718900000.0,CY2025Q2I
1137091,PSIX,717900000.0,CY2025Q2I
1734342,AMTB,715200000.0,CY2025Q2I
1614178,YEXT,714700000.0,CY2025Q2I
891166,UVE,711239532.0,CY2025Q2I
1620393,NXRT,711000000.0,CY2025Q2I
790816,BDN,710790280.0,CY2025Q2I
1831097,AGL,709400000.0,CY2025Q2I
1314052,AVXL,708000000.0,CY2025Q1I
1513363,FDUS,707641471.0,CY2025Q2I
866729,SCHL,707200000.0,CY2025Q4I
1820721,ARRY,707055499.0,CY2025Q2I
926282,ADTN,706155805.0,CY2025Q2I
88121,SEB,705914981.0,CY2025Q2I
1923891,NNE,703834174.0,CY2025Q1I
1601548,VVX,701960177.0,CY2025Q2I
27996,DLX,701668516.0,CY2025Q2I
1841968,RPC,700700000.0,CY2025Q2I
1016281,CSV,699000000.0,CY2025Q2I
1753539,BKSY-WT,698196072.0,CY2025Q2I
1899883,FIP,698000000.0,CY2025Q2I
1624322,BFST,697900000.0,CY2025Q2I
1855747,BLND,696500000.0,CY2025Q2I
1476034,MCB,695400000.0,CY2025Q2I
1527590,RC-PC,694700000.0,CY2025Q2I
1841925,INDI,693500000.0,CY2025Q2I
1737924,NCDL,691900000.0,CY2025Q2I
1326110,IBRX,690200000.0,CY2025Q2I
1815776,LENZ,690100000.0,CY2025Q2I
101199,UFCS,690000000.0,CY2025Q2I
1706431,VIR,689200000.0,CY2025Q2I
1227500,EQBK,688600000.0,CY2025Q2I
791963,OPY,685200000.0,CY2025Q2I
71829,NPKI,683700000.0,CY2025Q2I
1760689,MVSTW,683100000.0,CY2025Q2I
876523,EZPW,682000000.0,CY2025Q1I
105418,WMK,682000000.0,CY2025Q2I
1820872,GBTG,681000000.0,CY2025Q2I
1077183,NEO,680200000.0,CY2025Q2I
1287213,PLOW,679000000.0,CY2025Q2I
75252,ACH,677542557.0,CY2025Q2I
1531031,ESQ,676600000.0,CY2025Q2I
1933414,MLYS,676000000.0,CY2025Q2I
1640428,EVER,675800000.0,CY2025Q2I
750686,CAC,675187692.0,CY2025Q2I
317788,APPS,674979264.0,CY2025Q3I
1705110,ANGI,673049686.0,CY2025Q2I
1040470,AEHR,671378691.0,CY2025Q4I
1067294,CBRL,670230782.0,CY2025Q4I
99302,TRNS,670000000.0,CY2025Q3I
1934850,FGN,667849667.0,CY2025Q2I
1606757,KE,667300000.0,CY2025Q4I
1598665,HRTG,665737361.0,CY2025Q2I
1981535,SBET,665342504.0,CY2025Q1I
1823144,GPGI,665000000.0,CY2025Q2I
1655050,BCSF,664700000.0,CY2025Q4I
1992870,EZBC,662100000.0,CY2025Q3I
1970622,USAR,661800000.0,CY2025Q2I
1774170,AIOT,660500000.0,CY2025Q3I
1060822,CRI,659550682.0,CY2025Q2I
1652535,ICHR,658256416.0,CY2025Q2I
1484778,TDUP,657900000.0,CY2025Q2I
63296,MATW,657700000.0,CY2025Q1I
1234006,GOODO,657435256.0,CY2025Q2I
706129,HBNC,655800000.0,CY2025Q2I
39311,IBCP,655032770.0,CY2025Q2I
1370755,TCPC,654800000.0,CY2025Q2I
1095565,HSTM,654700000.0,CY2025Q2I
851310,HLIT,654600000.0,CY2025Q2I
1698991,ACEL,651000000.0,CY2025Q2I
41719,MAGN,650800000.0,CY2025Q1I
1717547,BRSP,650600000.0,CY2025Q2I
1937653,ZYME,649500000.0,CY2025Q2I
1113809,BBW,649500000.0,CY2025Q2I
1381668,TFSL,647700000.0,CY2025Q1I
1743725,GDYN,646900000.0,CY2025Q2I
880117,JBSS,646700554.0,CY2025Q4I
1314102,EYPT,642600000.0,CY2025Q2I
1120914,PDFS,641000000.0,CY2025Q2I
1591588,GOLD,639100000.0,CY2025Q4I
1944558,VTS,638000000.0,CY2025Q2I
1085913,FMCB,634207000.0,CY2025Q2I
1370053,ANAB,632722403.0,CY2025Q4I
1297184,AMPH,632556518.0,CY2025Q2I
1674632,BBNX,631998349.0,CY2025Q2I
930420,KFRC,631584720.0,CY2025Q2I
1044777,OSPN,630055645.0,CY2025Q2I
813762,IEP,630000000.0,CY2025Q2I
1720116,RDVT,628300000.0,CY2025Q2I
1286613,LINC,624944508.0,CY2025Q2I
1512228,NIOBW,622400000.0,CY2025Q4I
1673985,ASIX,622000000.0,CY2025Q2I
748268,RCAT,620715483.0,CY2025Q2I
1668243,URGN,620400000.0,CY2025Q2I
921557,RBCAA,620362810.0,CY2025Q2I
1701756,SDOT,619984000.0,CY2025Q2I
1877184,KMTS,618700000.0,CY2025Q3I
1490281,GRPN,617884386.0,CY2025Q2I
1598428,MTUS,616943911.0,CY2025Q2I
1301787,BXC,615213431.0,CY2025Q2I
884219,PRSU,613700000.0,CY2025Q2I
93389,SMP,613458278.0,CY2025Q2I
1530804,TROX,613189299.0,CY2025Q2I
1770450,XRXDW,612685125.0,CY2025Q2I
357301,TRST,611400000.0,CY2025Q2I
1710350,BTBT,609761505.0,CY2025Q2I
1840502,TBLAW,608000000.0,CY2025Q2I
879635,MPB,604500000.0,CY2025Q2I
1979330,NBBK,603100000.0,CY2025Q2I
1315257,KOP,602300000.0,CY2025Q2I
354963,SHEN,600000000.0,CY2025Q2I
1754195,TCNNF,600000000.0,CY2025Q2I
1966983,LAC,600000000.0,CY2025Q2I
894315,SITC,600000000.0,CY2025Q2I
1690585,DNTH,599400000.0,CY2025Q2I
1819796,GCMG,599100000.0,CY2025Q2I
1042893,INVX,599100000.0,CY2025Q2I
912728,FWRD,598540233.0,CY2025Q2I
732417,HBIA,598474647.0,CY2025Q2I
1834488,NABL,598100000.0,CY2025Q2I
1828105,HIPOW,598000000.0,CY2025Q2I
826154,ORRF,596200000.0,CY2025Q2I
1273685,ADAML,595566089.0,CY2025Q2I
1421517,ERII,595000000.0,CY2025Q2I
1623526,STOK,592000000.0,CY2025Q2I
1971213,SBGI,592000000.0,CY2025Q2I
1609804,OEC,590000000.0,CY2025Q2I
1538263,HTB,589500000.0,CY2025Q2I
1143513,GLAD,589377217.0,CY2025Q1I
1386278,GDOT,589000000.0,CY2025Q2I
2001184,PACS,588500000.0,CY2025Q2I
1702780,OPTU,588401093.0,CY2025Q2I
1563880,TRVI,588400000.0,CY2025Q2I
91388,SFD,585552517.92,CY2025Q2I
1812364,RLAY,585500000.0,CY2025Q2I
1481582,RYZ,585167390.0,CY2025Q2I
1320760,TSSI,585000000.0,CY2025Q2I
1832483,SERV,584900000.0,CY2025Q2I
714562,THFF,584183576.0,CY2025Q2I
2032966,TICAW,583200000.0,CY2025Q2I
95029,RGR,582798000.0,CY2025Q2I
1393726,TIPT,582027121.0,CY2025Q2I
1328598,FXE,581973000.0,CY2025Q2I
916907,SMBC,581100000.0,CY2025Q4I
889971,LPTH,580100000.0,CY2025Q4I
1505952,DOMO,579100000.0,CY2025Q2I
1527753,PSNL,578182932.0,CY2025Q2I
1728688,IIIV,577600000.0,CY2025Q1I
1860543,CDRE,577497860.0,CY2025Q2I
1018164,WLFC,576900000.0,CY2025Q2I
1447362,CSTL,576000000.0,CY2025Q2I
915840,BZH,574670720.0,CY2025Q1I
1632127,CABO,572000000.0,CY2025Q2I
1559432,TXO,571800000.0,CY2025Q2I
1050441,EGBN,571500000.0,CY2025Q2I
763532,LYTS,570002673.0,CY2025Q4I
716314,GHM,568700000.0,CY2025Q3I
1185348,PRAA,568047885.0,CY2025Q2I
1724521,RCUS,565882788.0,CY2025Q2I
1425292,UAN,565700000.0,CY2025Q2I
1606498,AVNS,565451133.0,CY2025Q2I
1747068,MCBS,564300000.0,CY2025Q2I
916789,HELE,560500000.0,CY2025Q3I
1570562,EOLS,560400000.0,CY2025Q2I
1853138,KDKRW,559000000.0,CY2025Q2I
1855781,BTCO,558792000.0,CY2025Q2I
1749723,NFE,557500000.0,CY2025Q2I
1860742,BLCO,556990755.0,CY2025Q2I
1175535,WSR,556553575.0,CY2025Q2I
1326732,XNCR,555937423.0,CY2025Q2I
708781,CASS,555500000.0,CY2025Q2I
1783183,PHAT,555500000.0,CY2025Q2I
1630472,TRTX-PC,553400000.0,CY2025Q2I
1326200,GNK,551800000.0,CY2025Q2I
98677,TROLB,550102000.0,CY2025Q2I
1811935,PTRN,550000000.0,CY2025Q4I
1332174,ISMCF,549415021.0,CY2025Q2I
1730463,AUTL,548891288.0,CY2025Q2I
783412,DJCO,547802320.0,CY2025Q1I
1823608,AMAL,547055889.0,CY2025Q2I
23795,CTO-PA,545448000.0,CY2025Q2I
1569187,AHRT-PA,545000000.0,CY2025Q2I
1806310,TSHA,544800000.0,CY2025Q2I
1160308,SVRA,544458670.0,CY2025Q2I
876427,MNRO,541400000.0,CY2025Q3I
726601,CCBG,539591085.0,CY2025Q2I
737468,WASH,539528713.0,CY2025Q2I
944809,OPK,539505768.0,CY2025Q4I
1038773,SMBK,535900000.0,CY2025Q2I
1425205,IOVA,534800000.0,CY2025Q2I
1321741,GAINI,534159363.0,CY2025Q3I
1053369,ELTP,534000000.0,CY2025Q3I
1609151,WEAV,532100000.0,CY2025Q2I
1497645,INN-PF,530950829.0,CY2025Q2I
1819133,TNGX,528400000.0,CY2025Q2I
903419,ALRS,527907182.0,CY2025Q2I
1504461,NGL-PB,527700000.0,CY2025Q3I
896156,ETD,526000000.0,CY2025Q4I
1735438,MGTX,524509772.0,CY2025Q2I
1530979,HNST,524069469.0,CY2025Q2I
1479681,NUTX,524000000.0,CY2025Q2I
1500881,EU,523200000.0,CY2025Q2I
788965,HNRG,520726758.0,CY2026Q2I
314203,MUX,519882572.0,CY2025Q2I
1899287,AMPX-WT,518400000.0,CY2025Q2I
1658551,AMLX,518200000.0,CY2025Q2I
1590976,MBUU,518200000.0,CY2025Q4I
1437071,IVR-PC,518097016.0,CY2025Q2I
46129,ALNT,517545669.0,CY2025Q2I
1680247,PUMP,513600000.0,CY2025Q2I
1857816,GCT,513000000.0,CY2025Q2I
798783,UHT,512900000.0,CY2025Q2I
1846576,FIGS,512505774.0,CY2025Q2I
948320,LFMDP,512472017.0,CY2025Q2I
1528356,GNE,512400000.0,CY2025Q2I
859070,FCBC,509450000.0,CY2025Q2I
1793229,CTEV,505800000.0,CY2025Q2I
80172,NPK,504328539.0,CY2025Q2I
862831,FIISP,504049000.0,CY2025Q2I
1111485,RXST,503800000.0,CY2025Q2I
1353615,FXF,503100000.0,CY2025Q2I
1573221,REAL,502838379.0,CY2025Q2I
2007596,TWFG,501924325.0,CY2025Q2I
1579684,TDAY,501800000.0,CY2025Q2I
1459862,PALL,501792375.0,CY2025Q2I
1831651,SHLS,501500000.0,CY2025Q2I
899751,TWI,501000000.0,CY2025Q2I
1556739,THRY,500000000.0,CY2025Q2I
1729997,GDLC,499964025.0,CY2025Q4I
1958086,CLB,498908425.0,CY2025Q2I
709337,FMNB,498800000.0,CY2025Q4I
1534254,CICB,497804458.0,CY2025Q2I
1811063,NUVB,496965132.0,CY2025Q2I
1422143,KURA,496100000.0,CY2025Q2I
1163370,NRIM,496019071.0,CY2025Q2I
1802974,AVO,496000000.0,CY2025Q1I
899923,MYGN,494049876.0,CY2025Q2I
2002473,BOW,493748095.0,CY2025Q2I
895419,WOLF,491198896.0,CY2025Q4I
1813814,DFTX,487700000.0,CY2025Q2I
924822,MLR,487563832.0,CY2025Q2I
854560,GSBC,487536838.0,CY2025Q2I
1853962,IAUX-WT,487188980.0,CY2025Q2I
1387467,AOSL,487000000.0,CY2025Q4I
1201792,APEI,484000000.0,CY2025Q2I
1325618,IRMD,480857846.0,CY2025Q2I
1035092,SHBI,480100000.0,CY2025Q2I
1145986,ASPN,480000000.0,CY2025Q2I
1109242,HAFC,479841764.0,CY2025Q2I
1830043,BMBL,479397451.0,CY2025Q2I
1952976,NLOP,479100000.0,CY2025Q2I
3499,ALX,478956000.0,CY2025Q2I
1023459,SLP,478929073.0,CY2025Q1I
1631596,KREF-PA,478800000.0,CY2025Q2I
1825088,DFH,478100000.0,CY2025Q2I
1897762,INGM,478000000.0,CY2025Q2I
1275168,FSBC,477200000.0,CY2025Q2I
1094032,QDMI,474500490.0,CY2025Q3I
945983,CLMB,474400000.0,CY2025Q2I
1447028,ABUS,472133611.0,CY2025Q2I
1591670,FPI,470838074.0,CY2025Q2I
1062231,DCH,470800000.0,CY2025Q2I
1655759,ARVN,469000000.0,CY2025Q2I
1997652,TBNRL,468176582.0,CY2025Q4I
2022626,UPB,467859469.0,CY2025Q2I
910612,CBL,467693017.0,CY2025Q2I
1466026,MSBIP,466599960.0,CY2025Q2I
2042902,EVAC-WT,465300000.0,CY2025Q4I
1869105,BBOT,465152172.0,CY2025Q2I
1821159,EVGOW,464900000.0,CY2025Q2I
1050743,PGC,464000000.0,CY2025Q2I
1339970,ATYR,463822834.0,CY2025Q2I
2034267,CEPF,462600000.0,CY2025Q4I
1057060,HZO,462344170.0,CY2025Q1I
1173514,HY,461366212.0,CY2025Q2I
1421461,IPI,460000000.0,CY2025Q2I
1875444,ARHS,458900000.0,CY2025Q2I
736772,CCNEP,458483840.0,CY2025Q2I
1422930,PUBM,458300000.0,CY2025Q2I
69488,MYE,457647016.0,CY2025Q2I
1603454,CELC,457485677.0,CY2025Q2I
1479247,CPER,457274196.0,CY2025Q2I
96869,TRC,455896129.0,CY2025Q2I
108985,YORW,455682094.0,CY2025Q2I
1434647,ZVRA,454800000.0,CY2025Q2I
1056943,PFIS,454334000.0,CY2025Q2I
33002,EBF,454000000.0,CY2025Q3I
1549346,SSTK,453516595.0,CY2025Q2I
1664710,KROS,453000000.0,CY2025Q2I
357294,HOVNP,452667240.0,CY2025Q1I
907254,BFS-PE,451600000.0,CY2025Q2I
928340,CWCO,449191481.0,CY2025Q2I
1617242,KRNY,449000000.0,CY2025Q4I
1631569,CHCT,448800000.0,CY2025Q2I
1583107,TBPH,448600000.0,CY2025Q2I
1965040,FTRE,448400000.0,CY2025Q2I
743367,BHB,447663721.0,CY2025Q2I
1927958,AIRO,446600000.0,CY2025Q2I
1794776,PSBD,445800000.0,CY2025Q2I
1842295,MAZE,443900000.0,CY2025Q2I
1383414,PNNT,443600000.0,CY2025Q1I
1789972,CGEM,442200000.0,CY2025Q2I
1163668,SPFI,442000000.0,CY2025Q2I
2078856,PURR,441800000.0,CY2025Q4I
884624,OFIX,440200000.0,CY2025Q2I
1576873,ABAT,438000000.0,CY2025Q4I
1057379,HCKT,437819579.0,CY2025Q2I
1493225,NFBK,437700000.0,CY2025Q4I
108385,WRLD,437342423.0,CY2025Q3I
1275187,ANGO,436293219.0,CY2025Q4I
1533615,XRN-PB,436000000.0,CY2025Q2I
1743759,CRSR,435256370.0,CY2025Q2I
1846069,NXDR,434400000.0,CY2025Q2I
1772177,KRUS,432800000.0,CY2025Q1I
715579,ACNB,432300000.0,CY2025Q2I
1720420,IBEX,431277118.0,CY2025Q4I
805928,AXGN,430700000.0,CY2025Q2I
1514416,BAND,430700000.0,CY2025Q2I
1441236,CLW,427700000.0,CY2025Q2I
879526,WNC,427551493.0,CY2025Q2I
2007825,INFQ-WT,426448980.0,CY2025Q2I
717538,AROW,426347636.0,CY2025Q2I
1604665,WLKP,425600000.0,CY2025Q2I
1687187,METCZ,425000000.0,CY2025Q2I
1838406,BKV,424900000.0,CY2025Q2I
1866633,CCSI,424788237.0,CY2025Q2I
1980088,MNR,423800000.0,CY2025Q2I
844965,TTI,423781136.0,CY2025Q2I
879911,AERGP,423421492.0,CY2025Q2I
1809519,GDRX,423200000.0,CY2025Q2I
835011,MGPI,423000000.0,CY2025Q2I
2074973,CCXIW,422694000.0,CY2025Q4I
1521951,FBIZ,421400000.0,CY2025Q2I
742278,RES,421394820.0,CY2025Q2I
1092796,SWBI,420089386.0,CY2025Q3I
872912,DCTH,419743586.0,CY2025Q2I
14707,CAL,419200000.0,CY2025Q2I
1345126,CODI-PC,418857778.0,CY2025Q2I
1175680,CYDY,417678000.0,CY2025Q4I
1861107,CBLL,417200000.0,CY2025Q2I
1334978,CCO,417100000.0,CY2025Q2I
60714,LXU,417000000.0,CY2025Q2I
1108109,CYH,415200800.0,CY2025Q2I
1852353,DC,414241245.0,CY2025Q2I
1005229,CMCO,412000000.0,CY2025Q3I
1781730,TCBX,411900000.0,CY2025Q2I
1802255,GRDN,411599923.0,CY2025Q2I
1677703,CNDT,411512508.0,CY2025Q2I
1698514,NESR,411200000.0,CY2025Q4I
1928446,GRNT,411021199.0,CY2025Q2I
1434621,TREE,411000000.0,CY2025Q2I
1847590,BWMN,408700000.0,CY2025Q2I
1354866,BYRN,406511947.0,CY2025Q2I
1812477,KEEL,406181039.0,CY2025Q2I
61986,MTW,405900000.0,CY2025Q2I
1406587,FOR,404000000.0,CY2025Q1I
80035,PLPC,402619401.0,CY2025Q2I
803164,COFS,402400000.0,CY2025Q2I
1002590,SGU,402396722.0,CY2025Q1I
1130713,BBBY-WT,400000000.0,CY2025Q2I
1124524,CYRX,400000000.0,CY2025Q2I
1921865,ASPI,399800000.0,CY2025Q2I
928658,CVLG,399300000.0,CY2025Q2I
1133869,CAPR,398991720.0,CY2025Q2I
764401,IIIN,395839759.0,CY2025Q1I
43196,GTN-A,395723940.0,CY2025Q2I
1502377,CTGO,395263918.0,CY2025Q2I
1709442,FSUN,395200000.0,CY2025Q2I
1626450,CMRC,394600000.0,CY2025Q2I
1625101,PLSE,394339817.0,CY2025Q2I
1803901,TALKW,393200000.0,CY2025Q2I
1141103,CCRN,393124934.0,CY2025Q2I
1831915,CTKB,393000000.0,CY2025Q2I
945394,SVC,392500000.0,CY2025Q2I
1646188,ONDS,392000000.0,CY2025Q2I
844059,FRPH,390316985.0,CY2025Q2I
1021561,NUS,390000000.0,CY2025Q2I
1163739,NBR,389965828.0,CY2025Q2I
876883,STGW,389500000.0,CY2025Q4I
1409171,TITN,389000000.0,CY2025Q2I
1795815,BCAL,388600000.0,CY2025Q2I
1883313,SVV,388600000.0,CY2025Q2I
1538849,CAPL,385400000.0,CY2025Q2I
1590877,RGNX,385010782.0,CY2025Q2I
1804176,BFLY,383800000.0,CY2025Q2I
1816017,SPIR,383608000.0,CY2025Q2I
712770,OLP,383000000.0,CY2025Q2I
1823794,ARKO,382600000.0,CY2025Q2I
1858258,FGDL,382284000.0,CY2025Q3I
1336706,NPB,381600000.0,CY2025Q2I
1547459,NGVC,380462609.0,CY2025Q1I
1656472,CRON,379900000.0,CY2025Q2I
1829576,CARE,377789857.0,CY2025Q2I
1616543,SENS,376700000.0,CY2025Q2I
2023658,BCAX,376700000.0,CY2025Q2I
1385613,GLRE,376000000.0,CY2025Q2I
1436425,HBCP,375200000.0,CY2025Q2I
1419536,CBNK,374600000.0,CY2025Q2I
1854149,ANSCW,374300000.0,CY2025Q2I
75288,OXM,372597597.0,CY2025Q2I
1501989,CTMX,372300000.0,CY2025Q2I
1551901,SCM,371895297.0,CY2025Q2I
49754,DIN,371700000.0,CY2025Q2I
907654,ORKA,371500000.0,CY2025Q2I
1000623,MATV,371200000.0,CY2025Q2I
88000,HKHC,370353889.0,CY2025Q2I
1299130,PACB,369900000.0,CY2025Q2I
1719714,MREO,368470120.0,CY2025Q2I
1986817,GTENU,367770000.0,CY2025Q2I
1844862,SLDPW,367600000.0,CY2025Q2I
1818383,MAX,367100000.0,CY2025Q2I
945114,GIC,367046259.0,CY2025Q2I
1818502,OPFI-WT,366512860.0,CY2025Q2I
799233,HTLD,366400000.0,CY2025Q2I
894627,EGY,366000000.0,CY2025Q2I
2070457,XXI,365300000.0,CY2025Q2I
55135,KELYB,364000000.0,CY2025Q2I
31235,KODK,364000000.0,CY2025Q2I
1130144,BSRR,364000000.0,CY2025Q2I
1984086,SEPN,363300000.0,CY2025Q2I
1320461,CPS,363042894.0,CY2025Q2I
2035149,FLOC,362900000.0,CY2025Q2I
1828016,PLTK,362800000.0,CY2025Q2I
1425450,KIDS,362500000.0,CY2025Q2I
1998768,PAL,362000000.0,CY2025Q2I
2081043,ATAI,361300000.0,CY2025Q2I
1710340,ETON,360600000.0,CY2025Q2I
1376227,UNG,360537619.0,CY2025Q2I
1402829,ORN,360400000.0,CY2025Q2I
724004,MLAB,358000000.0,CY2025Q3I
1788999,XPER,357900000.0,CY2025Q2I
895447,SHOE,356973588.0,CY2025Q2I
1289945,SPOK,356000000.0,CY2025Q2I
800457,DGICB,355484764.0,CY2025Q2I
1723596,CLBK,354600000.0,CY2025Q2I
1643303,NNDM,353300000.0,CY2025Q2I
1823652,EVEX-WT,353200000.0,CY2025Q2I
76267,PKE,352886100.0,CY2025Q3I
1788451,LIFE,351800000.0,CY2025Q4I
1347123,EBRCZ,351000000.0,CY2025Q2I
1377936,SAZ,350600000.0,CY2025Q3I
807863,MITK,350011167.0,CY2025Q1I
1832332,AVAH,349700000.0,CY2025Q2I
886206,FC,349500000.0,CY2025Q1I
1625278,NRDS,349000000.0,CY2025Q2I
1403475,BMRC,349000000.0,CY2025Q2I
1341317,BWBBP,348524730.0,CY2025Q2I
935419,RICK,347708768.0,CY2025Q1I
796505,CLFD,347399785.0,CY2025Q1I
1633336,CCAP,346900000.0,CY2025Q2I
1487952,VPG,346797000.0,CY2025Q2I
1771706,VREOD,345970203.0,CY2025Q2I
1001385,NWPX,345346358.0,CY2025Q2I
1367644,EBS,342700000.0,CY2025Q2I
925528,HDSN,342420635.0,CY2025Q2I
1495240,LANDO,342300000.0,CY2025Q2I
2036042,SION,342014009.0,CY2025Q2I
1512499,LIND,341600000.0,CY2025Q2I
2073928,MBVIU,340500000.0,CY2025Q4I
1072379,NWBO,340239000.0,CY2025Q2I
1349436,SD,340100000.0,CY2025Q2I
1768267,CRNC,340000000.0,CY2025Q1I
1801169,OPENZ,339866979.0,CY2025Q2I
1681622,VREX,339300000.0,CY2025Q1I
1494582,BOC,339121697.0,CY2025Q2I
920427,UNTY,338659526.0,CY2025Q2I
1278027,BGS,337917765.0,CY2025Q2I
1127371,CWBC,336710000.0,CY2025Q2I
1368265,CLNE,336172900.0,CY2025Q2I
1759774,PSTL,336000000.0,CY2025Q2I
1476045,CLDT-PA,335006575.0,CY2025Q2I
1484612,OM,334700000.0,CY2025Q2I
897448,AMRN,334700000.0,CY2025Q2I
87050,NEON,334359366.0,CY2025Q2I
1828962,CRCT,333400000.0,CY2025Q2I
1034842,RIGL,331600000.0,CY2025Q2I
1791145,GBFH,330600000.0,CY2025Q2I
1873529,KLC,328346029.0,CY2025Q2I
1285550,CLPT,328000000.0,CY2025Q2I
896264,USNA,328000000.0,CY2025Q2I
1084554,LTBR,327566337.0,CY2025Q2I
1326190,ALT,326800000.0,CY2025Q2I
1176948,ARES-PB,326653262.0,CY2025Q2I
1559053,PRTA,326600000.0,CY2025Q2I
1096056,LXFR,325718817.0,CY2025Q2I
1574197,FPH,325400000.0,CY2025Q2I
2016072,MBAVW,324587500.0,CY2025Q2I
1674335,JELD,324400000.0,CY2025Q2I
1756655,ARDT,324300000.0,CY2025Q2I
1768224,ARCT,323500000.0,CY2025Q2I
1482541,BNCWW,323500000.0,CY2025Q3I
1377630,NCMI,322262565.0,CY2025Q2I
792966,FMAO,321142346.0,CY2025Q2I
2055459,RDAGW,321000000.0,CY2025Q2I
1501796,AURA,321000000.0,CY2025Q2I
1227654,CMP,318890203.0,CY2025Q1I
775215,HBT,318300000.0,CY2025Q2I
1951070,MH,318000000.0,CY2025Q3I
906709,NKTR,318000000.0,CY2025Q2I
2040381,PACHU,317830000.0,CY2025Q4I
1707502,SLDB,317700000.0,CY2025Q2I
1166928,WTBA,317424991.0,CY2025Q2I
2057043,WENNW,317258550.0,CY2025Q2I
1761918,ERAS,316400000.0,CY2025Q2I
712034,ACCO,316100000.0,CY2025Q2I
2046042,JCAP,316000000.0,CY2025Q2I
1826681,PDYNW,315500000.0,CY2025Q2I
1766368,MEC,315257162.0,CY2025Q2I
1173489,CEVA,314441638.0,CY2025Q2I
866273,MTRX,314300000.0,CY2026Q2I
1754226,OBT,314300000.0,CY2025Q2I
65770,MVIS,313800000.0,CY2025Q2I
1838615,ALTI,313700000.0,CY2025Q2I
874501,OSG,313633817.0,CY2025Q2I
1617553,ZIP,313400000.0,CY2025Q2I
2033122,TACOW,312756300.0,CY2025Q2I
1819974,SKYT,312500000.0,CY2025Q2I
1520358,MAMA,312426240.0,CY2025Q2I
1874071,PDLB,311889119.0,CY2025Q2I
69733,NATH,310117000.0,CY2026Q3I
1840776,HGTY,309900000.0,CY2025Q2I
1868941,FLNC,309200000.0,CY2025Q1I
216085,HVT-A,307318284.0,CY2025Q2I
1392380,GEVO,306500000.0,CY2025Q2I
1528287,NPCE,306200000.0,CY2025Q2I
2048948,NPACU,306153000.0,CY2025Q2I
1833197,SWIM,304679669.0,CY2025Q2I
1672688,ABSI,303800000.0,CY2025Q2I
1121484,OIS,303757961.0,CY2025Q2I
1834526,GPATW,303312500.0,CY2025Q2I
2006291,CCIXW,302450000.0,CY2025Q2I
2010930,ALFUW,302450000.0,CY2025Q2I
1010086,SIGA,302150075.0,CY2025Q2I
105319,WW,301346714.0,CY2025Q2I
1712463,PACK,301100000.0,CY2025Q2I
62234,MCS,300567941.0,CY2025Q2I
746838,UIS,300400000.0,CY2025Q2I
918251,MPAA,300342000.0,CY2025Q3I
2024218,SMC,300292924.0,CY2025Q2I
1375205,URG,300200000.0,CY2025Q2I
1487428,HTFC,300000000.0,CY2025Q2I
1823239,MRVI,300000000.0,CY2025Q2I
1708055,RBBN,299500000.0,CY2025Q2I
1661181,ORGO,299400000.0,CY2025Q2I
1838163,BNAIW,298460000.0,CY2026Q1I
720858,ITIC,297745366.0,CY2025Q2I
1863127,TYRA,297300000.0,CY2025Q2I
2029976,KFIIU,297024710.0,CY2025Q2I
1680581,FULC,296079672.0,CY2025Q2I
1770121,SANA,295100000.0,CY2025Q2I
1667011,AIP,295000000.0,CY2025Q2I
1717307,ILPT,294500000.0,CY2025Q2I
1090009,SFST,292504676.0,CY2025Q2I
1464343,ATLCZ,292100000.0,CY2025Q2I
1398733,AQST,291600000.0,CY2025Q2I
1709682,CTOS,291400000.0,CY2025Q2I
1162194,LAB,290900000.0,CY2025Q2I
2041493,ALUB-UN,290375000.0,CY2025Q2I
2074697,FCRS-UN,290000000.0,CY2025Q4I
1829864,TASK,289600000.0,CY2025Q2I
1798749,JBIO,289400000.0,CY2025Q2I
1666291,CMTG,289000000.0,CY2025Q2I
1770501,VENU,287043620.0,CY2025Q2I
1816431,QSI,286300000.0,CY2025Q2I
1499422,RBB,286210716.0,CY2025Q2I
1847398,NECB,284500000.0,CY2025Q2I
1674930,FLGT,284300000.0,CY2025Q2I
1730984,BCML,283200000.0,CY2025Q2I
1653384,RWAYL,282000000.0,CY2025Q2I
1023731,EGHT,281600000.0,CY2025Q3I
1806347,WEST,281500000.0,CY2025Q2I
1683695,IMXI,281367974.0,CY2025Q4I
1818382,HUMAW,280300000.0,CY2025Q2I
873860,ONIT,280294372.0,CY2025Q2I
810958,CZNC,280273757.0,CY2025Q2I
1372299,OCGN,279200000.0,CY2025Q2I
1580345,TPVG,278800000.0,CY2025Q2I
1819142,SES-WT,278500000.0,CY2025Q2I
2009183,TACHU,278000000.0,CY2025Q2I
2081909,SBXE-WT,277932000.0,CY2025Q4I
2049662,FACWW,277656000.0,CY2025Q2I
1401521,ACIC,277582000.0,CY2025Q2I
2029118,INR,277442275.0,CY2025Q2I
1738021,CMPX,277000000.0,CY2025Q2I
1590584,CVEO,276806089.0,CY2025Q2I
1587987,NEWTH,276500000.0,CY2025Q2I
1496443,PAYS,276377168.0,CY2025Q2I
1828805,ALMU,276200000.0,CY2025Q4I
1071236,RRBI,276100000.0,CY2025Q2I
2012593,RAPP,275840930.0,CY2025Q2I
2075310,BLZRU,275275000.0,CY2025Q4I
711669,CBAN,275200000.0,CY2025Q2I
318306,ABEO,273252724.0,CY2025Q2I
76282,PKOH,272035804.0,CY2025Q2I
1430306,TNXP,271370839.0,CY2025Q2I
765207,FNLC,271239386.0,CY2025Q2I
1728117,GOSS,270800000.0,CY2025Q2I
1852207,BEAGR,270126000.0,CY2025Q2I
1676163,SSII,270113872.0,CY2025Q2I
2013744,ETHW,269274600.0,CY2025Q2I
1347178,VNDA,268700000.0,CY2025Q2I
2056634,PCAPW,268000000.0,CY2025Q2I
1726173,BH,267698652.0,CY2025Q2I
2035173,RTACU,267582000.0,CY2025Q4I
1109262,AGGID,267279445.0,CY2025Q2I
1059142,GHI,266953368.0,CY2025Q2I
1761612,BCYC,266666552.0,CY2025Q2I
1630627,TMCI,265900000.0,CY2025Q2I
1377789,AVNW,265000000.0,CY2025Q4I
739421,CZFS,264808000.0,CY2025Q2I
2034269,CEPT,264700000.0,CY2025Q2I
1665988,BVS,264400000.0,CY2025Q2I
1779128,SRTA,263900000.0,CY2025Q2I
2042182,OYSEU,262940880.0,CY2025Q4I
1432133,KLTR,262900000.0,CY2025Q2I
1593899,AVIR,262600000.0,CY2025Q2I
1277902,MVBF,262300000.0,CY2025Q2I
1826470,WOOF,262000000.0,CY2025Q2I
1662684,KULR,260648095.0,CY2025Q2I
2012318,IPCXU,260252600.0,CY2025Q2I
1530249,FSBW,259816442.0,CY2025Q2I
1953926,ZBIO,259300000.0,CY2025Q2I
1636422,HCAT,259000000.0,CY2025Q4I
1001614,REPX,258700000.0,CY2025Q2I
1700844,EVOH,258401343.0,CY2025Q1I
703604,DSGR,258112845.0,CY2025Q2I
2028707,MRLN,257750000.0,CY2025Q2I
2053799,KCHVU,257427500.0,CY2025Q2I
1816590,CMPS,257100000.0,CY2025Q2I
2034266,CEPV,256300000.0,CY2025Q4I
1644378,RMR,256100000.0,CY2025Q1I
1327688,OOMA,256000000.0,CY2025Q2I
18498,GCO,255000000.0,CY2025Q2I
1526119,VSTM,253804995.0,CY2025Q2I
2050501,BLUWW,253253000.0,CY2025Q2I
2034313,OBAWW,253253000.0,CY2025Q2I
933034,STRT,252730981.0,CY2025Q4I
1041514,LSAK,252144046.0,CY2025Q4I
1626971,CRVS,251900000.0,CY2025Q2I
1613780,DBVTF,250900000.0,CY2025Q2I
101538,UAMY,250314273.0,CY2025Q2I
884144,ASUR,250308366.0,CY2025Q2I
931148,EAF,250300000.0,CY2025Q2I
771266,KOPN,249887595.0,CY2025Q2I
1857154,DNUT,248900000.0,CY2025Q2I
1805526,DFUKF,248448542.0,CY2025Q2I
1169445,TBRG,247987565.0,CY2025Q2I
1436208,LEGH,247297780.0,CY2025Q2I
2025608,SOUL-UN,246984000.0,CY2025Q2I
1168455,PLBC,246700000.0,CY2025Q2I
2025341,POLEW,246628800.0,CY2025Q2I
1569994,WSBF,246200000.0,CY2025Q2I
2048951,TMSWW,246100000.0,CY2025Q2I
2061473,PMTRW,245605500.0,CY2025Q2I
1342423,LMNR,245600000.0,CY2025Q1I
1841387,CADL,245300000.0,CY2025Q2I
1528115,ANNX,244400000.0,CY2025Q2I
1699039,RNGR,244200000.0,CY2025Q2I
1758021,KRT,244136753.0,CY2025Q2I
1529377,ACRE,243860476.0,CY2025Q2I
1597672,RYAM,243729095.0,CY2025Q2I
1988494,FVR,243500000.0,CY2025Q2I
1750284,OLMA,243100000.0,CY2025Q2I
850429,TG,242702935.0,CY2025Q2I
1903508,PPHC,242553173.0,CY2025Q4I
1304492,ATEX,241938984.0,CY2025Q3I
1701758,LOVE,241847507.0,CY2025Q2I
1318484,CTRN,241618980.0,CY2025Q2I
1471824,CORN,241575584.0,CY2025Q2I
2099093,HCICU,241500000.0,CY2026Q1I
2015955,CUBWW,241500000.0,CY2025Q2I
2031561,ALDFW,241270000.0,CY2025Q2I
1653558,PRTHU,241200000.0,CY2025Q2I
1655210,BYND,241200000.0,CY2025Q2I
1448431,OPRX,240860790.0,CY2025Q2I
1897463,GRAF-WT,240580000.0,CY2025Q2I
2039058,JACS-RI,240500000.0,CY2025Q2I
39020,FEIM,240400000.0,CY2025Q3I
1462056,BLZE,240300000.0,CY2025Q2I
1821534,EXOD,240121380.0,CY2025Q2I
2014982,SIMAW,239660000.0,CY2025Q2I
2023676,LPBBU,239660000.0,CY2025Q2I
2015502,LPAAU,239545000.0,CY2025Q2I
1503274,QTRX,239000000.0,CY2025Q2I
1729149,VMD,238786569.0,CY2025Q2I
1894562,PRME,238759057.0,CY2025Q2I
1046050,TSBK,238290000.0,CY2025Q1I
2027708,CEPO,238000000.0,CY2025Q2I
1518715,MCHB,238000000.0,CY2025Q2I
65270,MEI,237700000.0,CY2025Q3I
1776111,MBX,237327692.0,CY2025Q2I
2032528,DRDBU,237130000.0,CY2025Q4I
72573,MOVAA,237000000.0,CY2025Q2I
1867949,REFI,236800000.0,CY2025Q4I
2047497,RAC-WT,236600000.0,CY2025Q1I
2060337,JENA-UN,236440000.0,CY2025Q2I
2072404,GSRFU,236318445.0,CY2025Q2I
2025401,FERAR,235683000.0,CY2025Q2I
1519401,RM,235369156.0,CY2025Q2I
2028516,ATIIW,235290000.0,CY2025Q2I
818033,HRTX,235100000.0,CY2025Q2I
1538716,OPRT,234600000.0,CY2025Q2I
2028614,DMAAR,234600000.0,CY2025Q2I
1737953,REPL,234500000.0,CY2025Q3I
1854964,NLCP,233959142.0,CY2025Q2I
1325670,FRST,233800000.0,CY2025Q2I
1493761,TBCH,233519589.0,CY2025Q2I
1417663,SNWV,233300000.0,CY2025Q2I
2030663,SZZLR,233160000.0,CY2025Q2I
2077010,OTGAW,232300000.0,CY2025Q4I
2083689,AEAQU,232180000.0,CY2025Q4I
1754170,ASLE,232000000.0,CY2025Q2I
1681087,TECX,232000000.0,CY2025Q2I
1341235,ALDX,231896127.0,CY2025Q2I
1333274,MERC,231700000.0,CY2025Q2I
1710482,JMSB,231600000.0,CY2025Q2I
879585,ATNI,231000000.0,CY2025Q2I
1287098,MXCT,230700000.0,CY2025Q2I
1505732,BWFG,230408751.0,CY2025Q2I
1620459,JRVR,230345525.0,CY2025Q2I
2070602,HVMCW,230000000.0,CY2025Q2I
2083728,LPCVU,230000000.0,CY2025Q4I
1020214,CERS,230000000.0,CY2025Q2I
2033991,TVACW,229980031.83,CY2025Q2I
2058359,CRAQU,229310000.0,CY2025Q2I
1400118,SGMT,228400000.0,CY2025Q2I
1792849,HPK,228323105.0,CY2025Q2I
1383058,DBO,228045000.0,CY2025Q2I
1712189,TH,227771256.0,CY2025Q2I
1494904,GBLI,225807147.0,CY2025Q2I
1401257,FET,225500000.0,CY2025Q2I
1423869,PCB,225100000.0,CY2025Q2I
1171155,RLGT,225000000.0,CY2025Q4I
1488917,ELMD,223721000.0,CY2025Q4I
1805521,FFAIW,223500520.0,CY2025Q2I
2013639,FBLA,223200000.0,CY2025Q2I
1027838,TCMD,223030304.0,CY2025Q2I
1005286,LFCR,222965066.0,CY2025Q2I
1852551,NVA-WT,222725375.0,CY2025Q4I
2034334,AACBU,222600000.0,CY2025Q2I
2018064,TTGT,221000000.0,CY2025Q2I
1971387,LIMNW,221000000.0,CY2025Q2I
1356090,PGEN,219400000.0,CY2025Q2I
1390478,SLS,219132515.0,CY2025Q2I
1098151,FDBC,219100000.0,CY2025Q2I
1013272,NWFL,218800000.0,CY2025Q2I
1116463,OSUR,218472693.0,CY2025Q2I
1802156,XPOF,218400000.0,CY2025Q2I
1072627,KWY,217756671.0,CY2025Q2I
842517,ISBA,217706000.0,CY2025Q2I
1871638,BZAIW,217400000.0,CY2025Q2I
724910,NVEC,217000000.0,CY2025Q3I
1907108,LXEO,216500000.0,CY2025Q2I
2015947,SBXD-UN,216413900.0,CY2025Q4I
2061379,LWACW,216056250.0,CY2025Q2I
1562463,INBKZ,215000000.0,CY2025Q2I
1514281,MITT-PC,214436323.0,CY2025Q2I
352825,FSTR,213944609.0,CY2025Q2I
1515156,ARQ,213400000.0,CY2025Q2I
1315399,PKBK,213100000.0,CY2025Q2I
728387,CATX,212873547.0,CY2025Q2I
1850119,IPSC,212506473.0,CY2025Q2I
1281895,RCKTW,212500000.0,CY2025Q2I
1777393,CHPT,212100000.0,CY2025Q2I
1826457,GLUE,212000000.0,CY2025Q2I
2034037,SDHIR,211839885.0,CY2025Q2I
275053,NATR,211304715.0,CY2025Q2I
1807046,OZ,210850551.0,CY2025Q2I
1131312,ZNOGW,210818000.0,CY2025Q2I
1635282,RMNI,210119000.0,CY2025Q2I
3545,ALCO,210043641.0,CY2025Q1I
27093,USAU,209628891.0,CY2025Q3I
1843162,LIEN,207788142.0,CY2025Q2I
2023730,HDRNW,207600000.0,CY2025Q2I
1346830,TVRD,207163961.0,CY2025Q2I
33992,KINS,206834561.0,CY2025Q2I
1479615,SLNCF,206200000.0,CY2025Q2I
1634117,BNED,206000000.0,CY2025Q3I
1074902,LCNB,205966252.0,CY2025Q2I
106532,WEYS,205790000.0,CY2025Q2I
1163609,SDSYA,205489165.0,CY2025Q2I
1213037,CRDF,205395570.0,CY2025Q2I
1692376,VEL,205100000.0,CY2025Q2I
928054,FTK,204700000.0,CY2025Q2I
2043699,NHICW,204671250.0,CY2025Q2I
1670076,ULCC,204000000.0,CY2025Q2I
1509261,RZLT,203924000.0,CY2025Q4I
2057030,AXINR,203818000.0,CY2025Q2I
1732409,BCHG,202103765.0,CY2025Q4I
2059654,BACCU,202055000.0,CY2025Q2I
1823587,SKYH-WT,201200000.0,CY2025Q2I
2029769,OACCW,200629854.0,CY2025Q4I
763563,CHMG,200624366.0,CY2025Q2I
2055879,VNMEU,200600000.0,CY2025Q2I
276720,PCYO,200552430.0,CY2025Q1I
2040491,ASIC,200155433.0,CY2025Q2I
1853145,EVCM,200100000.0,CY2025Q2I
1846416,HVIIR,200050400.0,CY2025Q2I
885639,KSS,200000000.0,CY2025Q2I
768899,TBI,200000000.0,CY2025Q2I
1794783,SLQT,198753672.0,CY2025Q4I
1434868,ESPR,198200000.0,CY2025Q2I
1767057,OBTC,198196607.0,CY2025Q2I
1868726,OLPX,198100000.0,CY2025Q2I
1806201,LPRO,198100000.0,CY2025Q2I
1956955,UMAC,197646688.0,CY2025Q2I
1704711,FNKO,197300000.0,CY2025Q2I
1431567,OVLY,197000000.0,CY2025Q2I
842717,BRBS,196878364.0,CY2025Q2I
1583648,PVLA,196700000.0,CY2025Q2I
1371489,III,196071163.0,CY2025Q2I
814585,MBI,196000000.0,CY2025Q2I
1555279,MASS,194900000.0,CY2025Q2I
70487,NRC,194764382.0,CY2025Q2I
1514991,AMCX,194000000.0,CY2025Q2I
37472,FLXS,193381286.0,CY2025Q4I
1043337,SRI,192600000.0,CY2025Q2I
1675644,FVCB,192138668.0,CY2025Q2I
100378,TWIN,191865823.0,CY2025Q4I
2019804,IMSRW,191475000.0,CY2025Q2I
1650664,EDIT,191377146.0,CY2025Q2I
1689375,TRDA,191200000.0,CY2025Q2I
1878897,DOUG,191100000.0,CY2025Q2I
1786117,PINE-PA,190306859.0,CY2025Q2I
1527762,CD,190259746.0,CY2025Q2I
1294133,INGN,190100000.0,CY2025Q2I
1530766,STEX,190000000.0,CY2025Q2I
910638,DDD,189570915.0,CY2025Q2I
1463972,VUZI,189368000.0,CY2025Q2I
1282631,NLST,189200000.0,CY2025Q2I
1157647,WNEB,189164244.0,CY2025Q2I
929351,STRZ,189000000.0,CY2025Q2I
1383057,DBP,187850000.0,CY2025Q2I
913341,CFFI,186049961.0,CY2025Q2I
1009829,JAKK,185317889.0,CY2025Q2I
1828791,DSP,185100000.0,CY2025Q2I
1114925,LTRX,184661000.0,CY2025Q4I
1737287,ALLO,184000000.0,CY2025Q2I
1772921,ONEW,183705342.0,CY2025Q1I
1847367,ALMS,183200000.0,CY2025Q2I
1759631,HYLN,183000000.0,CY2025Q2I
832428,SSP,183000000.0,CY2025Q2I
2028935,FACTU,182559603.0,CY2025Q2I
1641601,RVRF,182000000.0,CY2025Q2I
1084991,NGS,181900000.0,CY2025Q2I
1066194,EGAN,181700000.0,CY2025Q4I
2064307,LOGC,181000000.0,CY2025Q2I
1615063,INSE,181000000.0,CY2025Q2I
1552800,TTSH,180796318.0,CY2025Q2I
2052162,DAAQU,180780000.0,CY2025Q2I
891532,PESI,180282376.0,CY2025Q2I
2028027,NTWOU,180217774.0,CY2025Q2I
1509470,NSLRL,179919391.0,CY2025Q4I
1776909,CURI,179700000.0,CY2025Q2I
763907,FUNC,179240809.0,CY2025Q2I
932781,FCCO,178810210.0,CY2025Q2I
2065948,SOCAU,177885000.0,CY2025Q2I
1171326,EUBG,177755981.06,CY2025Q2I
1926599,TDACW,177675000.0,CY2025Q2I
2030482,PLMKU,177330000.0,CY2025Q2I
1602658,ISTR,177300000.0,CY2025Q2I
1253689,CBIO,177200000.0,CY2025Q2I
1318008,ZUMZ,177088388.0,CY2025Q2I
1874315,SATLW,176744176.0,CY2025Q2I
1327607,MYFW,176400000.0,CY2025Q2I
2054272,ONCHW,175950000.0,CY2025Q4I
1746129,BSVN,175326764.0,CY2025Q2I
2045473,COPL-UN,175096125.0,CY2025Q2I
2052161,RAAQW,175087500.0,CY2025Q2I
914122,PPIH,174846721.0,CY2025Q2I
2007919,INBX,174600000.0,CY2025Q2I
1572334,VABK,174400000.0,CY2025Q2I
1000209,MBNKO,174163971.14,CY2025Q4I
1308208,ULH,173800000.0,CY2025Q2I
2076739,SCIIR,173707500.0,CY2025Q4I
2052243,TWLVR,173577750.0,CY2025Q4I
796534,NKSH,173155227.0,CY2025Q2I
1901637,USCB,173000000.0,CY2025Q2I
1476840,EXFY,173000000.0,CY2025Q2I
1612630,JYNT,172500000.0,CY2025Q2I
2070887,CRACU,172500000.0,CY2025Q2I
2064658,MCGAW,172500000.0,CY2025Q2I
1285819,OMER,172381173.0,CY2025Q2I
1822462,FHTX,172300000.0,CY2025Q2I
1481792,QUAD,172279494.0,CY2025Q2I
1069533,RGCO,171906919.0,CY2025Q1I
2076427,LATAW,171810000.0,CY2025Q4I
1982518,SDHC,171500000.0,CY2025Q2I
1436126,MG,171400000.0,CY2025Q2I
1278752,MFICL,170000000.0,CY2025Q2I
1062822,LXRX,170000000.0,CY2025Q2I
2099656,HLXC,169270500.0,CY2025Q2I
1835856,BETRW,169000000.0,CY2025Q2I
24090,CIA,168532386.0,CY2025Q2I
1030192,IDR,168504500.0,CY2025Q2I
706698,UTMD,168203211.0,CY2025Q2I
2016221,MACIU,168160000.0,CY2025Q2I
791908,XOMAP,167829001.0,CY2025Q2I
33533,ESP,167477906.0,CY2025Q4I
1109116,EVC,167134380.0,CY2025Q2I
1824403,RSVRW,167090553.0,CY2025Q3I
1650648,FDMT,166461070.0,CY2025Q2I
1058811,IMMR,166012564.0,CY2025Q3I
320121,TLS,165200000.0,CY2025Q2I
727273,CDZIP,165039069.0,CY2025Q2I
1848416,VRNOD,164049793.0,CY2025Q2I
1913971,BPRN,164000000.0,CY2025Q2I
1854139,ZVIA,163200000.0,CY2025Q2I
14846,BRT,162900000.0,CY2025Q2I
1774857,AARD,162900000.0,CY2025Q2I
1856365,FINW,162900000.0,CY2025Q2I
1690842,PLTM,162846000.0,CY2026Q2I
1288403,WTI,162137940.0,CY2025Q2I
1759824,ALTG-PA,162100000.0,CY2025Q2I
876343,LCTX,161500000.0,CY2025Q2I
1581091,RMAX,160900000.0,CY2025Q2I
862861,AIFC,160600000.0,CY2025Q2I
1701108,SPRO,160300000.0,CY2025Q2I
65312,EVI,159823590.0,CY2025Q4I
895456,RCKY,159623943.0,CY2025Q2I
1552198,WHFCL,158900000.0,CY2025Q2I
1574085,BHR-PD,158593273.0,CY2025Q2I
1818093,SKIN,158400000.0,CY2025Q2I
1722010,OPBK,157990000.0,CY2025Q2I
50471,TRAK,157967000.0,CY2025Q4I
1419041,FBRX,157000000.0,CY2025Q2I
799850,CRMT,156686760.0,CY2025Q3I
96536,TAYD,156684000.0,CY2025Q4I
1132651,ATLO,156208589.0,CY2025Q2I
1043000,SNDA,155900000.0,CY2025Q2I
2007587,AII,155900000.0,CY2025Q2I
2186,BKTI,155879977.0,CY2025Q2I
34067,BOOM,155821973.0,CY2025Q2I
1384195,REI,155602776.0,CY2025Q2I
1645469,MNPR,155527932.0,CY2025Q2I
1625641,LAW,155500000.0,CY2025Q2I
1259429,OXSQH,155451737.0,CY2025Q2I
1031316,FSP,155302675.0,CY2025Q2I
1325964,LWLG,155272461.0,CY2025Q2I
1997859,WBTN,154600000.0,CY2025Q2I
1980845,ENGNW,154176366.0,CY2025Q1I
1861795,DH,153800000.0,CY2025Q2I
1274737,XGN,153600000.0,CY2025Q2I
1531177,SGHT,153600000.0,CY2025Q2I
1821806,LESL,153300000.0,CY2025Q1I
1356115,NXDT-PA,153295464.0,CY2025Q2I
1850391,BTCW,152964909.0,CY2025Q2I
1452477,SEVN,152800000.0,CY2025Q2I
1001233,SGMOQ,152669558.0,CY2025Q2I
880641,EFSI,152467636.0,CY2025Q2I
1628808,PROF,152237865.0,CY2025Q2I
2059033,FIGXU,150875975.0,CY2025Q2I
719402,FXNC,150573153.0,CY2025Q2I
1084765,RGP,150475165.0,CY2025Q4I
1289340,STXS,150300000.0,CY2025Q2I
2052547,EGHAU,150150010.0,CY2025Q2I
1420520,ATOM,150140617.0,CY2025Q2I
799288,LE,150100000.0,CY2025Q2I
